"","team","pass_cmp","pass_att","pass_yds","pass_td","pass_int","pass_sacked","pass_sacked_yds","pass_long","pass_rating","rush_att","rush_yds","rush_td","rush_long","targets","rec","rec_yds","rec_td","rec_long","fumbles_lost","rush_scrambles","designed_rush_att","comb_pass_rush_play","comb_pass_play","comb_rush_play","Team_abbrev","Opponent_abbrev","two_point_conv","total_ret_td","offensive_fumble_recovery_td","pass_yds_bonus","rush_yds_bonus","rec_yds_bonus","pass_target_yds","pass_poor_throws","pass_blitzed","pass_hurried","rush_yds_before_contact","rush_yac","rush_broken_tackles","rec_air_yds","rec_yac","rec_drops","vis_team","home_team","vis_score","home_score","OT","Roof","Surface","Temperature","Humidity","Wind_Speed","Vegas_Line","Vegas_Favorite","Over_Under","game_date","NA","NA","NA","NA","NA","NA","NA","NA","NA","NA","is_blownout","score_diff"
"1","GNB",18,30,203,1,0,5,37,47,91,22,47,0,24,27,18,203,1,149,0,1,21,57,36,21,"GNB","CHI",0,0,0,0,0,0,300,5,8,6,27,20,1,253,87,0,"GNB","CHI",10,3,"False","outdoors","grass",65,69,10,-3,"CHI",47,"2019-09-05",FALSE,7,FALSE,7,FALSE,7,FALSE,7,FALSE,7,FALSE,7
"2","CHI",26,45,228,0,1,5,20,27,62,15,46,0,19,44,26,228,0,94,0,2,13,65,52,13,"CHI","GNB",0,0,0,0,0,1,378,8,17,7,33,13,0,366,98,2,"GNB","CHI",10,3,"False","outdoors","grass",65,69,10,-3,"CHI",47,"2019-09-05",FALSE,-7,FALSE,-7,FALSE,-7,FALSE,-7,FALSE,-7,FALSE,-7
"3","LAR",23,39,186,1,1,1,3,24,69,32,166,2,65,38,23,186,1,73,0,1,31,72,41,31,"LAR","CAR",0,0,0,0,0,0,273,8,7,2,40,126,8,273,96,3,"LAR","CAR",30,27,"False","outdoors","grass",87,53,3,-1,"LAR",49,"2019-09-08",FALSE,3,FALSE,3,FALSE,3,FALSE,3,FALSE,3,FALSE,3
"4","CAR",25,38,239,0,1,3,23,17,72,23,127,3,27,37,25,239,0,76,2,1,22,64,42,22,"CAR","LAR",0,0,0,0,1,0,238,9,9,6,59,68,4,238,114,1,"LAR","CAR",30,27,"False","outdoors","grass",87,53,3,-1,"LAR",49,"2019-09-08",FALSE,-3,FALSE,-3,FALSE,-3,FALSE,-3,FALSE,-3,FALSE,-3
"5","TEN",14,24,248,3,0,4,32,75,133,28,123,1,46,24,14,248,3,161,0,2,26,56,30,26,"TEN","CLE",0,0,0,0,0,1,145,6,13,3,64,59,2,144,173,2,"TEN","CLE",43,13,"False","outdoors","grass",71,55,10,-5,"CLE",44,"2019-09-08",FALSE,30,FALSE,30,FALSE,30,FALSE,30,FALSE,30,FALSE,30
"6","CLE",25,38,285,1,3,5,41,35,64,20,102,1,42,38,25,285,1,154,0,0,20,63,43,20,"CLE","TEN",0,0,0,0,0,0,337,5,9,4,48,54,1,336,100,4,"TEN","CLE",43,13,"False","outdoors","grass",71,55,10,-5,"CLE",44,"2019-09-08",TRUE,-30,TRUE,-30,TRUE,-30,TRUE,-30,TRUE,-30,TRUE,-30
"7","DET",27,45,385,3,0,3,24,47,110,32,116,0,40,41,27,385,3,156,1,2,30,80,50,30,"DET","ARI",0,0,0,1,0,2,518,10,18,3,40,76,1,473,157,1,"DET","ARI",27,27,"True","retractable roof (closed)","grass",72,45,0,-2,"DET",45,"2019-09-08",FALSE,0,FALSE,0,FALSE,0,FALSE,0,FALSE,0,FALSE,0
"8","ARI",29,54,308,2,1,5,33,45,75,23,112,0,44,52,29,308,2,136,0,0,23,82,59,23,"ARI","DET",2,0,0,1,0,1,567,11,5,7,58,54,2,540,64,1,"DET","ARI",27,27,"True","retractable roof (closed)","grass",72,45,0,-2,"DET",45,"2019-09-08",FALSE,0,FALSE,0,FALSE,0,FALSE,0,FALSE,0,FALSE,0
"9","NYG",33,48,323,1,0,1,4,49,177,17,151,1,87,44,33,323,1,123,2,2,15,66,51,15,"NYG","DAL",0,0,0,1,1,1,314,10,11,4,105,46,4,272,161,0,"NYG","DAL",17,35,"False","retractable roof (closed)","fieldturf",72,45,0,-7,"DAL",44,"2019-09-08",TRUE,-18,TRUE,-18,TRUE,-18,TRUE,-18,TRUE,-18,TRUE,-18
"10","DAL",25,32,405,4,0,0,0,62,158,30,89,1,24,32,25,405,4,184,0,0,30,62,32,30,"DAL","NYG",0,0,0,1,0,2,301,2,13,1,34,55,2,300,173,3,"NYG","DAL",17,35,"False","retractable roof (closed)","fieldturf",72,45,0,-7,"DAL",44,"2019-09-08",FALSE,18,FALSE,18,FALSE,18,FALSE,18,FALSE,18,FALSE,18
"11","KAN",25,34,378,3,0,0,0,68,182,26,113,1,43,34,25,378,3,173,0,0,26,60,34,26,"KAN","JAX",0,0,0,1,0,1,180,6,6,1,55,58,2,179,262,2,"KAN","JAX",40,26,"False","outdoors","grass",91,54,6,-3,"KAN",49,"2019-09-08",FALSE,14,FALSE,14,FALSE,14,FALSE,14,FALSE,14,FALSE,14
"12","JAX",27,33,350,3,1,1,3,104,255,16,81,0,29,33,27,350,3,131,1,1,15,50,35,15,"JAX","KAN",0,0,0,0,0,1,219,3,6,2,31,50,1,219,145,1,"KAN","JAX",40,26,"False","outdoors","grass",91,54,6,-3,"KAN",49,"2019-09-08",TRUE,-14,TRUE,-14,TRUE,-14,TRUE,-14,TRUE,-14,TRUE,-14
"13","MIA",15,32,190,1,2,3,11,54,68,12,21,0,25,32,15,190,1,140,1,1,11,47,36,11,"MIA","BAL",0,0,0,0,0,0,419,10,15,6,12,9,0,419,51,1,"BAL","MIA",59,10,"False","outdoors","grass",91,56,8,-7,"BAL",41,"2019-09-08",TRUE,-49,TRUE,-49,TRUE,-49,TRUE,-49,TRUE,-49,TRUE,-49
"14","BAL",23,26,379,6,0,1,1,95,302,46,265,2,141,25,23,379,6,206,0,0,46,73,27,46,"BAL","MIA",0,0,0,1,1,2,262,1,13,3,157,108,4,261,161,1,"BAL","MIA",59,10,"False","outdoors","grass",91,56,8,-7,"BAL",41,"2019-09-08",FALSE,49,FALSE,49,FALSE,49,FALSE,49,FALSE,49,FALSE,49
"15","MIN",8,10,98,1,0,1,1,31,140,38,172,3,54,9,8,98,1,71,0,0,38,49,11,38,"MIN","ATL",0,0,0,0,1,0,51,1,8,2,75,97,3,59,42,0,"ATL","MIN",12,28,"False","dome","sportturf",72,45,0,-3,"MIN",47,"2019-09-08",FALSE,16,FALSE,16,FALSE,16,FALSE,16,FALSE,16,FALSE,16
"16","ATL",33,46,304,2,2,4,32,23,85,17,73,0,32,45,33,304,2,121,1,2,15,67,52,15,"ATL","MIN",0,0,0,1,0,0,360,6,10,7,48,25,2,345,118,0,"ATL","MIN",12,28,"False","dome","sportturf",72,45,0,-3,"MIN",47,"2019-09-08",TRUE,-16,TRUE,-16,TRUE,-16,TRUE,-16,TRUE,-16,TRUE,-16
"17","NWE",25,37,373,3,0,1,7,90,243,29,99,0,40,37,25,373,3,200,0,0,29,67,38,29,"NWE","PIT",0,0,0,1,0,0,280,10,9,9,73,26,0,280,174,1,"PIT","NWE",3,33,"False","outdoors","grass",66,62,2,-5,"NWE",49,"2019-09-08",FALSE,30,FALSE,30,FALSE,30,FALSE,30,FALSE,30,FALSE,30
"18","PIT",27,47,276,0,1,1,0,45,65,13,32,0,14,47,27,276,0,137,0,1,12,61,49,12,"PIT","NWE",0,0,0,0,0,0,465,8,13,13,23,9,0,465,140,6,"PIT","NWE",3,33,"False","outdoors","grass",66,62,2,-5,"NWE",49,"2019-09-08",TRUE,-30,TRUE,-30,TRUE,-30,TRUE,-30,TRUE,-30,TRUE,-30
"19","BUF",24,37,254,1,2,1,12,38,71,25,128,1,40,35,24,254,1,115,2,6,19,63,44,19,"BUF","NYJ",0,0,0,0,0,1,324,3,15,4,89,39,1,286,103,4,"BUF","NYJ",17,16,"False","outdoors","fieldturf ",77,46,6,-2,"NYJ",41,"2019-09-08",FALSE,1,FALSE,1,FALSE,1,FALSE,1,FALSE,1,FALSE,1
"20","NYJ",28,41,175,1,0,4,20,19,84,21,68,0,18,41,28,175,1,73,1,0,21,66,45,21,"NYJ","BUF",2,0,0,0,0,0,223,5,15,3,13,55,9,223,104,1,"BUF","NYJ",17,16,"False","outdoors","fieldturf ",77,46,6,-2,"NYJ",41,"2019-09-08",FALSE,-1,FALSE,-1,FALSE,-1,FALSE,-1,FALSE,-1,FALSE,-1
"21","WAS",30,44,380,3,0,1,10,69,117,13,28,0,12,43,30,380,3,203,0,0,13,58,45,13,"WAS","PHI",0,0,0,1,0,1,324,5,8,8,9,19,0,323,186,2,"WAS","PHI",27,32,"False","outdoors","grass",79,49,4,-10,"PHI",44,"2019-09-08",FALSE,-5,FALSE,-5,FALSE,-5,FALSE,-5,FALSE,-5,FALSE,-5
"22","PHI",28,39,313,3,0,1,0,53,121,31,123,1,57,39,28,313,3,126,0,0,31,71,40,31,"PHI","WAS",1,0,0,1,0,1,343,6,12,2,56,67,0,343,94,2,"WAS","PHI",27,32,"False","outdoors","grass",79,49,4,-10,"PHI",44,"2019-09-08",FALSE,5,FALSE,5,FALSE,5,FALSE,5,FALSE,5,FALSE,5
"23","IND",21,27,190,2,0,2,17,25,120,33,203,1,82,27,21,190,2,100,0,1,32,62,30,32,"IND","LAC",1,0,0,0,1,0,158,1,2,0,124,79,0,157,98,3,"IND","LAC",24,30,"True","outdoors","grass",77,52,10,-6,"LAC",44,"2019-09-08",FALSE,-6,FALSE,-6,FALSE,-6,FALSE,-6,FALSE,-6,FALSE,-6
"24","LAC",25,34,333,3,1,4,23,55,121,21,125,1,51,34,25,333,3,145,0,1,20,59,39,20,"LAC","IND",0,0,0,1,0,1,234,5,12,4,68,57,1,233,177,1,"IND","LAC",24,30,"True","outdoors","grass",77,52,10,-6,"LAC",44,"2019-09-08",FALSE,6,FALSE,6,FALSE,6,FALSE,6,FALSE,6,FALSE,6
"25","CIN",35,51,418,2,0,5,23,55,106,14,34,0,20,49,35,418,2,187,3,0,14,70,56,14,"CIN","SEA",0,0,0,1,0,1,381,5,16,6,16,18,1,355,186,3,"CIN","SEA",20,21,"False","outdoors","fieldturf",64,82,7,-9,"SEA",44,"2019-09-08",FALSE,-1,FALSE,-1,FALSE,-1,FALSE,-1,FALSE,-1,FALSE,-1
"26","SEA",14,20,195,2,0,4,35,44,134,25,72,1,31,19,14,195,2,119,1,0,25,49,24,25,"SEA","CIN",0,0,0,0,0,0,197,3,6,2,50,22,2,180,96,2,"CIN","SEA",20,21,"False","outdoors","fieldturf",64,82,7,-9,"SEA",44,"2019-09-08",FALSE,1,FALSE,1,FALSE,1,FALSE,1,FALSE,1,FALSE,1
"27","SFO",18,27,166,1,1,1,8,39,80,32,98,0,42,27,18,166,1,126,1,0,32,60,28,32,"SFO","TAM",2,0,0,0,0,0,156,7,12,3,57,41,2,156,107,0,"SFO","TAM",31,17,"False","outdoors","grass",93,52,9,-1,"TAM",51,"2019-09-08",FALSE,14,FALSE,14,FALSE,14,FALSE,14,FALSE,14,FALSE,14
"28","TAM",20,36,194,1,3,3,20,28,45,26,121,0,35,34,20,194,1,108,1,3,23,65,42,23,"TAM","SFO",0,0,0,0,0,0,315,3,4,7,101,20,1,296,90,2,"SFO","TAM",31,17,"False","outdoors","grass",93,52,9,-1,"TAM",51,"2019-09-08",TRUE,-14,TRUE,-14,TRUE,-14,TRUE,-14,TRUE,-14,TRUE,-14
"29","HOU",20,30,268,3,1,6,34,54,114,23,180,1,73,29,20,268,3,160,0,2,21,59,38,21,"HOU","NOR",0,0,0,0,0,1,325,5,14,5,132,48,2,310,90,3,"HOU","NOR",28,30,"False","dome","astroturf",72,45,0,-6,"NOR",52,"2019-09-09",FALSE,-2,FALSE,-2,FALSE,-2,FALSE,-2,FALSE,-2,FALSE,-2
"30","NOR",32,43,370,2,1,1,8,41,105,21,148,1,64,39,32,370,2,161,0,0,21,65,44,21,"NOR","HOU",0,0,0,1,0,2,295,5,8,5,118,30,5,290,134,2,"HOU","NOR",28,30,"False","dome","astroturf",72,45,0,-6,"NOR",52,"2019-09-09",FALSE,2,FALSE,2,FALSE,2,FALSE,2,FALSE,2,FALSE,2
"31","DEN",21,31,268,1,0,3,19,53,105,23,95,0,31,30,21,268,1,125,0,0,23,57,34,23,"DEN","LVR",0,0,0,0,0,1,243,4,3,1,31,64,4,245,104,1,"DEN","LVR",16,24,"False","outdoors","grass",68,66,15,-3,"DEN",42,"2019-09-09",FALSE,-8,FALSE,-8,FALSE,-8,FALSE,-8,FALSE,-8,FALSE,-8
"32","LVR",22,26,259,1,0,0,0,43,121,28,98,2,26,26,22,259,1,133,0,1,27,54,27,27,"LVR","DEN",0,0,0,0,0,1,214,1,5,1,58,40,2,214,108,0,"DEN","LVR",16,24,"False","outdoors","grass",68,66,15,-3,"DEN",42,"2019-09-09",FALSE,8,FALSE,8,FALSE,8,FALSE,8,FALSE,8,FALSE,8
"33","CAR",25,51,333,0,0,3,20,44,70,19,39,0,12,49,25,333,0,134,1,0,19,73,54,19,"CAR","TAM",0,0,0,1,0,1,555,17,34,6,9,30,4,550,90,2,"TAM","CAR",20,14,"False","outdoors","grass",85,55,3,-6,"CAR",48,"2019-09-12",FALSE,-6,FALSE,-6,FALSE,-6,FALSE,-6,FALSE,-6,FALSE,-6
"34","TAM",16,25,208,1,0,3,19,41,103,31,100,1,37,25,16,208,1,86,0,1,30,59,29,30,"TAM","CAR",0,0,0,0,0,1,305,8,9,4,34,66,5,304,72,0,"TAM","CAR",20,14,"False","outdoors","grass",85,55,3,-6,"CAR",48,"2019-09-12",FALSE,6,FALSE,6,FALSE,6,FALSE,6,FALSE,6,FALSE,6
"35","PHI",28,48,255,1,2,3,18,56,133,21,49,1,12,47,28,255,1,98,0,0,21,72,51,21,"PHI","ATL",2,0,0,0,0,1,432,9,5,8,30,19,1,440,80,4,"PHI","ATL",20,24,"False","retractable roof (open)","fieldturf",72,45,0,-1,"PHI",53,"2019-09-15",FALSE,-4,FALSE,-4,FALSE,-4,FALSE,-4,FALSE,-4,FALSE,-4
"36","ATL",27,43,320,3,3,1,10,54,79,17,57,0,41,43,27,320,3,149,0,1,16,61,45,16,"ATL","PHI",0,0,0,1,0,2,399,5,13,5,47,10,0,399,164,2,"PHI","ATL",20,24,"False","retractable roof (open)","fieldturf",72,45,0,-1,"PHI",53,"2019-09-15",FALSE,4,FALSE,4,FALSE,4,FALSE,4,FALSE,4,FALSE,4
"37","SFO",18,26,312,3,1,0,0,55,249,42,259,2,88,26,18,312,3,179,0,2,40,68,28,40,"SFO","CIN",0,0,0,0,1,0,187,6,7,0,137,122,1,187,220,1,"SFO","CIN",41,17,"False","outdoors","grass",81,45,5,-1,"CIN",46,"2019-09-15",FALSE,24,FALSE,24,FALSE,24,FALSE,24,FALSE,24,FALSE,24
"38","CIN",26,42,311,2,1,4,20,66,90,19,25,0,16,42,26,311,2,182,0,0,19,65,46,19,"CIN","SFO",0,0,0,1,0,2,315,7,4,5,14,11,0,315,190,2,"SFO","CIN",41,17,"False","outdoors","grass",81,45,5,-1,"CIN",46,"2019-09-15",TRUE,-24,TRUE,-24,TRUE,-24,TRUE,-24,TRUE,-24,TRUE,-24
"39","CHI",16,27,120,0,0,0,0,25,70,29,153,1,91,27,16,120,0,92,0,0,29,56,27,29,"CHI","DEN",0,0,0,0,0,0,212,4,11,10,125,28,2,212,71,2,"CHI","DEN",16,14,"False","outdoors","grass",87,14,3,-3,"CHI",41,"2019-09-15",FALSE,2,FALSE,2,FALSE,2,FALSE,2,FALSE,2,FALSE,2
"40","DEN",35,50,292,1,1,2,10,24,83,24,90,0,23,50,35,292,1,123,0,0,24,76,52,24,"DEN","CHI",2,0,0,0,0,0,251,9,11,20,66,24,3,250,132,1,"CHI","DEN",16,14,"False","outdoors","grass",87,14,3,-3,"CHI",41,"2019-09-15",FALSE,-2,FALSE,-2,FALSE,-2,FALSE,-2,FALSE,-2,FALSE,-2
"41","DET",22,30,245,2,2,0,0,36,91,28,94,0,45,30,22,245,2,118,0,2,26,58,32,26,"DET","LAC",0,0,0,0,0,1,310,5,7,2,33,61,2,310,80,1,"LAC","DET",10,13,"False","dome","fieldturf",72,45,0,-1,"LAC",47,"2019-09-15",FALSE,3,FALSE,3,FALSE,3,FALSE,3,FALSE,3,FALSE,3
"42","LAC",21,36,293,0,1,1,6,47,73,25,137,1,64,35,21,293,0,150,1,1,24,62,38,24,"LAC","DET",0,0,0,0,0,0,378,4,5,4,36,101,2,371,94,4,"LAC","DET",10,13,"False","dome","fieldturf",72,45,0,-1,"LAC",47,"2019-09-15",FALSE,-3,FALSE,-3,FALSE,-3,FALSE,-3,FALSE,-3,FALSE,-3
"43","MIN",14,32,230,1,2,1,7,61,52,27,198,1,102,27,14,230,1,153,2,2,25,60,35,25,"MIN","GNB",0,0,0,0,1,0,335,6,7,8,85,113,4,295,115,1,"MIN","GNB",16,21,"False","outdoors","grass",72,75,5,-3,"GNB",43,"2019-09-15",FALSE,-5,FALSE,-5,FALSE,-5,FALSE,-5,FALSE,-5,FALSE,-5
"44","GNB",22,34,209,2,0,2,18,39,101,33,144,1,25,31,22,209,2,107,2,0,33,69,36,33,"GNB","MIN",0,0,0,0,1,1,259,5,12,4,115,29,1,230,106,0,"MIN","GNB",16,21,"False","outdoors","grass",72,75,5,-3,"GNB",43,"2019-09-15",FALSE,5,FALSE,5,FALSE,5,FALSE,5,FALSE,5,FALSE,5
"45","JAX",23,33,213,1,0,4,35,31,97,21,103,0,35,33,23,213,1,87,1,6,15,58,43,15,"JAX","HOU",0,0,0,0,0,0,212,5,20,7,63,40,2,212,111,1,"JAX","HOU",12,13,"False","retractable roof (closed)","grass",72,45,0,-7,"HOU",43,"2019-09-15",FALSE,-1,FALSE,-1,FALSE,-1,FALSE,-1,FALSE,-1,FALSE,-1
"46","HOU",16,29,159,0,0,4,22,31,70,30,126,1,37,29,16,159,0,104,0,1,29,63,34,29,"HOU","JAX",0,0,0,0,0,0,371,7,16,4,38,88,4,372,35,1,"JAX","HOU",12,13,"False","retractable roof (closed)","grass",72,45,0,-7,"HOU",43,"2019-09-15",FALSE,1,FALSE,1,FALSE,1,FALSE,1,FALSE,1,FALSE,1
"47","MIA",18,39,186,0,4,7,44,41,57,15,42,0,20,39,18,186,0,115,0,1,14,61,47,14,"MIA","NWE",0,0,0,0,0,0,478,7,13,2,35,7,1,478,61,5,"NWE","MIA",43,0,"False","outdoors","grass",87,67,4,-18,"NWE",48,"2019-09-15",TRUE,-43,TRUE,-43,TRUE,-43,TRUE,-43,TRUE,-43,TRUE,-43
"48","NWE",20,28,264,2,0,2,9,32,124,35,124,2,38,28,20,264,2,135,1,0,35,65,30,35,"NWE","MIA",0,0,0,0,0,0,264,5,8,0,95,29,1,264,91,0,"NWE","MIA",43,0,"False","outdoors","grass",87,67,4,-18,"NWE",48,"2019-09-15",FALSE,43,FALSE,43,FALSE,43,FALSE,43,FALSE,43,FALSE,43
"49","BUF",19,30,253,1,0,3,16,51,101,34,151,3,43,28,19,253,1,146,0,3,31,67,36,31,"BUF","NYG",0,0,0,0,0,0,269,3,14,4,77,74,2,273,89,3,"BUF","NYG",28,14,"False","outdoors","fieldturf ",79,48,5,-1,"BUF",44,"2019-09-15",FALSE,14,FALSE,14,FALSE,14,FALSE,14,FALSE,14,FALSE,14
"50","NYG",26,45,250,1,2,1,9,33,62,20,129,1,49,44,26,250,1,139,0,0,20,66,46,20,"NYG","BUF",0,0,0,0,1,0,359,8,15,5,73,56,0,358,89,2,"BUF","NYG",28,14,"False","outdoors","fieldturf ",79,48,5,-1,"BUF",44,"2019-09-15",TRUE,-14,TRUE,-14,TRUE,-14,TRUE,-14,TRUE,-14,TRUE,-14
"51","IND",17,28,146,3,1,3,25,19,95,34,167,0,77,26,17,146,3,90,1,4,30,65,35,30,"IND","TEN",0,0,0,0,0,0,140,3,6,4,41,126,1,125,104,0,"IND","TEN",19,17,"False","outdoors","grass",93,45,1,-3,"TEN",43,"2019-09-15",FALSE,2,FALSE,2,FALSE,2,FALSE,2,FALSE,2,FALSE,2
"52","TEN",19,28,154,1,0,4,35,25,93,24,124,1,38,26,19,154,1,92,0,3,21,56,35,21,"TEN","IND",0,0,0,0,0,0,136,4,4,1,31,93,1,134,71,2,"IND","TEN",19,17,"False","outdoors","grass",93,45,1,-3,"TEN",43,"2019-09-15",FALSE,-2,FALSE,-2,FALSE,-2,FALSE,-2,FALSE,-2,FALSE,-2
"53","SEA",29,35,300,3,0,4,26,30,131,33,151,1,78,35,29,300,3,129,2,2,31,72,41,31,"SEA","PIT",0,0,0,1,0,0,256,3,25,2,49,102,0,256,146,0,"SEA","PIT",28,26,"False","outdoors","grass",81,51,3,-4,"PIT",47,"2019-09-15",FALSE,2,FALSE,2,FALSE,2,FALSE,2,FALSE,2,FALSE,2
"54","PIT",20,34,187,2,1,1,7,60,159,16,81,1,51,34,20,187,2,104,0,1,15,51,36,15,"PIT","SEA",0,0,0,0,0,0,261,10,10,2,15,66,1,260,96,2,"SEA","PIT",28,26,"False","outdoors","grass",81,51,3,-4,"PIT",47,"2019-09-15",FALSE,-2,FALSE,-2,FALSE,-2,FALSE,-2,FALSE,-2,FALSE,-2
"55","KAN",30,44,443,4,0,2,7,44,131,22,31,0,11,44,30,443,4,177,1,0,22,68,46,22,"KAN","LVR",0,0,0,1,0,2,557,10,7,3,10,21,1,557,138,1,"KAN","LVR",28,10,"False","outdoors","grass",70,61,13,-7,"KAN",53,"2019-09-15",FALSE,18,FALSE,18,FALSE,18,FALSE,18,FALSE,18,FALSE,18
"56","LVR",23,38,198,1,2,3,20,25,61,19,129,0,68,37,23,198,1,97,0,2,17,60,43,17,"LVR","KAN",0,0,0,0,0,0,252,7,10,2,49,80,0,240,119,2,"KAN","LVR",28,10,"False","outdoors","grass",70,61,13,-7,"KAN",53,"2019-09-15",TRUE,-18,TRUE,-18,TRUE,-18,TRUE,-18,TRUE,-18,TRUE,-18
"57","NOR",20,35,203,0,1,2,16,47,116,20,57,0,20,32,20,203,0,98,0,2,18,57,39,18,"NOR","LAR",0,0,0,0,0,0,251,4,3,6,23,34,1,238,106,2,"NOR","LAR",9,27,"False","outdoors","grass",85,44,4,-2,"LAR",52,"2019-09-15",TRUE,-18,TRUE,-18,TRUE,-18,TRUE,-18,TRUE,-18,TRUE,-18
"58","LAR",19,28,283,1,0,3,18,66,112,30,115,2,51,28,19,283,1,190,1,0,30,61,31,30,"LAR","NOR",0,0,0,0,0,1,200,6,5,4,71,44,2,199,146,2,"NOR","LAR",9,27,"False","outdoors","grass",85,44,4,-2,"LAR",52,"2019-09-15",FALSE,18,FALSE,18,FALSE,18,FALSE,18,FALSE,18,FALSE,18
"59","ARI",25,40,349,0,0,3,20,54,90,11,20,1,13,37,25,349,0,178,0,1,10,54,44,10,"ARI","BAL",2,0,0,1,0,2,312,9,21,3,7,13,0,291,162,1,"ARI","BAL",17,23,"False","outdoors","grass",82,60,8,-13,"BAL",46,"2019-09-15",FALSE,-6,FALSE,-6,FALSE,-6,FALSE,-6,FALSE,-6,FALSE,-6
"60","BAL",24,37,272,2,0,2,14,41,104,33,182,0,43,35,24,272,2,133,0,6,27,72,45,27,"BAL","ARI",0,0,0,0,1,1,396,6,14,3,114,68,4,352,83,1,"ARI","BAL",17,23,"False","outdoors","grass",82,60,8,-13,"BAL",46,"2019-09-15",FALSE,6,FALSE,6,FALSE,6,FALSE,6,FALSE,6,FALSE,6
"61","DAL",26,30,269,3,1,1,8,51,123,34,213,1,86,30,26,269,3,146,0,1,33,65,32,33,"DAL","WAS",0,0,0,0,1,0,257,1,5,2,131,82,1,257,95,1,"DAL","WAS",31,21,"False","outdoors","grass",80,46,7,-6,"DAL",46,"2019-09-15",FALSE,10,FALSE,10,FALSE,10,FALSE,10,FALSE,10,FALSE,10
"62","WAS",26,37,221,2,0,1,13,27,103,17,47,1,23,37,26,221,2,105,0,0,17,55,38,17,"WAS","DAL",0,0,0,0,0,0,224,7,4,5,15,32,0,224,102,1,"DAL","WAS",31,21,"False","outdoors","grass",80,46,7,-6,"DAL",46,"2019-09-15",TRUE,-10,TRUE,-10,TRUE,-10,TRUE,-10,TRUE,-10,TRUE,-10
"63","CLE",19,35,325,1,1,3,20,89,83,21,70,1,25,32,19,325,1,187,0,0,21,59,38,21,"CLE","NYJ",0,0,0,1,0,1,344,5,12,7,42,28,5,324,167,2,"CLE","NYJ",23,3,"False","outdoors","fieldturf ",72,69,3,-6,"CLE",45,"2019-09-16",FALSE,20,FALSE,20,FALSE,20,FALSE,20,FALSE,20,FALSE,20
"64","NYJ",23,31,201,0,0,4,32,39,155,24,93,0,23,30,23,201,0,96,1,0,24,59,35,24,"NYJ","CLE",0,0,0,0,0,0,165,5,11,4,62,31,2,152,131,1,"CLE","NYJ",23,3,"False","outdoors","fieldturf ",72,69,3,-6,"CLE",45,"2019-09-16",TRUE,-20,TRUE,-20,TRUE,-20,TRUE,-20,TRUE,-20,TRUE,-20
"65","JAX",20,30,204,2,0,0,0,37,108,20,88,0,83,30,20,204,2,108,0,3,17,50,33,17,"JAX","TEN",0,0,0,0,0,0,213,5,7,3,10,78,2,213,75,2,"TEN","JAX",7,20,"False","outdoors","grass",73,87,9,-1,"TEN",38,"2019-09-19",FALSE,13,FALSE,13,FALSE,13,FALSE,13,FALSE,13,FALSE,13
"66","TEN",23,40,304,0,0,9,55,47,81,26,91,1,28,38,23,304,0,158,0,4,22,75,53,22,"TEN","JAX",0,0,0,1,0,0,431,8,19,8,26,65,2,422,61,2,"TEN","JAX",7,20,"False","outdoors","grass",73,87,9,-1,"TEN",38,"2019-09-19",TRUE,-13,TRUE,-13,TRUE,-13,TRUE,-13,TRUE,-13,TRUE,-13
"67","CIN",20,36,250,1,2,2,10,33,63,19,66,1,19,34,20,250,1,142,2,0,19,57,38,19,"CIN","BUF",0,0,0,0,0,0,285,11,12,4,25,41,1,285,113,1,"CIN","BUF",17,21,"False","outdoors","astroturf",83,53,13,-5,"BUF",43,"2019-09-22",FALSE,-4,FALSE,-4,FALSE,-4,FALSE,-4,FALSE,-4,FALSE,-4
"68","BUF",23,36,243,1,1,1,2,49,81,36,175,1,64,33,23,243,1,146,1,4,32,73,41,32,"BUF","CIN",2,0,0,0,0,0,302,6,16,4,73,102,2,292,122,2,"CIN","BUF",17,21,"False","outdoors","astroturf",83,53,13,-5,"BUF",43,"2019-09-22",FALSE,4,FALSE,4,FALSE,4,FALSE,4,FALSE,4,FALSE,4
"69","LAR",24,38,268,2,2,2,14,23,79,24,90,0,46,38,24,268,2,74,1,1,23,64,41,23,"LAR","CLE",0,0,0,0,0,2,390,7,8,3,44,46,2,391,70,2,"LAR","CLE",20,13,"False","outdoors","grass",83,33,12,-4,"LAR",48,"2019-09-22",FALSE,7,FALSE,7,FALSE,7,FALSE,7,FALSE,7,FALSE,7
"70","CLE",18,36,195,1,1,3,20,30,64,24,95,0,12,34,18,195,1,108,0,0,24,63,39,24,"CLE","LAR",0,0,0,0,0,0,253,8,7,10,51,44,0,243,83,0,"LAR","CLE",20,13,"False","outdoors","grass",83,33,12,-4,"LAR",48,"2019-09-22",FALSE,-7,FALSE,-7,FALSE,-7,FALSE,-7,FALSE,-7,FALSE,-7
"71","IND",28,37,310,2,0,1,10,35,118,24,79,1,34,36,28,310,2,168,0,1,23,62,39,23,"IND","ATL",0,0,0,1,0,0,206,4,13,5,29,50,1,203,167,1,"ATL","IND",24,27,"False","retractable roof (closed)","fieldturf",72,45,0,-1,"IND",48,"2019-09-22",FALSE,3,FALSE,3,FALSE,3,FALSE,3,FALSE,3,FALSE,3
"72","ATL",29,34,304,3,1,0,0,34,121,20,93,0,34,33,29,304,3,98,0,0,20,54,34,20,"ATL","IND",0,0,0,1,0,1,292,2,5,1,54,39,4,287,92,1,"ATL","IND",24,27,"False","retractable roof (closed)","fieldturf",72,45,0,-1,"IND",48,"2019-09-22",FALSE,-3,FALSE,-3,FALSE,-3,FALSE,-3,FALSE,-3,FALSE,-3
"73","CAR",19,26,261,4,0,2,21,52,144,31,173,1,97,25,19,261,4,146,1,1,30,59,29,30,"CAR","ARI",0,0,0,0,1,0,215,3,11,3,87,86,0,214,109,1,"CAR","ARI",38,20,"False","retractable roof (closed)","grass",72,45,0,-2,"ARI",46,"2019-09-22",FALSE,18,FALSE,18,FALSE,18,FALSE,18,FALSE,18,FALSE,18
"74","ARI",30,43,173,2,2,8,46,23,73,22,121,0,43,42,30,173,2,94,0,3,19,73,54,19,"ARI","CAR",0,0,0,0,0,0,242,7,12,6,90,31,1,226,113,3,"CAR","ARI",38,20,"False","retractable roof (closed)","grass",72,45,0,-2,"ARI",46,"2019-09-22",TRUE,-18,TRUE,-18,TRUE,-18,TRUE,-18,TRUE,-18,TRUE,-18
"75","MIA",20,41,229,0,0,3,18,65,180,24,72,0,24,41,20,229,0,134,1,3,21,68,47,21,"MIA","DAL",0,0,0,0,0,0,389,9,10,7,39,33,0,388,90,2,"MIA","DAL",6,31,"False","retractable roof (closed)","fieldturf",72,45,0,-22,"DAL",46,"2019-09-22",TRUE,-25,TRUE,-25,TRUE,-25,TRUE,-25,TRUE,-25,TRUE,-25
"76","DAL",19,32,246,2,1,1,5,37,91,34,235,2,54,30,19,246,2,150,0,1,33,67,34,33,"DAL","MIA",0,0,0,0,2,0,413,6,6,2,147,88,0,366,105,2,"MIA","DAL",6,31,"False","retractable roof (closed)","fieldturf",72,45,0,-22,"DAL",46,"2019-09-22",FALSE,25,FALSE,25,FALSE,25,FALSE,25,FALSE,25,FALSE,25
"77","DEN",20,29,213,0,1,6,52,52,75,38,149,2,25,28,20,213,0,130,2,1,37,73,36,37,"DEN","GNB",0,0,0,0,0,0,132,5,6,1,94,55,4,132,129,1,"DEN","GNB",16,27,"False","outdoors","grass",69,93,7,-7,"GNB",42,"2019-09-22",TRUE,-11,TRUE,-11,TRUE,-11,TRUE,-11,TRUE,-11,TRUE,-11
"78","GNB",17,29,235,1,0,0,0,40,96,23,77,2,18,27,17,235,1,132,0,0,23,52,29,23,"GNB","DEN",0,0,0,0,0,0,258,6,10,6,40,37,1,248,77,2,"DEN","GNB",16,27,"False","outdoors","grass",69,93,7,-7,"GNB",42,"2019-09-22",FALSE,11,FALSE,11,FALSE,11,FALSE,11,FALSE,11,FALSE,11
"79","BAL",22,43,267,0,0,3,18,31,70,32,203,4,46,43,22,267,0,141,0,4,28,78,50,28,"BAL","KAN",0,0,0,0,1,0,483,16,11,3,83,120,0,483,130,0,"BAL","KAN",28,33,"False","outdoors","grass",72,45,0,-4,"KAN",52,"2019-09-22",FALSE,-5,FALSE,-5,FALSE,-5,FALSE,-5,FALSE,-5,FALSE,-5
"80","KAN",27,37,374,3,0,1,11,83,132,25,140,1,92,35,27,374,3,196,0,1,24,63,39,24,"KAN","BAL",0,0,0,1,0,0,326,6,17,0,76,64,0,295,190,1,"BAL","KAN",28,33,"False","outdoors","grass",72,45,0,-4,"KAN",52,"2019-09-22",FALSE,5,FALSE,5,FALSE,5,FALSE,5,FALSE,5,FALSE,5
"81","MIN",15,21,174,1,0,0,0,35,112,38,211,3,81,20,15,174,1,95,0,2,36,59,23,36,"MIN","LVR",0,0,0,0,1,0,100,1,9,1,154,57,3,96,103,2,"LVR","MIN",14,34,"False","dome","sportturf",72,45,0,-8,"MIN",43,"2019-09-22",FALSE,20,FALSE,20,FALSE,20,FALSE,20,FALSE,20,FALSE,20
"82","LVR",27,34,242,2,1,4,28,30,103,20,88,0,44,33,27,242,2,96,0,0,20,58,38,20,"LVR","MIN",0,0,0,0,0,1,211,4,5,2,44,44,3,197,105,2,"LVR","MIN",14,34,"False","dome","sportturf",72,45,0,-8,"MIN",43,"2019-09-22",TRUE,-20,TRUE,-20,TRUE,-20,TRUE,-20,TRUE,-20,TRUE,-20
"83","NYJ",12,22,98,0,1,5,29,23,47,20,36,0,11,22,12,98,0,66,0,0,20,47,27,20,"NYJ","NWE",0,0,0,0,0,0,145,6,7,5,6,30,0,145,62,0,"NYJ","NWE",14,30,"False","outdoors","grass",81,49,10,-20,"NWE",43,"2019-09-22",TRUE,-16,TRUE,-16,TRUE,-16,TRUE,-16,TRUE,-16,TRUE,-16
"84","NWE",30,45,320,2,1,1,7,52,141,27,68,2,24,43,30,320,2,147,0,0,27,73,46,27,"NWE","NYJ",0,0,0,1,0,0,305,9,17,3,39,29,2,310,146,2,"NYJ","NWE",14,30,"False","outdoors","grass",81,49,10,-20,"NWE",43,"2019-09-22",FALSE,16,FALSE,16,FALSE,16,FALSE,16,FALSE,16,FALSE,16
"85","DET",18,32,201,1,0,0,0,27,85,28,86,1,61,32,18,201,1,105,0,1,27,60,33,27,"DET","PHI",0,0,0,0,0,1,294,6,10,4,32,54,6,294,50,2,"DET","PHI",27,24,"False","outdoors","grass",84,53,7,-4,"PHI",45,"2019-09-22",FALSE,3,FALSE,3,FALSE,3,FALSE,3,FALSE,3,FALSE,3
"86","PHI",19,36,259,2,0,3,13,40,94,30,127,1,47,36,19,259,2,113,2,3,27,69,42,27,"PHI","DET",0,0,0,0,0,0,405,5,5,5,38,89,6,405,77,4,"DET","PHI",27,24,"False","outdoors","grass",84,53,7,-4,"PHI",45,"2019-09-22",FALSE,-3,FALSE,-3,FALSE,-3,FALSE,-3,FALSE,-3,FALSE,-3
"87","HOU",25,34,351,3,0,2,14,53,135,19,39,1,26,34,25,351,3,186,1,4,15,55,40,15,"HOU","LAC",0,0,0,1,0,0,265,3,7,5,20,19,5,264,165,2,"HOU","LAC",27,20,"False","outdoors","grass",87,37,4,-3,"LAC",49,"2019-09-22",FALSE,7,FALSE,7,FALSE,7,FALSE,7,FALSE,7,FALSE,7
"88","LAC",31,46,318,2,0,5,25,34,101,18,73,0,31,46,31,318,2,124,1,2,16,69,53,16,"LAC","HOU",0,0,0,1,0,1,471,10,20,2,61,12,4,471,161,1,"HOU","LAC",27,20,"False","outdoors","grass",87,37,4,-3,"LAC",49,"2019-09-22",FALSE,-7,FALSE,-7,FALSE,-7,FALSE,-7,FALSE,-7,FALSE,-7
"89","NOR",19,27,177,2,0,0,0,29,112,23,88,1,34,27,19,177,2,73,0,2,21,50,29,21,"NOR","SEA",0,0,0,0,0,0,95,5,4,3,25,63,5,95,135,1,"NOR","SEA",33,27,"False","outdoors","fieldturf",63,85,8,-5,"SEA",44,"2019-09-22",FALSE,6,FALSE,6,FALSE,6,FALSE,6,FALSE,6,FALSE,6
"90","SEA",32,50,406,2,0,0,0,54,102,26,108,2,42,46,32,406,2,203,1,4,22,76,54,22,"SEA","NOR",0,0,0,1,0,1,552,12,7,11,70,38,1,525,112,0,"NOR","SEA",33,27,"False","outdoors","fieldturf",63,85,8,-5,"SEA",44,"2019-09-22",FALSE,-6,FALSE,-6,FALSE,-6,FALSE,-6,FALSE,-6,FALSE,-6
"91","SFO",23,32,277,1,2,1,9,27,82,40,168,2,36,31,23,277,1,149,3,0,40,73,33,40,"SFO","PIT",0,0,0,0,0,0,266,2,23,2,95,73,1,259,91,4,"PIT","SFO",20,24,"False","outdoors","grass",79,36,3,-6,"SFO",44,"2019-09-22",FALSE,4,FALSE,4,FALSE,4,FALSE,4,FALSE,4,FALSE,4
"92","PIT",14,27,174,2,1,2,14,76,81,22,79,0,36,26,14,174,2,141,1,4,18,51,33,18,"PIT","SFO",0,0,0,0,0,0,156,8,7,6,29,50,2,155,140,2,"PIT","SFO",20,24,"False","outdoors","grass",79,36,3,-6,"SFO",44,"2019-09-22",FALSE,-4,FALSE,-4,FALSE,-4,FALSE,-4,FALSE,-4,FALSE,-4
"93","NYG",23,36,336,2,0,5,24,75,112,19,72,2,42,36,23,336,2,190,2,3,16,60,44,16,"NYG","TAM",2,0,0,1,0,2,353,8,14,13,54,18,0,352,149,2,"NYG","TAM",32,31,"False","outdoors","grass",88,46,11,-5,"TAM",48,"2019-09-22",FALSE,1,FALSE,1,FALSE,1,FALSE,1,FALSE,1,FALSE,1
"94","TAM",23,37,380,3,1,4,25,55,112,32,144,0,48,36,23,380,3,172,0,2,30,73,43,30,"TAM","NYG",0,0,0,1,0,1,482,10,17,8,96,48,2,482,85,0,"NYG","TAM",32,31,"False","outdoors","grass",88,46,11,-5,"TAM",48,"2019-09-22",FALSE,-1,FALSE,-1,FALSE,-1,FALSE,-1,FALSE,-1,FALSE,-1
"95","CHI",25,31,231,3,1,3,23,36,116,24,90,0,44,31,25,231,3,127,0,0,24,58,34,24,"CHI","WAS",0,0,0,0,0,0,162,3,13,3,62,28,4,162,120,3,"CHI","WAS",31,15,"False","outdoors","grass",87,39,5,-5,"CHI",41,"2019-09-23",FALSE,16,FALSE,16,FALSE,16,FALSE,16,FALSE,16,FALSE,16
"96","WAS",30,43,332,2,3,4,45,33,78,21,69,0,23,42,30,332,2,115,2,1,20,68,48,20,"WAS","CHI",0,0,0,1,0,0,251,8,15,7,65,4,0,252,183,2,"CHI","WAS",31,15,"False","outdoors","grass",87,39,5,-5,"CHI",41,"2019-09-23",TRUE,-16,TRUE,-16,TRUE,-16,TRUE,-16,TRUE,-16,TRUE,-16
"97","PHI",16,27,160,3,0,0,0,20,113,33,176,2,59,27,16,160,3,76,0,2,31,60,29,31,"PHI","GNB",0,0,0,0,0,0,184,9,16,3,96,80,2,184,82,0,"PHI","GNB",34,27,"False","outdoors","grass",60,62,3,-3,"GNB",46,"2019-09-26",FALSE,7,FALSE,7,FALSE,7,FALSE,7,FALSE,7,FALSE,7
"98","GNB",34,53,422,2,1,1,8,58,93,20,77,1,31,49,34,422,2,173,1,5,15,74,59,15,"GNB","PHI",0,0,0,1,0,1,374,8,8,7,35,42,2,360,211,0,"PHI","GNB",34,27,"False","outdoors","grass",60,62,3,-3,"GNB",46,"2019-09-26",FALSE,-7,FALSE,-7,FALSE,-7,FALSE,-7,FALSE,-7,FALSE,-7
"99","ATL",35,53,397,0,0,5,33,28,88,17,58,1,31,50,35,397,0,130,1,2,15,75,60,15,"ATL","TEN",0,0,0,1,0,1,468,7,11,8,35,23,1,419,174,3,"TEN","ATL",24,10,"False","retractable roof (closed)","fieldturf",72,45,0,-3,"ATL",46,"2019-09-29",TRUE,-14,TRUE,-14,TRUE,-14,TRUE,-14,TRUE,-14,TRUE,-14
"100","TEN",18,27,227,3,0,0,0,55,129,34,138,0,34,22,18,227,3,121,0,1,33,61,28,33,"TEN","ATL",0,0,0,0,1,0,131,4,8,7,59,79,3,129,125,1,"TEN","ATL",24,10,"False","retractable roof (closed)","fieldturf",72,45,0,-3,"ATL",46,"2019-09-29",FALSE,14,FALSE,14,FALSE,14,FALSE,14,FALSE,14,FALSE,14
"101","NWE",18,39,150,0,1,0,0,31,45,23,74,1,28,34,18,150,0,79,0,0,23,62,39,23,"NWE","BUF",0,0,0,0,0,0,298,8,10,5,45,29,1,287,81,2,"NWE","BUF",16,10,"False","outdoors","astroturf",58,71,10,-7,"NWE",41,"2019-09-29",FALSE,6,FALSE,6,FALSE,6,FALSE,6,FALSE,6,FALSE,6
"102","BUF",22,44,280,0,4,5,40,51,80,22,135,1,56,41,22,280,0,101,0,2,20,71,51,20,"BUF","NWE",0,0,0,0,1,0,513,12,22,5,59,76,2,459,107,1,"NWE","BUF",16,10,"False","outdoors","astroturf",58,71,10,-7,"NWE",41,"2019-09-29",FALSE,-6,FALSE,-6,FALSE,-6,FALSE,-6,FALSE,-6,FALSE,-6
"103","MIN",27,36,233,0,0,6,51,39,91,16,40,1,12,35,27,233,0,111,2,0,16,58,42,16,"MIN","CHI",0,0,0,0,0,1,203,5,7,6,15,25,2,190,110,2,"MIN","CHI",6,16,"False","outdoors","grass",67,89,8,-1,"MIN",38,"2019-09-29",TRUE,-10,TRUE,-10,TRUE,-10,TRUE,-10,TRUE,-10,TRUE,-10
"104","CHI",24,33,204,1,0,1,7,43,171,33,72,0,20,33,24,204,1,117,0,0,33,67,34,33,"CHI","MIN",0,0,0,0,0,0,205,4,7,3,30,42,2,205,45,2,"MIN","CHI",6,16,"False","outdoors","grass",67,89,8,-1,"MIN",38,"2019-09-29",FALSE,10,FALSE,10,FALSE,10,FALSE,10,FALSE,10,FALSE,10
"105","LVR",21,31,189,2,0,1,0,20,105,32,188,1,97,28,21,189,2,106,1,0,32,64,32,32,"LVR","IND",0,0,0,0,0,0,176,2,10,1,121,67,1,172,102,3,"LVR","IND",31,24,"False","retractable roof (closed)","fieldturf",72,45,0,-5,"IND",46,"2019-09-29",FALSE,7,FALSE,7,FALSE,7,FALSE,7,FALSE,7,FALSE,7
"106","IND",24,46,265,3,1,0,0,48,82,23,81,0,37,46,24,265,3,151,1,4,19,69,50,19,"IND","LVR",0,0,0,0,0,0,484,8,7,0,50,31,0,483,121,5,"LVR","IND",31,24,"False","retractable roof (closed)","fieldturf",72,45,0,-5,"IND",46,"2019-09-29",FALSE,-7,FALSE,-7,FALSE,-7,FALSE,-7,FALSE,-7,FALSE,-7
"107","SEA",22,28,240,1,0,4,15,32,114,27,115,1,26,27,22,240,1,126,0,2,25,59,34,25,"SEA","ARI",0,0,0,0,1,0,213,3,14,3,22,93,7,197,93,0,"SEA","ARI",27,10,"False","retractable roof (closed)","grass",72,45,0,-5,"SEA",49,"2019-09-29",FALSE,17,FALSE,17,FALSE,17,FALSE,17,FALSE,17,FALSE,17
"108","ARI",22,32,241,0,1,4,35,31,77,23,115,1,50,30,22,241,0,114,0,2,21,59,38,21,"ARI","SEA",0,0,0,0,0,0,168,4,6,3,69,46,2,145,160,2,"SEA","ARI",27,10,"False","retractable roof (closed)","grass",72,45,0,-5,"SEA",49,"2019-09-29",TRUE,-17,TRUE,-17,TRUE,-17,TRUE,-17,TRUE,-17,TRUE,-17
"109","JAX",19,33,213,2,0,5,27,32,97,38,269,0,99,32,19,213,2,150,0,0,38,76,38,38,"JAX","DEN",0,0,0,0,1,0,346,7,12,9,109,160,6,334,99,3,"JAX","DEN",26,24,"False","outdoors","grass",87,11,14,-2,"DEN",37,"2019-09-29",FALSE,2,FALSE,2,FALSE,2,FALSE,2,FALSE,2,FALSE,2
"110","DEN",22,38,303,3,1,0,0,39,98,16,68,0,32,35,22,303,3,149,0,0,16,54,38,16,"DEN","JAX",0,0,0,1,0,1,299,7,16,5,35,33,1,272,168,3,"JAX","DEN",26,24,"False","outdoors","grass",87,11,14,-2,"DEN",37,"2019-09-29",FALSE,-2,FALSE,-2,FALSE,-2,FALSE,-2,FALSE,-2,FALSE,-2
"111","KAN",24,42,315,0,0,0,0,33,81,25,123,3,72,39,24,315,0,160,3,5,20,67,47,20,"KAN","DET",0,0,0,1,0,0,502,10,6,4,93,30,0,473,161,0,"KAN","DET",34,30,"False","dome","fieldturf",72,45,0,-7,"KAN",54,"2019-09-29",FALSE,4,FALSE,4,FALSE,4,FALSE,4,FALSE,4,FALSE,4
"112","DET",21,34,291,3,0,4,30,34,118,35,186,0,57,32,21,291,3,163,2,2,33,73,40,33,"DET","KAN",0,0,0,0,1,0,407,7,11,2,106,80,2,320,118,1,"KAN","DET",34,30,"False","dome","fieldturf",72,45,0,-7,"KAN",54,"2019-09-29",FALSE,-4,FALSE,-4,FALSE,-4,FALSE,-4,FALSE,-4,FALSE,-4
"113","CAR",24,34,232,0,0,3,29,27,89,28,94,1,14,33,24,232,0,85,3,0,28,65,37,28,"CAR","HOU",0,0,0,0,0,0,278,4,14,2,38,56,1,266,142,0,"CAR","HOU",16,10,"False","retractable roof (closed)","grass",72,45,0,-5,"HOU",47,"2019-09-29",FALSE,6,FALSE,6,FALSE,6,FALSE,6,FALSE,6,FALSE,6
"114","HOU",21,34,160,0,1,6,32,14,75,22,136,1,85,32,21,160,0,91,1,2,20,62,42,20,"HOU","CAR",0,0,0,0,0,0,314,7,10,3,72,64,1,267,95,0,"CAR","HOU",16,10,"False","retractable roof (closed)","grass",72,45,0,-5,"HOU",47,"2019-09-29",FALSE,-6,FALSE,-6,FALSE,-6,FALSE,-6,FALSE,-6,FALSE,-6
"115","MIA",17,24,180,1,1,5,19,34,88,18,72,0,25,24,17,180,1,107,0,0,18,47,29,18,"MIA","LAC",0,0,0,0,0,0,134,5,8,5,38,34,2,133,117,2,"LAC","MIA",30,10,"False","outdoors","grass",88,53,15,-15,"LAC",43,"2019-09-29",TRUE,-20,TRUE,-20,TRUE,-20,TRUE,-20,TRUE,-20,TRUE,-20
"116","LAC",25,31,317,2,0,1,6,32,227,33,79,1,19,30,25,317,2,167,0,0,33,65,32,33,"LAC","MIA",0,0,0,1,0,0,232,2,8,1,17,62,0,229,151,1,"LAC","MIA",30,10,"False","outdoors","grass",88,53,15,-15,"LAC",43,"2019-09-29",FALSE,20,FALSE,20,FALSE,20,FALSE,20,FALSE,20,FALSE,20
"117","DAL",22,33,223,0,1,1,11,35,73,20,45,1,16,30,22,223,0,111,2,1,19,54,35,19,"DAL","NOR",0,0,0,0,0,0,316,4,5,5,21,24,0,268,51,1,"DAL","NOR",10,12,"False","dome","astroturf",72,45,0,-2,"DAL",47,"2019-09-29",FALSE,-2,FALSE,-2,FALSE,-2,FALSE,-2,FALSE,-2,FALSE,-2
"118","NOR",23,30,193,0,1,5,44,20,78,27,117,0,51,30,23,193,0,74,0,2,25,62,37,25,"NOR","DAL",0,0,0,0,0,0,195,3,3,4,69,48,11,195,82,3,"DAL","NOR",10,12,"False","dome","astroturf",72,45,0,-2,"DAL",47,"2019-09-29",FALSE,2,FALSE,2,FALSE,2,FALSE,2,FALSE,2,FALSE,2
"119","NYG",23,31,225,1,2,0,0,31,78,37,164,1,73,31,23,225,1,108,2,3,34,68,34,34,"NYG","WAS",0,0,0,0,0,0,167,5,10,8,124,40,0,167,161,1,"WAS","NYG",3,24,"False","outdoors","fieldturf ",77,42,11,-3,"NYG",48,"2019-09-29",FALSE,21,FALSE,21,FALSE,21,FALSE,21,FALSE,21,FALSE,21
"120","WAS",15,28,144,0,4,3,23,53,56,17,55,0,26,26,15,144,0,110,0,2,15,48,33,15,"WAS","NYG",0,0,0,0,0,0,256,4,5,3,27,28,1,232,88,1,"WAS","NYG",3,24,"False","outdoors","fieldturf ",77,42,11,-3,"NYG",48,"2019-09-29",TRUE,-21,TRUE,-21,TRUE,-21,TRUE,-21,TRUE,-21,TRUE,-21
"121","LAR",45,68,517,2,3,2,27,37,80,11,28,2,17,68,45,517,2,151,1,0,11,81,70,11,"LAR","TAM",0,0,0,1,0,2,472,12,36,10,5,23,1,473,231,2,"TAM","LAR",55,40,"False","outdoors","grass",74,41,2,-9,"LAR",48,"2019-09-29",TRUE,-15,TRUE,-15,TRUE,-15,TRUE,-15,TRUE,-15,TRUE,-15
"122","TAM",28,41,385,4,1,2,9,67,120,30,88,2,30,40,28,385,4,170,0,0,30,73,43,30,"TAM","LAR",0,0,0,1,0,1,393,7,17,4,19,69,4,387,169,0,"TAM","LAR",55,40,"False","outdoors","grass",74,41,2,-9,"LAR",48,"2019-09-29",FALSE,15,FALSE,15,FALSE,15,FALSE,15,FALSE,15,FALSE,15
"123","CLE",20,31,342,1,1,1,5,65,142,29,193,4,100,31,20,342,1,198,0,1,28,61,33,28,"CLE","BAL",0,0,0,1,1,1,225,4,13,1,153,40,2,224,249,1,"CLE","BAL",40,25,"False","outdoors","grass",83,57,8,-7,"BAL",47,"2019-09-29",FALSE,15,FALSE,15,FALSE,15,FALSE,15,FALSE,15,FALSE,15
"124","BAL",24,34,247,3,2,4,25,50,96,29,173,0,66,33,24,247,3,155,1,1,28,67,39,28,"BAL","CLE",1,0,0,0,0,0,268,5,13,4,90,83,2,268,110,2,"CLE","BAL",40,25,"False","outdoors","grass",83,57,8,-7,"BAL",47,"2019-09-29",TRUE,-15,TRUE,-15,TRUE,-15,TRUE,-15,TRUE,-15,TRUE,-15
"125","PIT",27,31,260,2,0,0,0,64,234,25,66,1,34,30,27,260,2,104,1,0,25,56,31,25,"PIT","CIN",0,0,0,0,0,0,80,2,12,2,25,41,2,76,209,0,"CIN","PIT",3,27,"False","outdoors","grass",76,72,1,-3,"PIT",45,"2019-09-30",FALSE,24,FALSE,24,FALSE,24,FALSE,24,FALSE,24,FALSE,24
"126","CIN",21,37,171,0,1,8,69,23,57,19,73,0,22,36,21,171,0,88,1,1,18,64,46,18,"CIN","PIT",0,0,0,0,0,0,205,8,13,3,34,39,0,207,80,2,"CIN","PIT",3,27,"False","outdoors","grass",76,72,1,-3,"PIT",45,"2019-09-30",TRUE,-24,TRUE,-24,TRUE,-24,TRUE,-24,TRUE,-24,TRUE,-24
"127","LAR",29,49,395,1,1,0,0,32,83,18,82,2,43,49,29,395,1,139,1,1,17,67,50,17,"LAR","SEA",0,0,0,1,0,2,411,11,23,2,65,17,1,411,197,2,"LAR","SEA",29,30,"False","outdoors","fieldturf",57,56,7,-1,"SEA",49,"2019-10-03",FALSE,-1,FALSE,-1,FALSE,-1,FALSE,-1,FALSE,-1,FALSE,-1
"128","SEA",17,23,268,4,0,1,6,40,151,43,167,0,33,22,17,268,4,171,1,5,38,67,29,38,"SEA","LAR",0,0,0,0,1,0,253,4,6,8,77,90,3,243,78,0,"LAR","SEA",29,30,"False","outdoors","fieldturf",57,56,7,-1,"SEA",49,"2019-10-03",FALSE,1,FALSE,1,FALSE,1,FALSE,1,FALSE,1,FALSE,1
"129","JAX",26,44,374,2,0,2,16,37,101,31,149,1,58,40,26,374,2,158,3,5,26,77,51,26,"JAX","CAR",0,0,0,1,1,1,404,6,5,4,77,72,0,373,181,0,"JAX","CAR",27,34,"False","outdoors","grass",72,59,4,-3,"CAR",41,"2019-10-06",FALSE,-7,FALSE,-7,FALSE,-7,FALSE,-7,FALSE,-7,FALSE,-7
"130","CAR",17,31,181,1,0,3,21,52,125,27,285,3,163,28,17,181,1,87,0,1,26,61,35,26,"CAR","JAX",0,0,0,0,1,0,176,5,15,2,233,52,1,194,112,2,"JAX","CAR",27,34,"False","outdoors","grass",72,59,4,-3,"CAR",41,"2019-10-06",FALSE,7,FALSE,7,FALSE,7,FALSE,7,FALSE,7,FALSE,7
"131","ARI",20,32,253,0,0,1,5,28,87,38,266,2,87,31,20,253,0,143,0,3,35,71,36,35,"ARI","CIN",0,0,0,0,0,0,247,6,14,0,181,85,1,247,74,1,"ARI","CIN",26,23,"False","outdoors","grass",76,68,6,-3,"CIN",45,"2019-10-06",FALSE,3,FALSE,3,FALSE,3,FALSE,3,FALSE,3,FALSE,3
"132","CIN",27,38,262,2,0,1,0,42,107,23,108,0,32,37,27,262,2,120,0,1,22,62,40,22,"CIN","ARI",0,0,0,0,0,1,174,5,21,3,50,58,2,154,142,2,"ARI","CIN",26,23,"False","outdoors","grass",76,68,6,-3,"CIN",45,"2019-10-06",FALSE,-3,FALSE,-3,FALSE,-3,FALSE,-3,FALSE,-3,FALSE,-3
"133","DAL",27,44,463,2,3,3,22,53,83,21,122,1,49,42,27,463,2,171,0,4,17,68,51,17,"DAL","GNB",0,0,0,1,0,2,470,7,4,2,59,63,3,453,171,4,"GNB","DAL",34,24,"False","retractable roof (closed)","fieldturf",72,45,0,-3,"DAL",46,"2019-10-06",TRUE,-10,TRUE,-10,TRUE,-10,TRUE,-10,TRUE,-10,TRUE,-10
"134","GNB",22,34,238,0,0,2,23,23,85,29,120,4,28,31,22,238,0,149,0,1,28,65,37,28,"GNB","DAL",0,0,0,0,1,0,247,5,9,6,76,44,3,226,157,1,"GNB","DAL",34,24,"False","retractable roof (closed)","fieldturf",72,45,0,-3,"DAL",46,"2019-10-06",FALSE,10,FALSE,10,FALSE,10,FALSE,10,FALSE,10,FALSE,10
"135","ATL",32,46,330,3,1,2,14,29,102,20,57,1,40,44,32,330,3,117,0,1,19,68,49,19,"ATL","HOU",2,0,0,1,0,0,366,7,20,5,38,19,0,372,135,1,"ATL","HOU",32,53,"False","retractable roof (closed)","grass",72,45,0,-4,"HOU",49,"2019-10-06",TRUE,-21,TRUE,-21,TRUE,-21,TRUE,-21,TRUE,-21,TRUE,-21
"136","HOU",28,33,426,5,0,0,0,51,158,34,166,1,68,33,28,426,5,165,0,2,32,67,35,32,"HOU","ATL",0,0,0,1,0,1,286,1,9,1,105,61,1,285,204,2,"ATL","HOU",32,53,"False","retractable roof (closed)","grass",72,45,0,-4,"HOU",49,"2019-10-06",FALSE,21,FALSE,21,FALSE,21,FALSE,21,FALSE,21,FALSE,21
"137","IND",18,29,151,0,1,0,0,18,61,45,180,1,62,26,18,151,0,85,0,2,43,74,31,43,"IND","KAN",0,0,0,0,1,0,148,5,8,4,99,81,2,120,106,0,"IND","KAN",19,13,"False","outdoors","grass",59,75,3,-10,"KAN",55,"2019-10-06",FALSE,6,FALSE,6,FALSE,6,FALSE,6,FALSE,6,FALSE,6
"138","KAN",22,39,321,1,0,4,33,31,91,14,36,0,16,37,22,321,1,125,1,2,12,57,45,12,"KAN","IND",0,0,0,1,0,1,463,9,16,6,31,5,0,409,109,4,"IND","KAN",19,13,"False","outdoors","grass",59,75,3,-10,"KAN",55,"2019-10-06",FALSE,-6,FALSE,-6,FALSE,-6,FALSE,-6,FALSE,-6,FALSE,-6
"139","TAM",15,27,204,2,0,6,46,26,104,22,94,1,41,26,15,204,2,84,0,3,19,55,36,19,"TAM","NOR",0,0,0,0,0,1,233,4,5,4,45,49,0,232,96,2,"TAM","NOR",24,31,"False","dome","astroturf",72,45,0,-3,"NOR",46,"2019-10-06",FALSE,-7,FALSE,-7,FALSE,-7,FALSE,-7,FALSE,-7,FALSE,-7
"140","NOR",28,36,345,4,1,0,0,73,368,31,112,0,45,34,28,345,4,136,0,5,26,67,41,26,"NOR","TAM",0,0,0,1,0,1,260,2,14,3,39,73,1,260,139,2,"TAM","NOR",24,31,"False","dome","astroturf",72,45,0,-3,"NOR",46,"2019-10-06",FALSE,7,FALSE,7,FALSE,7,FALSE,7,FALSE,7,FALSE,7
"141","MIN",22,27,306,2,0,3,27,44,138,34,211,0,79,24,22,306,2,114,1,1,33,64,31,33,"MIN","NYG",0,0,0,1,1,1,217,1,6,6,120,91,6,145,195,0,"MIN","NYG",28,10,"False","outdoors","fieldturf ",66,73,10,-5,"MIN",44,"2019-10-06",FALSE,18,FALSE,18,FALSE,18,FALSE,18,FALSE,18,FALSE,18
"142","NYG",21,38,182,1,1,4,35,35,65,20,64,0,34,36,21,182,1,88,0,1,19,62,43,19,"NYG","MIN",0,0,0,0,0,0,390,4,16,3,31,33,0,357,84,0,"MIN","NYG",28,10,"False","outdoors","fieldturf ",66,73,10,-5,"MIN",44,"2019-10-06",TRUE,-18,TRUE,-18,TRUE,-18,TRUE,-18,TRUE,-18,TRUE,-18
"143","BUF",23,32,219,2,1,4,15,46,98,27,109,0,43,29,23,219,2,115,0,4,23,63,40,23,"BUF","TEN",0,0,0,0,0,0,139,3,9,4,41,68,3,119,129,1,"BUF","TEN",14,7,"False","outdoors","grass",77,71,13,-3,"TEN",39,"2019-10-06",FALSE,7,FALSE,7,FALSE,7,FALSE,7,FALSE,7,FALSE,7
"144","TEN",13,22,183,0,0,5,33,57,86,27,102,1,37,21,13,183,0,136,0,2,25,54,29,25,"TEN","BUF",0,0,0,0,0,0,96,2,9,1,39,63,3,103,131,2,"BUF","TEN",14,7,"False","outdoors","grass",77,71,13,-3,"TEN",39,"2019-10-06",FALSE,-7,FALSE,-7,FALSE,-7,FALSE,-7,FALSE,-7,FALSE,-7
"145","NYJ",15,26,120,0,2,10,59,16,37,19,67,1,40,25,15,120,0,53,1,0,19,55,36,19,"NYJ","PHI",0,0,0,0,0,0,128,2,19,4,46,21,0,127,82,3,"NYJ","PHI",6,31,"False","outdoors","grass",68,68,10,-14,"PHI",43,"2019-10-06",TRUE,-25,TRUE,-25,TRUE,-25,TRUE,-25,TRUE,-25,TRUE,-25
"146","PHI",17,29,189,1,0,1,8,36,89,29,84,1,32,28,17,189,1,101,0,1,28,59,31,28,"PHI","NYJ",0,0,0,0,0,0,202,6,17,1,34,50,0,201,75,2,"NYJ","PHI",6,31,"False","outdoors","grass",68,68,10,-14,"PHI",43,"2019-10-06",FALSE,25,FALSE,25,FALSE,25,FALSE,25,FALSE,25,FALSE,25
"147","BAL",19,28,161,1,3,5,22,24,54,40,138,1,34,28,19,161,1,81,0,5,35,73,38,35,"BAL","PIT",0,0,0,0,0,0,216,3,9,1,81,57,0,216,64,1,"BAL","PIT",26,23,"True","outdoors","grass",70,74,7,-3,"BAL",44,"2019-10-06",FALSE,3,FALSE,3,FALSE,3,FALSE,3,FALSE,3,FALSE,3
"148","PIT",21,31,203,1,1,1,11,57,215,19,77,1,39,30,21,203,1,101,1,1,18,51,33,18,"PIT","BAL",0,0,0,0,0,0,268,7,14,2,36,41,0,256,82,1,"BAL","PIT",26,23,"True","outdoors","grass",70,74,7,-3,"BAL",44,"2019-10-06",FALSE,-3,FALSE,-3,FALSE,-3,FALSE,-3,FALSE,-3,FALSE,-3
"149","CHI",22,30,231,2,2,4,37,32,89,17,42,1,17,30,22,231,2,114,0,1,16,51,35,16,"CHI","LVR",0,0,0,0,0,0,210,4,5,3,29,13,2,210,96,2,"CHI","LVR",21,24,"False","outdoors","grass",59,60,15,-6,"CHI",39,"2019-10-06",FALSE,-3,FALSE,-3,FALSE,-3,FALSE,-3,FALSE,-3,FALSE,-3
"150","LVR",25,32,229,0,0,0,0,23,96,39,169,3,51,30,25,229,0,127,2,1,38,71,33,38,"LVR","CHI",0,0,0,0,1,0,99,2,8,6,96,73,5,103,151,2,"CHI","LVR",21,24,"False","outdoors","grass",59,60,15,-6,"CHI",39,"2019-10-06",FALSE,3,FALSE,3,FALSE,3,FALSE,3,FALSE,3,FALSE,3
"151","DEN",14,20,182,1,1,3,23,70,94,32,191,1,58,19,14,182,1,140,1,2,30,55,25,30,"DEN","LAC",0,0,0,0,1,0,128,2,3,3,105,86,4,106,96,0,"DEN","LAC",20,13,"False","outdoors","grass",85,35,12,-4,"LAC",46,"2019-10-06",FALSE,7,FALSE,7,FALSE,7,FALSE,7,FALSE,7,FALSE,7
"152","LAC",32,48,211,0,2,0,0,20,58,16,35,0,8,46,32,211,0,78,1,0,16,64,48,16,"LAC","DEN",0,0,0,0,0,0,212,8,5,5,16,19,1,214,130,1,"DEN","LAC",20,13,"False","outdoors","grass",85,35,12,-4,"LAC",46,"2019-10-06",FALSE,-7,FALSE,-7,FALSE,-7,FALSE,-7,FALSE,-7,FALSE,-7
"153","NWE",28,43,348,3,1,4,36,31,145,27,130,1,37,40,28,348,3,182,0,0,27,74,47,27,"NWE","WAS",0,0,0,1,0,1,329,7,15,5,98,32,1,320,141,2,"NWE","WAS",33,7,"False","outdoors","grass",70,66,8,-15,"NWE",42,"2019-10-06",FALSE,26,FALSE,26,FALSE,26,FALSE,26,FALSE,26,FALSE,26
"154","WAS",18,27,122,0,1,6,44,22,61,20,145,1,105,27,18,122,0,63,1,2,18,53,35,18,"WAS","NWE",0,0,0,0,0,0,177,6,7,3,60,85,3,177,34,0,"NWE","WAS",33,7,"False","outdoors","grass",70,66,8,-15,"NWE",42,"2019-10-06",TRUE,-26,TRUE,-26,TRUE,-26,TRUE,-26,TRUE,-26,TRUE,-26
"155","CLE",9,24,120,0,2,4,42,45,171,18,102,0,48,22,9,120,0,63,2,0,18,46,28,18,"CLE","SFO",0,0,0,0,0,0,247,4,5,4,74,28,3,246,49,3,"CLE","SFO",3,31,"False","outdoors","grass",87,36,8,-5,"SFO",47,"2019-10-07",TRUE,-28,TRUE,-28,TRUE,-28,TRUE,-28,TRUE,-28,TRUE,-28
"156","SFO",20,29,181,2,0,2,10,22,108,40,275,2,143,28,20,181,2,86,0,0,40,71,31,40,"SFO","CLE",0,0,0,0,1,0,181,3,13,0,215,60,2,180,71,1,"CLE","SFO",3,31,"False","outdoors","grass",87,36,8,-5,"SFO",47,"2019-10-07",FALSE,28,FALSE,28,FALSE,28,FALSE,28,FALSE,28,FALSE,28
"157","NYG",15,31,161,1,3,1,0,64,35,16,52,0,22,29,15,161,1,99,1,1,15,48,33,15,"NYG","NWE",0,0,0,0,0,1,290,9,13,3,26,26,1,282,80,0,"NYG","NWE",14,35,"False","outdoors","grass",54,61,13,-16,"NWE",43,"2019-10-10",TRUE,-21,TRUE,-21,TRUE,-21,TRUE,-21,TRUE,-21,TRUE,-21
"158","NWE",31,41,334,0,1,3,21,36,88,34,114,3,50,41,31,334,0,161,1,0,34,78,44,34,"NWE","NYG",0,0,0,1,0,1,280,6,7,2,66,48,3,280,160,1,"NYG","NWE",14,35,"False","outdoors","grass",54,61,13,-16,"NWE",43,"2019-10-10",FALSE,21,FALSE,21,FALSE,21,FALSE,21,FALSE,21,FALSE,21
"159","SEA",23,33,295,2,0,3,11,30,117,38,170,2,53,32,23,295,2,150,1,5,33,74,41,33,"SEA","CLE",0,0,0,0,1,0,280,7,21,4,74,96,4,263,143,2,"SEA","CLE",32,28,"False","outdoors","grass",58,38,20,-1,"CLE",45,"2019-10-13",FALSE,4,FALSE,4,FALSE,4,FALSE,4,FALSE,4,FALSE,4
"160","CLE",22,37,249,1,3,0,0,41,54,24,157,3,67,36,22,249,1,140,1,3,21,61,40,21,"CLE","SEA",1,0,0,0,1,1,353,5,12,2,64,93,3,302,92,5,"SEA","CLE",32,28,"False","outdoors","grass",58,38,20,-1,"CLE",45,"2019-10-13",FALSE,-4,FALSE,-4,FALSE,-4,FALSE,-4,FALSE,-4,FALSE,-4
"161","ATL",30,36,356,4,0,2,15,30,144,25,103,0,26,34,30,356,4,126,0,2,23,63,40,23,"ATL","ARI",0,0,0,1,0,2,319,2,18,1,34,69,0,299,95,0,"ATL","ARI",33,34,"False","retractable roof (closed)","grass",72,45,0,-3,"ATL",52,"2019-10-13",FALSE,-1,FALSE,-1,FALSE,-1,FALSE,-1,FALSE,-1,FALSE,-1
"162","ARI",27,37,340,3,0,0,0,58,128,29,102,1,48,35,27,340,3,219,0,4,25,66,41,25,"ARI","ATL",0,0,0,1,0,0,246,4,7,2,65,37,0,232,160,1,"ATL","ARI",33,34,"False","retractable roof (closed)","grass",72,45,0,-3,"ATL",52,"2019-10-13",FALSE,1,FALSE,1,FALSE,1,FALSE,1,FALSE,1,FALSE,1
"163","DEN",18,28,177,0,1,1,10,41,67,30,103,1,39,26,18,177,0,100,0,1,29,59,30,29,"DEN","TEN",0,0,0,0,0,0,216,4,11,4,23,80,4,209,79,2,"TEN","DEN",0,16,"False","outdoors","grass",69,9,7,-1,"DEN",41,"2019-10-13",FALSE,16,FALSE,16,FALSE,16,FALSE,16,FALSE,16,FALSE,16
"164","TEN",20,34,207,0,3,7,42,42,87,21,39,0,17,32,20,207,0,112,0,2,19,62,43,19,"TEN","DEN",0,0,0,0,0,0,320,8,10,6,11,28,1,289,58,1,"TEN","DEN",0,16,"False","outdoors","grass",69,9,7,-1,"DEN",41,"2019-10-13",TRUE,-16,TRUE,-16,TRUE,-16,TRUE,-16,TRUE,-16,TRUE,-16
"165","NOR",24,36,240,1,0,3,18,27,94,26,104,0,55,34,24,240,1,112,0,0,26,65,39,26,"NOR","JAX",0,0,0,0,0,0,213,5,5,5,49,55,3,189,153,5,"NOR","JAX",13,6,"False","outdoors","grass",81,56,3,-2,"JAX",42,"2019-10-13",FALSE,7,FALSE,7,FALSE,7,FALSE,7,FALSE,7,FALSE,7
"166","JAX",14,29,163,0,1,2,12,23,51,24,75,0,20,27,14,163,0,76,0,1,23,55,32,23,"JAX","NOR",0,0,0,0,0,0,220,7,13,7,32,43,1,202,96,0,"NOR","JAX",13,6,"False","outdoors","grass",81,56,3,-2,"JAX",42,"2019-10-13",FALSE,-7,FALSE,-7,FALSE,-7,FALSE,-7,FALSE,-7,FALSE,-7
"167","HOU",30,42,280,1,2,0,0,23,77,41,192,3,51,42,30,280,1,119,1,4,37,83,46,37,"HOU","KAN",2,0,0,0,1,0,369,7,14,2,122,70,2,369,176,4,"HOU","KAN",31,24,"False","outdoors","grass",56,47,2,-3,"KAN",54,"2019-10-13",FALSE,7,FALSE,7,FALSE,7,FALSE,7,FALSE,7,FALSE,7
"168","KAN",19,35,273,3,1,1,17,52,96,11,53,0,26,35,19,273,3,167,1,0,11,47,36,11,"KAN","HOU",0,0,0,0,0,0,350,8,10,5,37,16,1,350,165,4,"HOU","KAN",31,24,"False","outdoors","grass",56,47,2,-3,"KAN",54,"2019-10-13",FALSE,-7,FALSE,-7,FALSE,-7,FALSE,-7,FALSE,-7,FALSE,-7
"169","WAS",13,25,166,2,0,0,0,33,99,33,145,0,47,24,13,166,2,84,0,1,32,58,26,32,"WAS","MIA",0,0,0,0,1,1,222,5,8,6,64,81,1,215,52,2,"WAS","MIA",17,16,"False","outdoors","grass",84,66,13,-6,"WAS",42,"2019-10-13",FALSE,1,FALSE,1,FALSE,1,FALSE,1,FALSE,1,FALSE,1
"170","MIA",27,43,217,1,2,5,30,46,139,21,84,1,34,42,27,217,1,112,0,1,20,69,49,20,"MIA","WAS",0,0,0,0,0,0,266,8,5,11,43,41,2,266,120,1,"WAS","MIA",17,16,"False","outdoors","grass",84,66,13,-6,"WAS",42,"2019-10-13",FALSE,-1,FALSE,-1,FALSE,-1,FALSE,-1,FALSE,-1,FALSE,-1
"171","PHI",26,41,306,2,2,2,14,45,94,22,108,0,46,41,26,306,2,127,1,1,21,65,44,21,"PHI","MIN",0,0,0,1,0,0,375,8,12,4,68,40,0,375,147,1,"PHI","MIN",20,38,"False","dome","sportturf",72,45,0,-3,"MIN",44,"2019-10-13",TRUE,-18,TRUE,-18,TRUE,-18,TRUE,-18,TRUE,-18,TRUE,-18
"172","MIN",22,29,333,4,1,1,8,62,138,35,122,1,60,28,22,333,4,171,1,1,34,65,31,34,"MIN","PHI",0,0,0,1,0,1,374,3,11,0,84,38,1,373,124,2,"PHI","MIN",20,38,"False","dome","sportturf",72,45,0,-3,"MIN",44,"2019-10-13",FALSE,18,FALSE,18,FALSE,18,FALSE,18,FALSE,18,FALSE,18
"173","DAL",28,40,278,0,0,1,8,23,89,34,129,2,31,39,28,278,0,104,0,1,33,75,42,33,"DAL","NYJ",0,0,0,0,1,0,341,4,17,2,72,57,1,319,103,5,"DAL","NYJ",22,24,"False","outdoors","fieldturf ",66,38,7,-7,"DAL",43,"2019-10-13",FALSE,-2,FALSE,-2,FALSE,-2,FALSE,-2,FALSE,-2,FALSE,-2
"174","NYJ",23,32,338,2,1,2,12,92,113,20,56,1,21,30,23,338,2,185,0,1,19,54,35,19,"NYJ","DAL",0,0,0,1,0,1,265,5,11,5,24,32,0,233,188,1,"DAL","NYJ",22,24,"False","outdoors","fieldturf ",66,38,7,-7,"DAL",43,"2019-10-13",FALSE,2,FALSE,2,FALSE,2,FALSE,2,FALSE,2,FALSE,2
"175","SFO",24,33,243,0,1,2,11,45,80,41,99,2,31,31,24,243,0,141,1,0,41,76,35,41,"SFO","LAR",0,0,0,0,0,1,145,4,11,4,34,65,5,129,177,2,"SFO","LAR",20,7,"False","outdoors","grass",77,42,2,-3,"LAR",49,"2019-10-13",FALSE,13,FALSE,13,FALSE,13,FALSE,13,FALSE,13,FALSE,13
"176","LAR",13,24,78,0,0,4,30,12,60,22,109,1,49,24,13,78,0,44,1,0,22,50,28,22,"LAR","SFO",0,0,0,0,0,0,155,8,7,6,54,55,5,154,49,1,"SFO","LAR",20,7,"False","outdoors","grass",77,42,2,-3,"LAR",49,"2019-10-13",TRUE,-13,TRUE,-13,TRUE,-13,TRUE,-13,TRUE,-13,TRUE,-13
"177","CIN",21,39,235,0,1,2,18,29,61,14,33,1,24,37,21,235,0,120,0,1,13,55,42,13,"CIN","BAL",0,0,0,0,0,0,298,8,31,2,23,10,0,283,93,2,"CIN","BAL",17,23,"False","outdoors","grass",64,43,7,-10,"BAL",47,"2019-10-13",FALSE,-6,FALSE,-6,FALSE,-6,FALSE,-6,FALSE,-6,FALSE,-6
"178","BAL",21,33,236,0,0,1,8,39,84,43,269,2,85,29,21,236,0,126,1,3,40,77,37,40,"BAL","CIN",0,0,0,0,1,0,253,6,16,1,161,108,1,219,126,0,"CIN","BAL",17,23,"False","outdoors","grass",64,43,7,-10,"BAL",47,"2019-10-13",FALSE,6,FALSE,6,FALSE,6,FALSE,6,FALSE,6,FALSE,6
"179","PIT",15,20,132,1,1,0,0,26,87,36,124,1,39,19,15,132,1,73,0,1,35,56,21,35,"PIT","LAC",0,0,0,0,0,0,91,5,4,2,53,71,3,88,126,0,"PIT","LAC",24,17,"False","outdoors","grass",71,61,9,-6,"LAC",42,"2019-10-13",FALSE,7,FALSE,7,FALSE,7,FALSE,7,FALSE,7,FALSE,7
"180","LAC",26,44,320,2,2,1,4,32,77,14,32,0,18,42,26,320,2,145,1,0,14,59,45,14,"LAC","PIT",0,0,0,1,0,1,481,6,3,8,10,22,1,480,103,2,"PIT","LAC",24,17,"False","outdoors","grass",71,61,9,-6,"LAC",42,"2019-10-13",FALSE,-7,FALSE,-7,FALSE,-7,FALSE,-7,FALSE,-7,FALSE,-7
"181","CAR",20,32,227,2,0,2,18,30,104,29,59,2,38,31,20,227,2,102,0,0,29,63,34,29,"CAR","TAM",0,0,0,0,0,0,303,6,15,2,15,44,0,282,95,3,"CAR","TAM",37,26,"False","outdoors","grass",61,86,14,-2,"CAR",48,"2019-10-13",FALSE,11,FALSE,11,FALSE,11,FALSE,11,FALSE,11,FALSE,11
"182","TAM",30,54,400,1,5,7,35,37,46,14,42,2,14,52,30,400,1,160,2,1,13,75,62,13,"TAM","CAR",3,0,0,1,0,1,596,10,21,12,1,41,0,580,149,6,"CAR","TAM",37,26,"False","outdoors","grass",61,86,14,-2,"CAR",48,"2019-10-13",TRUE,-11,TRUE,-11,TRUE,-11,TRUE,-11,TRUE,-11,TRUE,-11
"183","GNB",24,39,283,2,1,1,6,46,90,29,170,0,75,38,24,283,2,172,2,1,28,69,41,28,"GNB","DET",0,0,0,0,1,0,376,8,4,3,145,25,0,371,89,3,"DET","GNB",22,23,"False","outdoors","grass",43,73,5,-3,"GNB",47,"2019-10-14",FALSE,1,FALSE,1,FALSE,1,FALSE,1,FALSE,1,FALSE,1
"184","DET",18,32,265,0,0,3,22,66,83,20,56,1,29,32,18,265,0,180,0,1,19,55,36,19,"DET","GNB",0,0,0,0,0,1,328,6,15,2,35,21,0,328,112,3,"DET","GNB",22,23,"False","outdoors","grass",43,73,5,-3,"GNB",47,"2019-10-14",FALSE,-1,FALSE,-1,FALSE,-1,FALSE,-1,FALSE,-1,FALSE,-1
"185","KAN",20,30,193,2,0,1,2,78,214,27,80,0,33,29,20,193,2,120,0,0,27,58,31,27,"KAN","DEN",0,0,0,0,0,0,172,4,11,3,63,17,2,160,130,1,"KAN","DEN",30,6,"False","outdoors","grass",75,7,6,-3,"KAN",49,"2019-10-17",FALSE,24,FALSE,24,FALSE,24,FALSE,24,FALSE,24,FALSE,24
"186","DEN",21,34,213,0,0,9,79,41,79,21,71,1,23,33,21,213,0,102,1,0,21,64,43,21,"DEN","KAN",0,0,0,0,0,0,314,6,16,4,67,4,0,300,96,3,"KAN","DEN",30,6,"False","outdoors","grass",75,7,6,-3,"KAN",49,"2019-10-17",TRUE,-24,TRUE,-24,TRUE,-24,TRUE,-24,TRUE,-24,TRUE,-24
"187","LAR",23,38,291,2,0,0,0,56,218,36,90,1,33,38,23,291,2,148,0,0,36,74,38,36,"LAR","ATL",0,0,0,0,0,0,376,11,14,0,48,42,5,376,158,1,"LAR","ATL",37,10,"False","retractable roof (open)","fieldturf",72,45,0,-3,"LAR",54,"2019-10-20",FALSE,27,FALSE,27,FALSE,27,FALSE,27,FALSE,27,FALSE,27
"188","ATL",22,33,224,1,1,5,38,58,212,15,38,0,22,33,22,224,1,119,2,1,14,53,39,14,"ATL","LAR",0,0,0,0,0,0,272,8,11,5,21,17,0,271,45,2,"LAR","ATL",37,10,"False","retractable roof (open)","fieldturf",72,45,0,-3,"LAR",54,"2019-10-20",TRUE,-27,TRUE,-27,TRUE,-27,TRUE,-27,TRUE,-27,TRUE,-27
"189","MIA",23,35,282,1,1,1,10,35,88,30,109,2,47,34,23,282,1,133,1,3,27,66,39,27,"MIA","BUF",0,0,0,0,0,0,335,7,11,2,27,82,2,335,96,2,"MIA","BUF",21,31,"False","outdoors","astroturf",65,54,7,-17,"BUF",42,"2019-10-20",TRUE,-10,TRUE,-10,TRUE,-10,TRUE,-10,TRUE,-10,TRUE,-10
"190","BUF",16,26,202,2,0,2,14,27,111,23,117,0,43,25,16,202,2,132,0,2,21,51,30,21,"BUF","MIA",1,0,0,0,0,0,272,6,12,1,57,60,2,265,93,2,"MIA","BUF",21,31,"False","outdoors","astroturf",65,54,7,-17,"BUF",42,"2019-10-20",FALSE,10,FALSE,10,FALSE,10,FALSE,10,FALSE,10,FALSE,10
"191","NOR",23,38,281,2,0,1,8,45,100,35,151,2,50,36,23,281,2,146,0,2,33,74,41,33,"NOR","CHI",0,0,0,0,1,1,282,4,18,3,120,31,4,266,128,4,"NOR","CHI",36,25,"False","outdoors","grass",54,84,6,-4,"CHI",37,"2019-10-20",FALSE,11,FALSE,11,FALSE,11,FALSE,11,FALSE,11,FALSE,11
"192","CHI",34,54,251,2,0,2,16,28,86,7,17,0,14,51,34,251,2,113,2,0,7,63,56,7,"CHI","NOR",2,1,0,0,0,0,338,12,18,3,17,0,0,336,131,2,"NOR","CHI",36,25,"False","outdoors","grass",54,84,6,-4,"CHI",37,"2019-10-20",TRUE,-11,TRUE,-11,TRUE,-11,TRUE,-11,TRUE,-11,TRUE,-11
"193","JAX",15,32,255,1,0,2,11,47,84,44,216,0,74,28,15,255,1,125,0,6,38,78,40,38,"JAX","CIN",1,0,0,0,1,1,186,4,13,3,112,104,1,169,151,3,"JAX","CIN",27,17,"False","outdoors","grass",70,63,2,-4,"JAX",44,"2019-10-20",FALSE,10,FALSE,10,FALSE,10,FALSE,10,FALSE,10,FALSE,10
"194","CIN",22,43,276,1,3,2,18,48,50,20,33,1,32,42,22,276,1,115,1,2,18,65,47,18,"CIN","JAX",0,0,0,0,0,1,301,8,9,1,-11,44,1,249,165,3,"JAX","CIN",27,17,"False","outdoors","grass",70,63,2,-4,"JAX",44,"2019-10-20",TRUE,-10,TRUE,-10,TRUE,-10,TRUE,-10,TRUE,-10,TRUE,-10
"195","HOU",23,34,308,1,2,3,17,45,81,24,100,1,39,33,23,308,1,127,0,3,21,61,40,21,"HOU","IND",0,0,0,1,0,2,268,6,7,2,39,61,3,264,125,2,"HOU","IND",23,30,"False","retractable roof (open)","fieldturf",72,45,0,-1,"IND",46,"2019-10-20",FALSE,-7,FALSE,-7,FALSE,-7,FALSE,-7,FALSE,-7,FALSE,-7
"196","IND",26,40,326,4,0,1,5,34,166,26,62,0,24,36,26,326,4,156,1,2,24,67,43,24,"IND","HOU",0,0,0,1,0,1,302,7,21,4,33,29,1,285,181,2,"HOU","IND",23,30,"False","retractable roof (open)","fieldturf",72,45,0,-1,"IND",46,"2019-10-20",FALSE,7,FALSE,7,FALSE,7,FALSE,7,FALSE,7,FALSE,7
"197","PHI",16,26,191,1,1,3,23,30,80,28,115,0,43,25,16,191,1,119,3,2,26,57,31,26,"PHI","DAL",0,0,0,0,0,0,323,3,7,5,65,50,0,299,67,1,"PHI","DAL",10,37,"False","retractable roof (closed)","fieldturf",72,45,0,-3,"DAL",50,"2019-10-20",TRUE,-27,TRUE,-27,TRUE,-27,TRUE,-27,TRUE,-27,TRUE,-27
"198","DAL",21,27,239,1,1,3,26,44,100,36,189,3,55,25,21,239,1,93,0,1,35,66,31,35,"DAL","PHI",0,0,0,0,1,1,225,0,7,0,80,109,3,209,84,2,"PHI","DAL",10,37,"False","retractable roof (closed)","fieldturf",72,45,0,-3,"DAL",50,"2019-10-20",FALSE,27,FALSE,27,FALSE,27,FALSE,27,FALSE,27,FALSE,27
"199","MIN",24,34,338,4,0,0,0,66,141,37,166,2,41,33,24,338,4,165,0,0,37,71,34,37,"MIN","DET",0,0,0,1,1,1,379,7,8,1,63,103,1,358,114,2,"MIN","DET",42,30,"False","dome","fieldturf",72,45,0,-2,"MIN",43,"2019-10-20",FALSE,12,FALSE,12,FALSE,12,FALSE,12,FALSE,12,FALSE,12
"200","DET",30,45,364,4,1,2,12,47,111,20,81,0,26,45,30,364,4,180,0,0,20,67,47,20,"DET","MIN",0,0,0,1,0,1,386,8,12,2,44,37,0,385,140,1,"MIN","DET",42,30,"False","dome","fieldturf",72,45,0,-2,"MIN",43,"2019-10-20",TRUE,-12,TRUE,-12,TRUE,-12,TRUE,-12,TRUE,-12,TRUE,-12
"201","LVR",24,31,329,3,1,0,0,67,266,31,155,0,55,31,24,329,3,193,1,1,30,62,32,30,"LVR","GNB",0,0,0,0,1,1,318,5,8,2,56,99,2,318,125,0,"LVR","GNB",24,42,"False","outdoors","grass",55,74,6,-5,"GNB",48,"2019-10-20",TRUE,-18,TRUE,-18,TRUE,-18,TRUE,-18,TRUE,-18,TRUE,-18
"202","GNB",25,31,429,5,0,1,8,74,158,23,60,1,23,29,25,429,5,233,0,2,21,55,34,21,"GNB","LVR",0,0,0,1,0,1,268,3,10,4,29,31,1,256,223,1,"LVR","GNB",24,42,"False","outdoors","grass",55,74,6,-5,"GNB",48,"2019-10-20",FALSE,18,FALSE,18,FALSE,18,FALSE,18,FALSE,18,FALSE,18
"203","ARI",14,21,104,0,0,2,15,12,78,38,156,3,35,21,14,104,0,70,0,4,34,61,27,34,"ARI","NYG",0,0,0,0,1,0,112,2,7,2,107,49,4,112,58,2,"ARI","NYG",27,21,"False","outdoors","fieldturf ",56,78,3,-3,"NYG",49,"2019-10-20",FALSE,6,FALSE,6,FALSE,6,FALSE,6,FALSE,6,FALSE,6
"204","NYG",22,35,223,1,1,8,67,28,78,22,107,1,31,35,22,223,1,110,2,4,18,65,47,18,"NYG","ARI",0,0,0,0,0,0,265,4,14,6,90,17,2,265,80,5,"ARI","NYG",27,21,"False","outdoors","fieldturf ",56,78,3,-3,"NYG",49,"2019-10-20",FALSE,-6,FALSE,-6,FALSE,-6,FALSE,-6,FALSE,-6,FALSE,-6
"205","LAC",24,38,329,2,0,1,3,41,108,21,39,0,9,37,24,329,2,112,1,0,21,60,39,21,"LAC","TEN",0,0,0,1,0,1,426,7,10,2,2,37,3,418,116,1,"LAC","TEN",20,23,"False","outdoors","grass",77,40,2,-3,"TEN",42,"2019-10-20",FALSE,-3,FALSE,-3,FALSE,-3,FALSE,-3,FALSE,-3,FALSE,-3
"206","TEN",24,30,323,2,1,2,17,49,232,29,97,1,18,29,24,323,2,173,0,1,28,61,33,28,"TEN","LAC",0,0,0,1,0,0,212,2,7,4,18,79,3,197,147,0,"LAC","TEN",20,23,"False","outdoors","grass",77,40,2,-3,"TEN",42,"2019-10-20",FALSE,3,FALSE,3,FALSE,3,FALSE,3,FALSE,3,FALSE,3
"207","SEA",20,41,241,1,1,1,0,48,65,26,106,0,34,38,20,241,1,175,1,2,24,68,44,24,"SEA","BAL",0,0,0,0,0,0,459,13,17,6,74,32,1,417,64,3,"BAL","SEA",30,16,"False","outdoors","fieldturf",50,79,8,-3,"SEA",49,"2019-10-20",TRUE,-14,TRUE,-14,TRUE,-14,TRUE,-14,TRUE,-14,TRUE,-14
"208","BAL",9,20,143,0,0,1,2,50,69,35,199,1,54,20,9,143,0,132,0,5,30,56,26,30,"BAL","SEA",0,0,0,0,1,0,201,3,4,4,144,55,0,201,37,3,"BAL","SEA",30,16,"False","outdoors","fieldturf",50,79,8,-3,"SEA",49,"2019-10-20",FALSE,14,FALSE,14,FALSE,14,FALSE,14,FALSE,14,FALSE,14
"209","SFO",12,21,151,0,1,2,5,40,59,39,137,0,39,20,12,151,0,89,0,2,37,62,25,37,"SFO","WAS",0,0,0,0,0,0,187,3,7,1,79,58,2,169,67,0,"SFO","WAS",9,0,"False","outdoors","grass",55,93,12,-10,"SFO",39,"2019-10-20",FALSE,9,FALSE,9,FALSE,9,FALSE,9,FALSE,9,FALSE,9
"210","WAS",9,12,77,0,0,3,27,19,91,26,104,0,32,12,9,77,0,67,1,0,26,41,15,26,"WAS","SFO",0,0,0,0,0,0,49,1,4,0,64,40,0,49,41,2,"SFO","WAS",9,0,"False","outdoors","grass",55,93,12,-10,"SFO",39,"2019-10-20",FALSE,-9,FALSE,-9,FALSE,-9,FALSE,-9,FALSE,-9,FALSE,-9
"211","NWE",31,45,249,1,1,0,0,28,80,34,74,3,37,42,31,249,1,116,0,0,34,79,45,34,"NWE","NYJ",0,0,0,0,0,0,223,5,23,5,56,18,0,223,123,3,"NWE","NYJ",33,0,"False","outdoors","fieldturf ",58,73,0,-9,"NWE",43,"2019-10-21",FALSE,33,FALSE,33,FALSE,33,FALSE,33,FALSE,33,FALSE,33
"212","NYJ",11,32,86,0,4,1,13,20,3,20,81,0,28,31,11,86,0,47,2,0,20,53,33,20,"NYJ","NWE",0,0,0,0,0,0,398,15,16,7,36,45,1,405,19,2,"NWE","NYJ",33,0,"False","outdoors","fieldturf ",58,73,0,-9,"NWE",43,"2019-10-21",TRUE,-33,TRUE,-33,TRUE,-33,TRUE,-33,TRUE,-33,TRUE,-33
"213","WAS",15,21,163,0,1,4,32,39,138,16,85,0,40,21,15,163,0,113,1,0,16,41,25,16,"WAS","MIN",0,0,0,0,0,0,139,2,10,3,25,60,0,138,72,0,"WAS","MIN",9,19,"False","dome","sportturf",72,45,0,-16,"MIN",42,"2019-10-24",TRUE,-10,TRUE,-10,TRUE,-10,TRUE,-10,TRUE,-10,TRUE,-10
"214","MIN",23,26,285,0,0,3,12,39,112,38,161,1,41,24,23,285,0,109,1,1,37,67,30,37,"MIN","WAS",0,0,0,0,0,1,95,0,8,5,95,66,2,96,188,1,"WAS","MIN",9,19,"False","dome","sportturf",72,45,0,-16,"MIN",42,"2019-10-24",FALSE,10,FALSE,10,FALSE,10,FALSE,10,FALSE,10,FALSE,10
"215","ATL",39,52,460,1,1,2,19,35,99,17,69,1,36,49,39,460,1,164,2,0,17,71,54,17,"ATL","SEA",2,0,0,1,0,1,352,7,16,1,9,60,0,352,236,0,"SEA","ATL",27,20,"False","retractable roof (open)","fieldturf",72,45,0,-7,"SEA",48,"2019-10-27",FALSE,-7,FALSE,-7,FALSE,-7,FALSE,-7,FALSE,-7,FALSE,-7
"216","SEA",14,20,182,2,0,2,11,23,131,33,151,1,43,20,14,182,2,90,0,2,31,55,24,31,"SEA","ATL",0,0,0,0,0,1,202,2,7,0,47,104,1,202,71,2,"SEA","ATL",27,20,"False","retractable roof (open)","fieldturf",72,45,0,-7,"SEA",48,"2019-10-27",FALSE,7,FALSE,7,FALSE,7,FALSE,7,FALSE,7,FALSE,7
"217","PHI",17,24,172,1,0,3,19,38,104,41,218,3,119,24,17,172,1,113,1,3,38,68,30,38,"PHI","BUF",1,0,0,0,0,0,121,3,9,2,132,86,1,120,107,0,"PHI","BUF",31,13,"False","outdoors","astroturf",54,87,23,-1,"BUF",39,"2019-10-27",FALSE,18,FALSE,18,FALSE,18,FALSE,18,FALSE,18,FALSE,18
"218","BUF",16,34,169,2,0,4,14,28,81,20,98,0,38,31,16,169,2,100,1,5,15,58,43,15,"BUF","PHI",0,0,0,0,0,0,317,11,11,3,56,42,3,273,79,2,"PHI","BUF",31,13,"False","outdoors","astroturf",54,87,23,-1,"BUF",39,"2019-10-27",TRUE,-18,TRUE,-18,TRUE,-18,TRUE,-18,TRUE,-18,TRUE,-18
"219","LAC",19,29,201,1,1,1,6,43,82,12,36,1,24,29,19,201,1,104,0,0,12,42,30,12,"LAC","CHI",0,0,0,0,0,0,259,2,4,0,25,11,0,259,54,4,"LAC","CHI",17,16,"False","outdoors","grass",52,59,9,-3,"CHI",41,"2019-10-27",FALSE,1,FALSE,1,FALSE,1,FALSE,1,FALSE,1,FALSE,1
"220","CHI",23,35,253,0,1,4,27,35,75,38,162,1,80,33,23,253,0,149,1,2,36,77,41,36,"CHI","LAC",0,0,0,0,1,0,308,5,3,1,119,43,3,271,88,0,"LAC","CHI",17,16,"False","outdoors","grass",52,59,9,-3,"CHI",41,"2019-10-27",FALSE,-1,FALSE,-1,FALSE,-1,FALSE,-1,FALSE,-1,FALSE,-1
"221","DEN",20,32,174,0,0,3,8,33,76,28,113,1,35,30,20,174,0,116,0,1,27,63,36,27,"DEN","IND",0,0,0,0,0,0,167,4,10,3,52,61,1,160,103,4,"DEN","IND",13,15,"False","retractable roof (open)","fieldturf",72,45,0,-6,"IND",41,"2019-10-27",FALSE,-2,FALSE,-2,FALSE,-2,FALSE,-2,FALSE,-2,FALSE,-2
"222","IND",15,25,202,0,0,4,11,35,85,31,127,1,39,24,15,202,0,113,1,5,26,60,34,26,"IND","DEN",0,0,0,0,0,0,205,4,10,3,91,36,0,204,90,0,"DEN","IND",13,15,"False","retractable roof (open)","fieldturf",72,45,0,-6,"IND",41,"2019-10-27",FALSE,2,FALSE,2,FALSE,2,FALSE,2,FALSE,2,FALSE,2
"223","NYG",28,41,322,4,0,3,32,38,124,24,80,0,25,40,28,322,4,151,1,1,23,68,45,23,"NYG","DET",0,0,0,1,0,0,307,3,5,3,39,41,3,297,137,2,"NYG","DET",26,31,"False","dome","fieldturf",72,45,0,-6,"DET",49,"2019-10-27",FALSE,-5,FALSE,-5,FALSE,-5,FALSE,-5,FALSE,-5,FALSE,-5
"224","DET",25,32,342,3,1,4,26,49,129,25,59,0,26,31,25,342,3,177,1,0,25,61,36,25,"DET","NYG",0,0,0,1,0,1,390,5,7,3,20,39,1,376,96,1,"NYG","DET",26,31,"False","dome","fieldturf",72,45,0,-6,"DET",49,"2019-10-27",FALSE,5,FALSE,5,FALSE,5,FALSE,5,FALSE,5,FALSE,5
"225","LVR",18,30,285,3,0,0,0,65,125,23,93,0,33,30,18,285,3,191,0,0,23,53,30,23,"LVR","HOU",0,0,0,0,0,0,278,3,4,3,42,51,2,277,183,2,"LVR","HOU",24,27,"False","retractable roof (closed)","grass",72,45,0,-5,"HOU",52,"2019-10-27",FALSE,-3,FALSE,-3,FALSE,-3,FALSE,-3,FALSE,-3,FALSE,-3
"226","HOU",27,39,279,3,0,3,21,46,115,32,130,0,36,38,27,279,3,122,0,4,28,74,46,28,"HOU","LVR",0,0,0,0,0,1,266,3,6,3,56,74,8,254,106,3,"LVR","HOU",24,27,"False","retractable roof (closed)","grass",72,45,0,-5,"HOU",52,"2019-10-27",FALSE,3,FALSE,3,FALSE,3,FALSE,3,FALSE,3,FALSE,3
"227","JAX",22,34,279,3,0,2,1,70,119,34,111,0,85,33,22,279,3,156,1,4,30,70,40,30,"JAX","NYJ",0,0,0,0,0,1,223,4,16,5,6,105,2,220,140,3,"NYJ","JAX",15,29,"False","outdoors","grass",72,45,0,-7,"JAX",39,"2019-10-27",FALSE,14,FALSE,14,FALSE,14,FALSE,14,FALSE,14,FALSE,14
"228","NYJ",21,30,218,2,3,8,51,24,73,14,46,0,22,29,21,218,2,92,0,0,14,52,38,14,"NYJ","JAX",2,0,0,0,0,0,233,4,13,4,9,37,0,233,101,1,"NYJ","JAX",15,29,"False","outdoors","grass",72,45,0,-7,"JAX",39,"2019-10-27",TRUE,-14,TRUE,-14,TRUE,-14,TRUE,-14,TRUE,-14,TRUE,-14
"229","GNB",23,33,305,3,0,5,49,67,129,26,118,1,38,31,23,305,3,155,0,3,23,64,41,23,"GNB","KAN",0,0,0,1,0,1,236,7,17,0,52,66,4,231,186,0,"GNB","KAN",31,24,"False","outdoors","grass",54,60,5,-5,"GNB",48,"2019-10-27",FALSE,7,FALSE,7,FALSE,7,FALSE,7,FALSE,7,FALSE,7
"230","KAN",24,36,267,2,0,2,18,30,107,20,88,1,34,35,24,267,2,118,1,1,19,58,39,19,"KAN","GNB",0,0,0,0,0,0,200,5,7,3,23,65,3,209,167,2,"GNB","KAN",31,24,"False","outdoors","grass",54,60,5,-5,"GNB",48,"2019-10-27",FALSE,-7,FALSE,-7,FALSE,-7,FALSE,-7,FALSE,-7,FALSE,-7
"231","NOR",34,43,373,3,1,0,0,36,116,29,137,1,53,43,34,373,3,184,0,0,29,72,43,29,"NOR","ARI",0,0,0,1,1,1,228,7,18,6,62,75,2,227,242,1,"ARI","NOR",9,31,"False","dome","astroturf",72,45,0,-12,"NOR",47,"2019-10-27",FALSE,22,FALSE,22,FALSE,22,FALSE,22,FALSE,22,FALSE,22
"232","ARI",19,34,220,0,0,4,23,47,117,11,40,0,30,32,19,220,0,107,0,0,11,49,38,11,"ARI","NOR",0,0,0,0,0,0,289,10,11,8,37,3,0,285,87,1,"ARI","NOR",9,31,"False","dome","astroturf",72,45,0,-12,"NOR",47,"2019-10-27",TRUE,-22,TRUE,-22,TRUE,-22,TRUE,-22,TRUE,-22,TRUE,-22
"233","CLE",20,31,194,1,1,5,43,31,79,22,159,0,72,30,20,194,1,104,2,1,21,58,37,21,"CLE","NWE",0,0,0,0,1,0,252,7,15,2,75,84,1,238,81,1,"CLE","NWE",13,27,"False","outdoors","grass",49,91,11,-9,"NWE",43,"2019-10-27",TRUE,-14,TRUE,-14,TRUE,-14,TRUE,-14,TRUE,-14,TRUE,-14
"234","NWE",20,36,259,2,0,3,20,59,96,27,79,0,19,32,20,259,2,174,0,0,27,66,39,27,"NWE","CLE",0,0,0,0,0,0,253,7,13,6,30,49,0,238,110,3,"CLE","NWE",13,27,"False","outdoors","grass",49,91,11,-9,"NWE",43,"2019-10-27",FALSE,14,FALSE,14,FALSE,14,FALSE,14,FALSE,14,FALSE,14
"235","TAM",21,43,301,2,2,3,18,46,68,30,106,0,30,41,21,301,2,98,2,6,24,76,52,24,"TAM","TEN",2,0,0,1,0,1,458,9,21,2,69,37,0,462,71,3,"TAM","TEN",23,27,"False","outdoors","grass",59,67,3,-2,"TEN",45,"2019-10-27",FALSE,-4,FALSE,-4,FALSE,-4,FALSE,-4,FALSE,-4,FALSE,-4
"236","TEN",21,33,193,3,0,3,19,26,109,21,72,0,35,33,21,193,3,95,1,0,21,57,36,21,"TEN","TAM",0,0,0,0,0,0,337,4,19,1,35,37,2,336,76,0,"TAM","TEN",23,27,"False","outdoors","grass",59,67,3,-2,"TEN",45,"2019-10-27",FALSE,4,FALSE,4,FALSE,4,FALSE,4,FALSE,4,FALSE,4
"237","LAR",17,31,372,2,0,0,0,65,119,26,98,1,40,30,17,372,2,160,0,0,26,57,31,26,"LAR","CIN",0,0,0,1,0,1,327,8,8,1,74,24,5,321,202,2,"CIN","LAR",10,24,"False","outdoors","grass",48,69,5,-12,"LAR",48,"2019-10-27",FALSE,14,FALSE,14,FALSE,14,FALSE,14,FALSE,14,FALSE,14
"238","CIN",32,52,329,1,0,5,32,52,86,22,104,0,45,48,32,329,1,146,0,1,21,79,58,21,"CIN","LAR",0,0,0,1,0,0,429,10,18,4,61,43,6,437,120,1,"CIN","LAR",10,24,"False","outdoors","grass",48,69,5,-12,"LAR",48,"2019-10-27",TRUE,-14,TRUE,-14,TRUE,-14,TRUE,-14,TRUE,-14,TRUE,-14
"239","CAR",19,37,158,0,3,7,58,24,28,19,130,1,50,37,19,158,0,84,0,0,19,63,44,19,"CAR","SFO",1,0,0,0,1,0,326,10,4,5,99,31,1,326,85,3,"CAR","SFO",13,51,"False","outdoors","grass",66,20,19,-4,"SFO",41,"2019-10-27",TRUE,-38,TRUE,-38,TRUE,-38,TRUE,-38,TRUE,-38,TRUE,-38
"240","SFO",18,22,175,2,1,3,19,29,111,38,232,5,129,22,18,175,2,93,0,0,38,63,25,38,"SFO","CAR",0,0,0,0,1,0,117,2,7,2,186,46,0,116,95,0,"CAR","SFO",13,51,"False","outdoors","grass",66,20,19,-4,"SFO",41,"2019-10-27",FALSE,38,FALSE,38,FALSE,38,FALSE,38,FALSE,38,FALSE,38
"241","MIA",21,34,190,2,2,4,20,17,71,19,60,0,21,33,21,190,2,88,2,3,16,57,41,16,"MIA","PIT",0,0,0,0,0,0,299,7,14,6,42,18,0,288,61,3,"MIA","PIT",14,27,"False","outdoors","grass",59,50,2,-14,"PIT",44,"2019-10-28",TRUE,-13,TRUE,-13,TRUE,-13,TRUE,-13,TRUE,-13,TRUE,-13
"242","PIT",20,36,251,2,1,2,15,45,84,29,158,1,30,36,20,251,2,142,0,0,29,67,38,29,"PIT","MIA",0,0,0,0,1,1,479,7,22,2,88,70,2,479,100,1,"MIA","PIT",14,27,"False","outdoors","grass",59,50,2,-14,"PIT",44,"2019-10-28",FALSE,13,FALSE,13,FALSE,13,FALSE,13,FALSE,13,FALSE,13
"243","ARI",17,24,241,2,0,3,37,88,130,23,153,1,66,23,17,241,2,174,0,1,22,50,28,22,"ARI","SFO",2,0,0,0,1,0,104,3,6,3,86,67,1,84,198,1,"SFO","ARI",28,25,"False","retractable roof (closed)","grass",72,45,0,-10,"SFO",43,"2019-10-31",FALSE,-3,FALSE,-3,FALSE,-3,FALSE,-3,FALSE,-3,FALSE,-3
"244","SFO",28,37,317,4,0,1,7,32,136,31,101,0,41,37,28,317,4,138,0,1,30,69,39,30,"SFO","ARI",0,0,0,1,0,1,261,4,16,3,74,27,0,261,138,1,"SFO","ARI",28,25,"False","retractable roof (closed)","grass",72,45,0,-10,"SFO",43,"2019-10-31",FALSE,3,FALSE,3,FALSE,3,FALSE,3,FALSE,3,FALSE,3
"245","BUF",14,20,160,1,0,2,14,49,110,39,122,2,29,20,14,160,1,100,0,1,38,61,23,38,"BUF","WAS",0,0,0,0,0,0,201,3,6,4,78,44,1,201,89,2,"WAS","BUF",9,24,"False","outdoors","astroturf",42,56,18,-10,"BUF",37,"2019-11-03",FALSE,15,FALSE,15,FALSE,15,FALSE,15,FALSE,15,FALSE,15
"246","WAS",15,22,144,0,0,4,28,22,86,23,127,0,40,22,15,144,0,93,0,3,20,49,29,20,"WAS","BUF",0,0,0,0,1,0,144,5,7,3,46,81,2,144,78,0,"WAS","BUF",9,24,"False","outdoors","astroturf",42,56,18,-10,"BUF",37,"2019-11-03",TRUE,-15,TRUE,-15,TRUE,-15,TRUE,-15,TRUE,-15,TRUE,-15
"247","CAR",17,32,232,2,1,3,18,32,84,33,156,2,69,30,17,232,2,104,0,0,33,68,35,33,"CAR","TEN",0,0,0,0,1,1,399,4,9,6,135,21,4,392,60,2,"TEN","CAR",20,30,"False","outdoors","grass",58,34,5,-3,"CAR",43,"2019-11-03",FALSE,10,FALSE,10,FALSE,10,FALSE,10,FALSE,10,FALSE,10
"248","TEN",27,39,331,1,2,4,21,35,82,21,121,2,52,37,27,331,1,162,1,3,18,64,46,18,"TEN","CAR",0,0,0,1,0,0,304,6,8,3,96,25,3,304,176,2,"TEN","CAR",20,30,"False","outdoors","grass",58,34,5,-3,"CAR",43,"2019-11-03",TRUE,-10,TRUE,-10,TRUE,-10,TRUE,-10,TRUE,-10,TRUE,-10
"249","DEN",12,20,193,2,0,3,18,75,125,20,127,1,64,18,12,193,2,118,1,2,18,43,25,18,"DEN","CLE",0,0,0,0,0,1,181,3,8,2,95,32,1,175,106,1,"CLE","DEN",19,24,"False","outdoors","grass",55,32,4,-4,"CLE",39,"2019-11-03",FALSE,5,FALSE,5,FALSE,5,FALSE,5,FALSE,5,FALSE,5
"250","CLE",27,42,273,1,0,2,12,41,90,29,90,0,26,40,27,273,1,143,0,2,27,73,46,27,"CLE","DEN",0,0,0,0,0,0,182,5,11,4,45,45,2,159,204,3,"CLE","DEN",19,24,"False","outdoors","grass",55,32,4,-4,"CLE",39,"2019-11-03",FALSE,-5,FALSE,-5,FALSE,-5,FALSE,-5,FALSE,-5,FALSE,-5
"251","JAX",27,47,309,0,2,4,27,31,59,15,74,0,21,44,27,309,0,157,2,4,11,66,55,11,"JAX","HOU",0,0,0,1,0,0,381,8,16,6,35,39,1,374,143,3,"HOU","JAX",26,3,"False","outdoors","grass",53,54,6,-1,"JAX",46,"2019-11-03",TRUE,-23,TRUE,-23,TRUE,-23,TRUE,-23,TRUE,-23,TRUE,-23
"252","HOU",22,28,201,2,0,1,7,21,120,34,216,1,81,28,22,201,2,81,1,3,31,63,32,31,"HOU","JAX",0,0,0,0,1,0,181,3,8,2,139,77,3,180,91,1,"HOU","JAX",26,3,"False","outdoors","grass",53,54,6,-1,"JAX",46,"2019-11-03",FALSE,23,FALSE,23,FALSE,23,FALSE,23,FALSE,23,FALSE,23
"253","MIN",19,38,220,3,0,1,8,32,94,27,96,0,34,37,19,220,3,140,0,1,26,66,40,26,"MIN","KAN",0,0,0,0,0,0,258,13,7,1,35,61,0,251,123,1,"MIN","KAN",23,26,"False","outdoors","grass",54,37,15,-5,"MIN",46,"2019-11-03",FALSE,-3,FALSE,-3,FALSE,-3,FALSE,-3,FALSE,-3,FALSE,-3
"254","KAN",25,35,275,1,0,5,45,41,103,18,147,1,111,34,25,275,1,87,1,0,18,58,40,18,"KAN","MIN",0,0,0,0,1,1,292,5,7,1,46,101,0,291,49,0,"MIN","KAN",23,26,"False","outdoors","grass",54,37,15,-5,"MIN",46,"2019-11-03",FALSE,3,FALSE,3,FALSE,3,FALSE,3,FALSE,3,FALSE,3
"255","NYJ",27,39,260,1,1,3,22,22,85,21,83,0,25,36,27,260,1,103,0,0,21,63,42,21,"NYJ","MIA",0,0,0,0,0,0,269,5,11,3,51,32,0,247,118,2,"NYJ","MIA",18,26,"False","outdoors","grass",85,64,11,-3,"NYJ",42,"2019-11-03",FALSE,-8,FALSE,-8,FALSE,-8,FALSE,-8,FALSE,-8,FALSE,-8
"256","MIA",24,36,288,3,0,4,22,34,118,24,50,0,28,36,24,288,3,111,0,2,22,64,42,22,"MIA","NYJ",0,0,0,0,0,0,343,4,15,3,23,27,0,343,106,3,"NYJ","MIA",18,26,"False","outdoors","grass",85,64,11,-3,"NYJ",42,"2019-11-03",FALSE,8,FALSE,8,FALSE,8,FALSE,8,FALSE,8,FALSE,8
"257","PHI",26,39,239,1,0,4,12,25,91,35,146,1,40,39,26,239,1,94,0,2,33,78,45,33,"PHI","CHI",0,0,0,0,0,1,303,3,12,2,106,40,0,303,123,5,"CHI","PHI",14,22,"False","outdoors","grass",52,37,13,-5,"PHI",41,"2019-11-03",FALSE,8,FALSE,8,FALSE,8,FALSE,8,FALSE,8,FALSE,8
"258","CHI",10,21,125,0,0,3,23,53,66,18,62,2,32,21,10,125,0,100,1,1,17,42,25,17,"CHI","PHI",0,0,0,0,0,0,225,5,6,2,42,20,2,225,51,4,"CHI","PHI",14,22,"False","outdoors","grass",52,37,13,-5,"PHI",41,"2019-11-03",FALSE,-8,FALSE,-8,FALSE,-8,FALSE,-8,FALSE,-8,FALSE,-8
"259","IND",21,31,227,3,1,5,38,48,221,29,139,0,72,30,21,227,3,118,2,2,27,65,38,27,"IND","PIT",0,0,0,0,0,0,182,3,15,6,78,61,2,169,91,2,"IND","PIT",24,26,"False","outdoors","grass",48,47,12,-1,"PIT",39,"2019-11-03",FALSE,-2,FALSE,-2,FALSE,-2,FALSE,-2,FALSE,-2,FALSE,-2
"260","PIT",26,35,191,1,1,1,8,40,84,25,90,0,60,34,26,191,1,85,1,1,24,61,37,24,"PIT","IND",0,0,0,0,0,0,192,5,6,8,44,46,0,189,112,1,"IND","PIT",24,26,"False","outdoors","grass",48,47,12,-1,"PIT",39,"2019-11-03",FALSE,2,FALSE,2,FALSE,2,FALSE,2,FALSE,2,FALSE,2
"261","DET",26,41,406,3,1,2,23,59,110,19,90,0,47,41,26,406,3,194,1,2,17,62,45,17,"DET","LVR",0,0,0,1,0,2,464,12,7,6,48,42,1,464,137,0,"DET","LVR",24,31,"False","outdoors","grass",71,34,6,-2,"LVR",51,"2019-11-03",FALSE,-7,FALSE,-7,FALSE,-7,FALSE,-7,FALSE,-7,FALSE,-7
"262","LVR",20,31,289,2,0,1,10,34,116,36,171,2,61,27,20,289,2,168,0,0,36,68,32,36,"LVR","DET",0,0,0,0,1,0,263,3,3,6,92,79,3,234,109,2,"DET","LVR",24,31,"False","outdoors","grass",71,34,6,-2,"LVR",51,"2019-11-03",FALSE,7,FALSE,7,FALSE,7,FALSE,7,FALSE,7,FALSE,7
"263","NWE",30,46,285,1,1,2,17,30,80,17,74,1,24,41,30,285,1,123,1,0,17,65,48,17,"NWE","BAL",0,0,0,0,0,0,338,7,22,1,52,22,0,310,135,1,"NWE","BAL",20,37,"False","outdoors","grass",48,41,1,-3,"NWE",44,"2019-11-03",TRUE,-17,TRUE,-17,TRUE,-17,TRUE,-17,TRUE,-17,TRUE,-17
"264","BAL",17,23,163,1,0,1,1,26,107,41,210,3,86,23,17,163,1,94,1,2,39,65,26,39,"BAL","NWE",0,0,0,0,1,0,117,4,10,1,167,43,0,117,111,0,"NWE","BAL",20,37,"False","outdoors","grass",48,41,1,-3,"NWE",44,"2019-11-03",FALSE,17,FALSE,17,FALSE,17,FALSE,17,FALSE,17,FALSE,17
"265","GNB",23,35,161,1,0,3,22,17,85,11,45,0,17,34,23,161,1,55,0,1,10,49,39,10,"GNB","LAC",1,0,0,0,0,0,299,9,1,6,18,27,1,297,89,1,"GNB","LAC",11,26,"False","outdoors","grass",72,45,0,-4,"GNB",50,"2019-11-03",TRUE,-15,TRUE,-15,TRUE,-15,TRUE,-15,TRUE,-15,TRUE,-15
"266","LAC",21,28,294,0,0,2,11,56,108,38,159,2,41,26,21,294,0,123,0,1,37,68,31,37,"LAC","GNB",0,0,0,0,0,1,238,4,6,3,88,71,2,220,143,1,"GNB","LAC",11,26,"False","outdoors","grass",72,45,0,-4,"GNB",50,"2019-11-03",FALSE,15,FALSE,15,FALSE,15,FALSE,15,FALSE,15,FALSE,15
"267","TAM",29,44,335,2,0,2,16,25,103,26,99,2,35,43,29,335,2,110,1,1,25,72,47,25,"TAM","SEA",0,0,0,1,0,1,448,10,20,2,34,65,8,452,97,1,"TAM","SEA",34,40,"True","outdoors","fieldturf",54,66,6,-4,"SEA",51,"2019-11-03",FALSE,-6,FALSE,-6,FALSE,-6,FALSE,-6,FALSE,-6,FALSE,-6
"268","SEA",29,43,378,5,0,3,31,53,133,22,145,0,93,43,29,378,5,148,1,1,21,68,47,21,"SEA","TAM",2,0,0,1,1,2,346,7,35,1,38,107,8,346,174,1,"TAM","SEA",34,40,"True","outdoors","fieldturf",54,66,6,-4,"SEA",51,"2019-11-03",FALSE,6,FALSE,6,FALSE,6,FALSE,6,FALSE,6,FALSE,6
"269","NYG",26,41,210,1,1,5,39,65,74,22,100,0,42,41,26,210,1,130,2,4,18,68,50,18,"NYG","DAL",0,0,0,0,0,0,240,9,10,4,91,9,0,239,129,2,"DAL","NYG",37,18,"False","outdoors","fieldturf ",51,58,10,-6,"DAL",48,"2019-11-04",TRUE,-19,TRUE,-19,TRUE,-19,TRUE,-19,TRUE,-19,TRUE,-19
"270","DAL",22,35,257,3,1,0,0,45,101,30,172,0,40,34,22,257,3,136,1,1,29,65,36,29,"DAL","NYG",0,0,0,0,1,0,360,6,11,4,126,46,1,351,133,1,"DAL","NYG",37,18,"False","outdoors","fieldturf ",51,58,10,-6,"DAL",48,"2019-11-04",FALSE,19,FALSE,19,FALSE,19,FALSE,19,FALSE,19,FALSE,19
"271","LAC",17,31,207,2,3,5,38,45,57,30,146,1,53,31,17,207,2,132,0,0,30,66,36,30,"LAC","LVR",0,0,0,0,1,0,397,9,4,0,58,88,4,396,65,0,"LAC","LVR",24,26,"False","outdoors","grass",54,84,9,-1,"LAC",49,"2019-11-07",FALSE,-2,FALSE,-2,FALSE,-2,FALSE,-2,FALSE,-2,FALSE,-2
"272","LVR",21,31,218,1,0,3,18,27,98,21,78,1,25,30,21,218,1,112,0,1,20,55,35,20,"LVR","LAC",0,0,0,0,0,0,183,7,5,6,31,47,1,176,117,0,"LAC","LVR",24,26,"False","outdoors","grass",54,84,9,-1,"LAC",49,"2019-11-07",FALSE,2,FALSE,2,FALSE,2,FALSE,2,FALSE,2,FALSE,2
"273","DET",27,46,269,1,1,2,10,47,73,27,98,0,33,43,27,269,1,138,0,4,23,75,52,23,"DET","CHI",0,0,0,0,0,0,307,9,8,7,62,36,3,300,125,3,"DET","CHI",13,20,"False","outdoors","grass",40,80,12,-6,"CHI",38,"2019-11-10",FALSE,-7,FALSE,-7,FALSE,-7,FALSE,-7,FALSE,-7,FALSE,-7
"274","CHI",16,23,173,3,0,5,28,33,131,24,81,0,19,23,16,173,3,91,0,1,23,52,29,23,"CHI","DET",0,0,0,0,0,0,221,2,5,2,45,36,4,220,62,1,"DET","CHI",13,20,"False","outdoors","grass",40,80,12,-6,"CHI",38,"2019-11-10",FALSE,7,FALSE,7,FALSE,7,FALSE,7,FALSE,7,FALSE,7
"275","BAL",18,22,243,3,1,1,0,57,187,23,136,2,81,21,18,243,3,124,0,1,22,46,24,22,"BAL","CIN",0,0,0,0,0,0,231,0,9,1,73,63,2,231,67,0,"BAL","CIN",49,13,"False","outdoors","grass",56,53,9,-10,"BAL",44,"2019-11-10",FALSE,36,FALSE,36,FALSE,36,FALSE,36,FALSE,36,FALSE,36
"276","CIN",16,30,167,1,1,2,17,24,66,40,157,0,52,29,16,167,1,88,2,3,37,72,35,37,"CIN","BAL",0,0,0,0,1,0,225,8,20,3,90,67,2,213,87,0,"BAL","CIN",49,13,"False","outdoors","grass",56,53,9,-10,"BAL",44,"2019-11-10",TRUE,-36,TRUE,-36,TRUE,-36,TRUE,-36,TRUE,-36,TRUE,-36
"277","CLE",26,38,238,2,0,2,17,24,102,26,147,0,35,38,26,238,2,86,0,1,25,66,41,25,"CLE","BUF",0,0,0,0,1,0,261,4,19,2,28,119,3,260,122,2,"BUF","CLE",16,19,"False","outdoors","grass",72,45,0,-3,"CLE",42,"2019-11-10",FALSE,3,FALSE,3,FALSE,3,FALSE,3,FALSE,3,FALSE,3
"278","BUF",22,41,266,0,0,1,6,26,73,20,84,2,28,39,22,266,0,118,0,1,19,62,43,19,"BUF","CLE",0,0,0,0,0,0,403,11,18,5,32,52,1,408,88,2,"BUF","CLE",16,19,"False","outdoors","grass",72,45,0,-3,"CLE",42,"2019-11-10",FALSE,-3,FALSE,-3,FALSE,-3,FALSE,-3,FALSE,-3,FALSE,-3
"279","MIA",21,33,169,0,1,3,10,21,63,26,70,1,21,33,21,169,0,83,1,3,23,62,39,23,"MIA","IND",0,0,0,0,0,0,173,5,8,4,33,37,1,172,92,1,"MIA","IND",16,12,"False","retractable roof (closed)","fieldturf",72,45,0,-11,"IND",44,"2019-11-10",FALSE,4,FALSE,4,FALSE,4,FALSE,4,FALSE,4,FALSE,4
"280","IND",18,39,204,1,3,1,13,23,38,29,109,0,43,39,18,204,1,118,0,1,28,69,41,28,"IND","MIA",0,0,0,0,0,0,401,12,15,3,68,41,2,401,95,1,"MIA","IND",16,12,"False","retractable roof (closed)","fieldturf",72,45,0,-11,"IND",44,"2019-11-10",FALSE,-4,FALSE,-4,FALSE,-4,FALSE,-4,FALSE,-4,FALSE,-4
"281","DAL",28,47,397,3,1,1,4,26,141,22,50,0,9,44,28,397,3,116,0,0,22,70,48,22,"DAL","MIN",0,0,0,1,0,2,567,8,16,5,40,10,2,522,98,1,"MIN","DAL",28,24,"False","retractable roof (closed)","fieldturf",72,45,0,-3,"DAL",48,"2019-11-10",FALSE,-4,FALSE,-4,FALSE,-4,FALSE,-4,FALSE,-4,FALSE,-4
"282","MIN",23,32,220,2,0,1,9,30,111,36,153,1,43,31,23,220,2,100,0,1,35,69,34,35,"MIN","DAL",2,0,0,0,0,0,188,5,10,1,82,71,7,184,147,0,"MIN","DAL",28,24,"False","retractable roof (closed)","fieldturf",72,45,0,-3,"DAL",48,"2019-11-10",FALSE,4,FALSE,4,FALSE,4,FALSE,4,FALSE,4,FALSE,4
"283","CAR",28,43,307,1,1,3,26,38,84,23,120,1,26,38,28,307,1,103,1,2,21,69,48,21,"CAR","GNB",0,0,0,1,1,1,358,6,7,4,95,25,0,329,124,0,"CAR","GNB",16,24,"False","outdoors","grass",72,45,0,-5,"GNB",49,"2019-11-10",FALSE,-8,FALSE,-8,FALSE,-8,FALSE,-8,FALSE,-8,FALSE,-8
"284","GNB",17,29,233,0,0,2,8,48,84,27,163,3,51,27,17,233,0,121,0,1,26,58,32,26,"GNB","CAR",0,0,0,0,0,1,338,6,10,3,101,62,8,321,113,0,"CAR","GNB",16,24,"False","outdoors","grass",72,45,0,-5,"GNB",49,"2019-11-10",FALSE,8,FALSE,8,FALSE,8,FALSE,8,FALSE,8,FALSE,8
"285","NOR",33,46,304,0,0,6,46,39,206,11,52,0,30,44,33,304,0,81,0,0,11,63,52,11,"NOR","ATL",0,0,0,0,0,1,277,7,10,2,24,28,0,277,150,1,"ATL","NOR",26,9,"False","dome","astroturf",72,45,0,-14,"NOR",51,"2019-11-10",TRUE,-17,TRUE,-17,TRUE,-17,TRUE,-17,TRUE,-17,TRUE,-17
"286","ATL",20,35,182,2,1,1,8,54,78,34,143,0,66,32,20,182,2,115,0,2,32,70,38,32,"ATL","NOR",0,0,0,0,0,0,260,4,12,1,81,62,0,259,89,0,"ATL","NOR",26,9,"False","dome","astroturf",72,45,0,-14,"NOR",51,"2019-11-10",FALSE,17,FALSE,17,FALSE,17,FALSE,17,FALSE,17,FALSE,17
"287","NYJ",19,30,230,1,0,2,12,47,97,29,76,2,43,27,19,230,1,114,0,1,28,61,33,28,"NYJ","NYG",0,0,0,0,0,0,255,4,14,2,35,41,0,216,125,0,"NYG","NYJ",27,34,"False","outdoors","fieldturf ",48,50,8,-3,"NYG",43,"2019-11-10",FALSE,7,FALSE,7,FALSE,7,FALSE,7,FALSE,7,FALSE,7
"288","NYG",26,40,308,4,0,6,50,61,121,17,23,0,16,38,26,308,4,168,2,2,15,63,48,15,"NYG","NYJ",4,0,0,1,0,1,240,7,13,2,-3,26,1,245,179,0,"NYG","NYJ",27,34,"False","outdoors","fieldturf ",48,50,8,-3,"NYG",43,"2019-11-10",FALSE,-7,FALSE,-7,FALSE,-7,FALSE,-7,FALSE,-7,FALSE,-7
"289","KAN",36,51,446,3,0,2,13,63,158,25,97,0,33,49,36,446,3,186,1,0,25,78,53,25,"KAN","TEN",0,0,0,1,0,1,422,5,11,7,52,45,2,417,248,3,"KAN","TEN",32,35,"False","outdoors","grass",63,35,9,-5,"KAN",49,"2019-11-10",FALSE,-3,FALSE,-3,FALSE,-3,FALSE,-3,FALSE,-3,FALSE,-3
"290","TEN",13,19,181,2,0,4,35,52,133,26,225,2,86,19,13,181,2,147,1,2,24,49,25,24,"TEN","KAN",1,0,0,0,1,0,251,3,6,2,85,140,3,251,51,0,"KAN","TEN",32,35,"False","outdoors","grass",63,35,9,-5,"KAN",49,"2019-11-10",FALSE,3,FALSE,3,FALSE,3,FALSE,3,FALSE,3,FALSE,3
"291","LAR",22,42,243,0,3,4,25,24,51,23,88,0,31,42,22,243,0,83,1,0,23,69,46,23,"LAR","PIT",0,0,0,0,0,0,298,5,13,6,58,30,0,298,90,3,"LAR","PIT",12,17,"False","outdoors","grass",55,44,12,-4,"LAR",43,"2019-11-10",FALSE,-5,FALSE,-5,FALSE,-5,FALSE,-5,FALSE,-5,FALSE,-5
"292","PIT",22,38,242,1,0,3,11,34,85,27,42,0,21,36,22,242,1,114,1,0,27,68,41,27,"PIT","LAR",0,0,0,0,0,0,250,6,13,9,7,35,2,248,105,5,"LAR","PIT",12,17,"False","outdoors","grass",55,44,12,-4,"LAR",43,"2019-11-10",FALSE,5,FALSE,5,FALSE,5,FALSE,5,FALSE,5,FALSE,5
"293","TAM",30,48,358,1,2,4,19,49,74,26,118,2,60,45,30,358,1,173,1,3,23,78,55,23,"TAM","ARI",0,0,0,1,0,0,440,10,19,0,53,65,8,437,192,0,"ARI","TAM",27,30,"False","outdoors","grass",77,53,8,-5,"TAM",51,"2019-11-10",FALSE,3,FALSE,3,FALSE,3,FALSE,3,FALSE,3,FALSE,3
"294","ARI",28,45,350,3,1,2,8,95,215,18,75,0,54,43,28,350,3,206,1,0,18,65,47,18,"ARI","TAM",0,0,0,1,0,1,560,8,11,0,46,29,2,536,137,2,"ARI","TAM",27,30,"False","outdoors","grass",77,53,8,-5,"TAM",51,"2019-11-10",FALSE,-3,FALSE,-3,FALSE,-3,FALSE,-3,FALSE,-3,FALSE,-3
"295","SEA",24,34,232,1,1,5,43,28,86,34,147,1,32,33,24,232,1,98,2,5,29,73,44,29,"SEA","SFO",0,0,0,0,0,0,185,2,12,5,102,45,0,184,147,1,"SEA","SFO",27,24,"True","outdoors","grass",77,32,3,-6,"SFO",47,"2019-11-11",FALSE,3,FALSE,3,FALSE,3,FALSE,3,FALSE,3,FALSE,3
"296","SFO",24,46,248,1,1,5,33,30,66,27,87,0,39,44,24,248,1,96,2,0,27,78,51,27,"SFO","SEA",2,0,0,0,0,1,374,8,13,9,39,48,2,353,159,6,"SEA","SFO",27,24,"True","outdoors","grass",77,32,3,-6,"SFO",47,"2019-11-11",FALSE,-3,FALSE,-3,FALSE,-3,FALSE,-3,FALSE,-3,FALSE,-3
"297","PIT",23,44,221,1,4,4,43,22,36,16,58,0,36,43,23,221,1,141,0,1,15,64,49,15,"PIT","CLE",0,0,0,0,0,0,439,9,24,5,34,24,0,417,129,2,"PIT","CLE",7,21,"False","outdoors","grass",36,57,10,-3,"CLE",41,"2019-11-14",TRUE,-14,TRUE,-14,TRUE,-14,TRUE,-14,TRUE,-14,TRUE,-14
"298","CLE",17,32,193,2,0,1,4,42,92,35,104,1,19,30,17,193,2,131,0,0,35,68,33,35,"CLE","PIT",0,0,0,0,0,0,277,8,18,5,33,71,3,265,68,2,"PIT","CLE",7,21,"False","outdoors","grass",36,57,10,-3,"CLE",41,"2019-11-14",FALSE,14,FALSE,14,FALSE,14,FALSE,14,FALSE,14,FALSE,14
"299","ATL",22,32,314,1,0,3,19,51,190,26,54,1,22,31,22,314,1,138,0,0,26,61,35,26,"ATL","CAR",0,1,0,1,0,1,292,3,8,2,17,37,2,287,77,3,"ATL","CAR",29,3,"False","outdoors","grass",51,50,11,-3,"CAR",49,"2019-11-17",FALSE,26,FALSE,26,FALSE,26,FALSE,26,FALSE,26,FALSE,26
"300","CAR",31,50,325,0,4,5,55,31,47,15,77,0,25,47,31,325,0,119,0,1,14,70,56,14,"CAR","ATL",0,0,0,1,0,1,351,9,7,7,44,33,2,350,155,3,"ATL","CAR",29,3,"False","outdoors","grass",51,50,11,-3,"CAR",49,"2019-11-17",TRUE,-26,TRUE,-26,TRUE,-26,TRUE,-26,TRUE,-26,TRUE,-26
"301","JAX",33,47,296,2,1,2,17,34,92,9,29,0,16,46,33,296,2,118,0,0,9,58,49,9,"JAX","IND",0,0,0,0,0,1,423,4,8,2,21,8,0,393,144,0,"JAX","IND",13,33,"False","retractable roof (closed)","fieldturf",72,45,0,-2,"IND",41,"2019-11-17",TRUE,-20,TRUE,-20,TRUE,-20,TRUE,-20,TRUE,-20,TRUE,-20
"302","IND",15,24,148,1,1,3,23,31,76,36,264,3,99,21,15,148,1,106,0,2,34,63,29,34,"IND","JAX",0,0,0,0,2,0,219,2,8,5,151,113,9,171,86,1,"JAX","IND",13,33,"False","retractable roof (closed)","fieldturf",72,45,0,-2,"IND",41,"2019-11-17",FALSE,20,FALSE,20,FALSE,20,FALSE,20,FALSE,20,FALSE,20
"303","DAL",29,46,444,3,0,1,10,49,116,24,75,1,24,45,29,444,3,178,1,2,22,71,49,22,"DAL","DET",1,0,0,1,0,2,454,11,15,4,35,40,0,443,214,2,"DAL","DET",35,27,"False","dome","fieldturf",72,45,0,-7,"DAL",46,"2019-11-17",FALSE,8,FALSE,8,FALSE,8,FALSE,8,FALSE,8,FALSE,8
"304","DET",15,26,209,2,0,3,18,39,109,28,121,2,53,24,15,209,2,147,0,4,24,57,33,24,"DET","DAL",0,0,0,0,0,0,257,5,8,8,51,70,2,235,68,0,"DAL","DET",35,27,"False","dome","fieldturf",72,45,0,-7,"DAL",46,"2019-11-17",FALSE,-8,FALSE,-8,FALSE,-8,FALSE,-8,FALSE,-8,FALSE,-8
"305","BUF",21,33,256,3,0,0,0,40,117,34,168,1,74,31,21,256,3,122,0,3,31,67,36,31,"BUF","MIA",0,0,0,0,0,1,278,5,11,1,84,84,2,255,105,3,"BUF","MIA",37,20,"False","outdoors","grass",62,74,13,-7,"BUF",41,"2019-11-17",FALSE,17,FALSE,17,FALSE,17,FALSE,17,FALSE,17,FALSE,17
"306","MIA",32,45,323,0,0,7,43,50,91,13,23,2,21,44,32,323,0,124,1,0,13,65,52,13,"MIA","BUF",0,1,0,1,0,1,317,4,18,4,3,20,0,306,136,4,"BUF","MIA",37,20,"False","outdoors","grass",62,74,13,-7,"BUF",41,"2019-11-17",TRUE,-17,TRUE,-17,TRUE,-17,TRUE,-17,TRUE,-17,TRUE,-17
"307","DEN",18,40,278,1,1,2,8,86,180,33,124,1,44,36,18,278,1,144,0,1,32,75,43,32,"DEN","MIN",0,0,0,0,0,1,355,9,13,2,78,46,0,335,77,1,"DEN","MIN",23,27,"False","dome","sportturf",72,45,0,-10,"MIN",40,"2019-11-17",FALSE,-4,FALSE,-4,FALSE,-4,FALSE,-4,FALSE,-4,FALSE,-4
"308","MIN",29,35,319,3,0,5,35,54,133,18,37,1,17,35,29,319,3,158,2,0,18,58,40,18,"MIN","DEN",0,0,0,1,0,1,281,2,7,1,29,8,0,280,123,2,"DEN","MIN",23,27,"False","dome","sportturf",72,45,0,-10,"MIN",40,"2019-11-17",FALSE,4,FALSE,4,FALSE,4,FALSE,4,FALSE,4,FALSE,4
"309","NWE",27,48,231,1,0,1,7,45,225,22,74,0,34,45,27,231,1,133,0,0,22,71,49,22,"NWE","PHI",1,0,0,0,0,0,334,9,15,0,14,60,5,315,134,4,"NWE","PHI",17,10,"False","outdoors","grass",42,57,13,-4,"NWE",45,"2019-11-17",FALSE,7,FALSE,7,FALSE,7,FALSE,7,FALSE,7,FALSE,7
"310","PHI",20,40,214,1,0,5,40,29,74,21,81,0,27,38,20,214,1,105,1,3,18,66,48,18,"PHI","NWE",0,0,0,0,0,0,405,9,16,3,33,48,2,352,74,2,"NWE","PHI",17,10,"False","outdoors","grass",42,57,13,-4,"NWE",45,"2019-11-17",FALSE,-7,FALSE,-7,FALSE,-7,FALSE,-7,FALSE,-7,FALSE,-7
"311","CIN",13,31,115,0,1,5,42,20,39,22,173,1,82,30,13,115,0,74,1,2,20,58,38,20,"CIN","LVR",0,0,0,0,0,0,201,5,8,14,141,32,0,194,51,3,"CIN","LVR",10,17,"False","outdoors","grass",76,41,13,-13,"LVR",48,"2019-11-17",FALSE,-7,FALSE,-7,FALSE,-7,FALSE,-7,FALSE,-7,FALSE,-7
"312","LVR",25,29,292,1,1,3,19,32,105,34,113,1,30,28,25,292,1,124,1,2,32,66,34,32,"LVR","CIN",0,0,0,0,1,0,186,2,9,9,48,65,3,177,128,0,"CIN","LVR",10,17,"False","outdoors","grass",76,41,13,-13,"LVR",48,"2019-11-17",FALSE,7,FALSE,7,FALSE,7,FALSE,7,FALSE,7,FALSE,7
"313","CHI",25,47,199,1,1,3,6,28,104,24,74,0,21,45,25,199,1,92,0,1,23,74,51,23,"CHI","LAR",0,0,0,0,0,0,350,9,9,10,52,22,1,325,95,2,"CHI","LAR",7,17,"False","outdoors","grass",79,20,0,-5,"LAR",40,"2019-11-17",TRUE,-10,TRUE,-10,TRUE,-10,TRUE,-10,TRUE,-10,TRUE,-10
"314","LAR",11,18,173,0,1,0,0,50,69,34,110,2,19,16,11,173,0,128,1,1,33,52,19,33,"LAR","CHI",0,0,0,0,0,0,158,3,3,0,95,15,0,141,102,1,"CHI","LAR",7,17,"False","outdoors","grass",79,20,0,-5,"LAR",40,"2019-11-17",FALSE,10,FALSE,10,FALSE,10,FALSE,10,FALSE,10,FALSE,10
"315","HOU",18,30,169,0,1,7,59,20,103,20,122,1,71,30,18,169,0,85,1,2,18,57,39,18,"HOU","BAL",0,0,0,0,0,0,227,9,19,3,56,66,1,226,97,0,"HOU","BAL",7,41,"False","outdoors","grass",44,56,10,-4,"BAL",51,"2019-11-17",TRUE,-34,TRUE,-34,TRUE,-34,TRUE,-34,TRUE,-34,TRUE,-34
"316","BAL",20,27,235,4,0,0,0,57,316,37,256,1,121,27,20,235,4,162,0,4,33,64,31,33,"BAL","HOU",0,0,0,0,1,0,210,7,6,1,110,146,0,210,145,0,"HOU","BAL",7,41,"False","outdoors","grass",44,56,10,-4,"BAL",51,"2019-11-17",FALSE,34,FALSE,34,FALSE,34,FALSE,34,FALSE,34,FALSE,34
"317","ARI",24,33,150,2,0,4,19,23,101,25,135,1,35,33,24,150,2,74,2,0,25,62,37,25,"ARI","SFO",0,0,0,0,0,0,124,4,8,9,77,58,1,124,87,1,"ARI","SFO",26,36,"False","outdoors","grass",72,46,0,-10,"SFO",44,"2019-11-17",TRUE,-10,TRUE,-10,TRUE,-10,TRUE,-10,TRUE,-10,TRUE,-10
"318","SFO",34,45,424,4,2,2,16,57,115,19,34,0,17,44,34,424,4,215,0,1,18,66,48,18,"SFO","ARI",0,0,0,1,0,1,244,5,25,4,16,18,1,243,264,2,"ARI","SFO",26,36,"False","outdoors","grass",72,46,0,-10,"SFO",44,"2019-11-17",FALSE,10,FALSE,10,FALSE,10,FALSE,10,FALSE,10,FALSE,10
"319","NOR",28,35,228,3,0,1,9,41,122,28,109,0,35,34,28,228,3,111,0,0,28,64,36,28,"NOR","TAM",0,0,0,0,0,1,157,3,14,3,58,51,0,151,131,1,"NOR","TAM",34,17,"False","outdoors","grass",55,79,4,-5,"NOR",50,"2019-11-17",FALSE,17,FALSE,17,FALSE,17,FALSE,17,FALSE,17,FALSE,17
"320","TAM",30,51,313,2,4,2,15,48,57,8,36,0,29,49,30,313,2,162,0,1,7,61,54,7,"TAM","NOR",0,0,0,1,0,0,454,10,24,6,28,8,0,436,104,2,"NOR","TAM",34,17,"False","outdoors","grass",55,79,4,-5,"NOR",50,"2019-11-17",TRUE,-17,TRUE,-17,TRUE,-17,TRUE,-17,TRUE,-17,TRUE,-17
"321","WAS",19,35,214,2,1,6,43,45,79,20,54,0,21,32,19,214,2,156,0,1,19,61,42,19,"WAS","NYJ",2,0,0,0,0,0,257,4,17,7,7,47,1,213,83,6,"NYJ","WAS",34,17,"False","outdoors","grass",43,58,8,-1,"WAS",37,"2019-11-17",TRUE,-17,TRUE,-17,TRUE,-17,TRUE,-17,TRUE,-17,TRUE,-17
"322","NYJ",19,31,293,4,1,2,8,45,160,33,115,1,37,28,19,293,4,143,1,0,33,66,33,33,"NYJ","WAS",0,0,0,0,0,1,318,5,10,9,27,88,0,311,94,1,"NYJ","WAS",34,17,"False","outdoors","grass",43,58,8,-1,"WAS",37,"2019-11-17",FALSE,17,FALSE,17,FALSE,17,FALSE,17,FALSE,17,FALSE,17
"323","KAN",19,32,182,1,1,1,2,31,72,27,130,2,41,32,19,182,1,90,0,4,23,60,37,23,"KAN","LAC",0,0,0,0,0,0,255,7,1,7,78,52,0,254,94,0,"KAN","LAC",24,17,"False","outdoors","grass",67,63,7,-5,"KAN",52,"2019-11-18",FALSE,7,FALSE,7,FALSE,7,FALSE,7,FALSE,7,FALSE,7
"324","LAC",28,52,353,1,4,2,8,50,49,19,93,0,39,48,28,353,1,153,0,0,19,73,54,19,"LAC","KAN",2,0,0,1,0,1,412,7,10,7,73,20,0,413,190,5,"KAN","LAC",24,17,"False","outdoors","grass",67,63,7,-5,"KAN",52,"2019-11-18",FALSE,-7,FALSE,-7,FALSE,-7,FALSE,-7,FALSE,-7,FALSE,-7
"325","IND",16,25,129,0,0,1,8,14,76,39,175,2,39,24,16,129,0,59,0,3,36,65,29,36,"IND","HOU",0,0,0,0,1,0,178,4,5,0,104,71,2,178,88,1,"IND","HOU",17,20,"False","retractable roof (closed)","grass",72,45,0,-3,"HOU",46,"2019-11-21",FALSE,-3,FALSE,-3,FALSE,-3,FALSE,-3,FALSE,-3,FALSE,-3
"326","HOU",19,30,298,2,1,1,1,51,104,24,99,0,58,28,19,298,2,137,0,0,24,55,31,24,"HOU","IND",0,0,0,0,0,1,423,7,8,4,57,42,0,365,63,0,"IND","HOU",17,20,"False","retractable roof (closed)","grass",72,45,0,-3,"HOU",46,"2019-11-21",FALSE,3,FALSE,3,FALSE,3,FALSE,3,FALSE,3,FALSE,3
"327","TAM",18,28,313,3,2,0,0,71,108,34,133,1,69,27,18,313,3,159,0,4,30,62,32,30,"TAM","ATL",0,0,0,1,0,1,284,3,7,4,57,76,5,275,116,2,"TAM","ATL",35,22,"False","retractable roof (closed)","fieldturf",72,45,0,-3,"ATL",51,"2019-11-24",FALSE,13,FALSE,13,FALSE,13,FALSE,13,FALSE,13,FALSE,13
"328","ATL",28,55,326,1,1,6,46,74,170,19,57,1,34,53,28,326,1,152,1,1,18,80,62,18,"ATL","TAM",0,0,0,0,0,0,531,10,12,3,39,18,0,517,100,0,"TAM","ATL",35,22,"False","retractable roof (closed)","fieldturf",72,45,0,-3,"ATL",51,"2019-11-24",TRUE,-13,TRUE,-13,TRUE,-13,TRUE,-13,TRUE,-13,TRUE,-13
"329","DEN",10,25,82,0,1,4,33,27,32,17,85,0,36,24,10,82,0,82,0,2,15,46,31,15,"DEN","BUF",0,0,0,0,0,0,147,6,10,1,46,39,2,147,52,1,"DEN","BUF",3,20,"False","outdoors","astroturf",40,75,17,-3,"BUF",37,"2019-11-24",TRUE,-17,TRUE,-17,TRUE,-17,TRUE,-17,TRUE,-17,TRUE,-17
"330","BUF",15,25,185,2,1,1,5,34,92,47,244,0,73,22,15,185,2,124,0,3,44,73,29,44,"BUF","DEN",0,0,0,0,1,0,187,3,11,1,107,137,2,179,73,2,"DEN","BUF",3,20,"False","outdoors","astroturf",40,75,17,-3,"BUF",37,"2019-11-24",FALSE,17,FALSE,17,FALSE,17,FALSE,17,FALSE,17,FALSE,17
"331","NYG",21,36,150,2,0,1,16,23,86,21,109,0,71,34,21,150,2,77,1,2,19,58,39,19,"NYG","CHI",0,0,0,0,0,0,246,8,7,7,60,49,0,214,61,1,"NYG","CHI",14,19,"False","outdoors","grass",48,59,12,-6,"CHI",41,"2019-11-24",FALSE,-5,FALSE,-5,FALSE,-5,FALSE,-5,FALSE,-5,FALSE,-5
"332","CHI",25,41,278,1,2,2,8,49,69,26,65,1,38,41,25,278,1,121,0,3,23,69,46,23,"CHI","NYG",2,0,0,0,0,1,365,10,6,4,28,37,1,365,123,2,"NYG","CHI",14,19,"False","outdoors","grass",48,59,12,-6,"CHI",41,"2019-11-24",FALSE,5,FALSE,5,FALSE,5,FALSE,5,FALSE,5,FALSE,5
"333","PIT",13,27,203,1,1,3,24,114,154,38,159,0,58,22,13,203,1,154,0,3,35,68,33,35,"PIT","CIN",0,0,0,0,0,0,235,6,8,0,51,108,0,236,107,0,"PIT","CIN",16,10,"False","outdoors","grass",46,62,10,-5,"PIT",37,"2019-11-24",FALSE,6,FALSE,6,FALSE,6,FALSE,6,FALSE,6,FALSE,6
"334","CIN",12,26,192,1,0,4,34,47,84,21,86,0,20,25,12,192,1,108,2,1,20,51,31,20,"CIN","PIT",0,0,0,0,0,1,295,6,12,2,39,47,1,277,65,1,"PIT","CIN",16,10,"False","outdoors","grass",46,62,10,-5,"PIT",37,"2019-11-24",FALSE,-6,FALSE,-6,FALSE,-6,FALSE,-6,FALSE,-6,FALSE,-6
"335","MIA",21,39,214,2,2,4,22,22,65,20,92,1,42,38,21,214,2,88,0,5,15,63,48,15,"MIA","CLE",0,0,0,0,0,0,336,9,21,3,58,34,0,336,80,1,"MIA","CLE",24,41,"False","outdoors","grass",39,73,14,-11,"CLE",45,"2019-11-24",TRUE,-17,TRUE,-17,TRUE,-17,TRUE,-17,TRUE,-17,TRUE,-17
"336","CLE",24,34,327,3,1,1,7,37,118,32,147,2,30,33,24,327,3,130,0,0,32,67,35,32,"CLE","MIA",0,0,0,1,1,1,299,6,14,4,47,100,3,299,130,1,"MIA","CLE",24,41,"False","outdoors","grass",39,73,14,-11,"CLE",45,"2019-11-24",FALSE,17,FALSE,17,FALSE,17,FALSE,17,FALSE,17,FALSE,17
"337","CAR",23,36,256,3,0,4,26,52,112,29,121,1,39,32,23,256,3,107,0,1,28,69,41,28,"CAR","NOR",0,0,0,0,0,1,244,4,17,8,81,40,0,223,144,3,"CAR","NOR",31,34,"False","dome","astroturf",72,45,0,-10,"NOR",46,"2019-11-24",FALSE,-3,FALSE,-3,FALSE,-3,FALSE,-3,FALSE,-3,FALSE,-3
"338","NOR",30,39,311,3,1,2,11,30,114,18,118,1,56,38,30,311,3,116,0,0,18,59,41,18,"NOR","CAR",2,0,0,1,0,1,374,3,10,0,68,50,3,374,124,0,"CAR","NOR",31,34,"False","dome","astroturf",72,45,0,-10,"NOR",46,"2019-11-24",FALSE,3,FALSE,3,FALSE,3,FALSE,3,FALSE,3,FALSE,3
"339","DAL",19,33,212,0,1,0,0,59,64,26,109,0,24,32,19,212,0,121,0,1,25,59,34,25,"DAL","NWE",0,0,0,0,0,0,185,7,10,2,75,34,1,182,138,2,"DAL","NWE",9,13,"False","outdoors","grass",38,90,16,-5,"NWE",44,"2019-11-24",FALSE,-4,FALSE,-4,FALSE,-4,FALSE,-4,FALSE,-4,FALSE,-4
"340","NWE",17,37,190,1,0,2,9,32,70,27,101,0,34,35,17,190,1,72,0,0,27,66,39,27,"NWE","DAL",0,0,0,0,0,0,385,9,9,1,81,20,2,361,47,5,"DAL","NWE",9,13,"False","outdoors","grass",38,90,16,-5,"NWE",44,"2019-11-24",FALSE,4,FALSE,4,FALSE,4,FALSE,4,FALSE,4,FALSE,4
"341","NYJ",20,29,315,2,0,1,2,69,127,30,88,1,41,26,20,315,2,212,0,2,28,60,32,28,"NYJ","LVR",0,0,0,1,0,0,215,4,8,6,46,42,1,206,195,1,"LVR","NYJ",3,34,"False","outdoors","fieldturf ",43,93,12,-3,"LVR",45,"2019-11-24",FALSE,31,FALSE,31,FALSE,31,FALSE,31,FALSE,31,FALSE,31
"342","LVR",19,34,147,0,1,1,7,28,114,22,68,0,39,33,19,147,0,71,1,1,21,57,36,21,"LVR","NYJ",0,0,0,0,0,0,200,5,12,5,35,33,2,199,100,3,"LVR","NYJ",3,34,"False","outdoors","fieldturf ",43,93,12,-3,"LVR",45,"2019-11-24",TRUE,-31,TRUE,-31,TRUE,-31,TRUE,-31,TRUE,-31,TRUE,-31
"343","JAX",32,48,272,0,0,3,20,27,81,27,117,2,29,44,32,272,0,106,0,2,25,78,53,25,"JAX","TEN",1,0,0,0,0,0,380,6,11,3,84,33,0,322,133,3,"JAX","TEN",20,42,"False","outdoors","grass",52,54,9,-4,"TEN",42,"2019-11-24",TRUE,-22,TRUE,-22,TRUE,-22,TRUE,-22,TRUE,-22,TRUE,-22
"344","TEN",14,18,259,2,0,1,7,65,155,33,219,4,102,17,14,259,2,172,2,1,32,52,20,32,"TEN","JAX",0,0,0,0,1,1,137,1,8,2,83,136,1,126,185,0,"JAX","TEN",20,42,"False","outdoors","grass",52,54,9,-4,"TEN",42,"2019-11-24",FALSE,22,FALSE,22,FALSE,22,FALSE,22,FALSE,22,FALSE,22
"345","SEA",13,25,200,1,1,6,26,38,75,26,174,1,84,23,13,200,1,163,1,1,25,57,32,25,"SEA","PHI",0,0,0,0,1,0,387,5,20,2,61,113,6,356,63,2,"SEA","PHI",17,9,"False","outdoors","grass",40,78,17,-1,"SEA",45,"2019-11-24",FALSE,8,FALSE,8,FALSE,8,FALSE,8,FALSE,8,FALSE,8
"346","PHI",33,45,256,1,2,3,18,30,75,23,106,0,36,45,33,256,1,84,3,3,20,71,51,20,"PHI","SEA",0,0,0,0,0,0,280,8,15,6,48,58,7,280,97,0,"SEA","PHI",17,9,"False","outdoors","grass",40,78,17,-1,"SEA",45,"2019-11-24",FALSE,-8,FALSE,-8,FALSE,-8,FALSE,-8,FALSE,-8,FALSE,-8
"347","GNB",23,37,119,1,0,5,38,22,156,28,117,0,49,36,23,119,1,62,1,3,25,70,45,25,"GNB","SFO",2,0,0,0,0,0,240,8,13,1,93,24,2,227,123,3,"GNB","SFO",8,37,"False","outdoors","grass",63,40,7,-3,"SFO",48,"2019-11-24",TRUE,-29,TRUE,-29,TRUE,-29,TRUE,-29,TRUE,-29,TRUE,-29
"348","SFO",14,20,253,2,0,3,26,61,145,22,112,2,52,19,14,253,2,162,0,1,21,45,24,21,"SFO","GNB",0,0,0,0,0,1,121,3,6,0,84,28,3,121,140,1,"GNB","SFO",8,37,"False","outdoors","grass",63,40,7,-3,"SFO",48,"2019-11-24",FALSE,29,FALSE,29,FALSE,29,FALSE,29,FALSE,29,FALSE,29
"349","WAS",13,30,156,0,1,3,12,26,87,24,86,0,35,29,13,156,0,93,1,2,22,57,35,22,"WAS","DET",0,1,0,0,0,0,391,9,12,0,46,40,0,385,47,1,"DET","WAS",16,19,"False","outdoors","grass",46,56,17,-4,"DET",39,"2019-11-24",FALSE,3,FALSE,3,FALSE,3,FALSE,3,FALSE,3,FALSE,3
"350","DET",20,33,207,1,3,6,18,34,50,32,175,0,56,30,20,207,1,121,1,4,28,71,43,28,"DET","WAS",0,0,0,0,0,0,297,9,10,3,139,36,1,290,87,0,"DET","WAS",16,19,"False","outdoors","grass",46,56,17,-4,"DET",39,"2019-11-24",FALSE,-3,FALSE,-3,FALSE,-3,FALSE,-3,FALSE,-3,FALSE,-3
"351","BAL",16,23,208,5,0,3,13,77,221,48,285,1,75,22,16,208,5,132,0,3,45,74,29,45,"BAL","LAR",0,0,0,0,1,0,191,1,12,1,148,137,4,190,66,1,"BAL","LAR",45,6,"False","outdoors","grass",62,64,5,-3,"BAL",47,"2019-11-25",FALSE,39,FALSE,39,FALSE,39,FALSE,39,FALSE,39,FALSE,39
"352","LAR",26,37,212,0,2,2,13,38,62,9,22,0,15,36,26,212,0,101,0,0,9,48,39,9,"LAR","BAL",0,0,0,0,0,0,312,8,23,1,9,13,0,311,100,1,"BAL","LAR",45,6,"False","outdoors","grass",62,64,5,-3,"BAL",47,"2019-11-25",TRUE,-39,TRUE,-39,TRUE,-39,TRUE,-39,TRUE,-39,TRUE,-39
"353","NOR",18,31,184,1,0,0,0,40,128,18,95,1,54,29,18,184,1,84,0,0,18,49,31,18,"NOR","ATL",0,0,0,0,0,0,173,4,14,2,52,43,1,171,109,3,"NOR","ATL",26,18,"False","retractable roof (closed)","fieldturf",72,45,0,-7,"NOR",48,"2019-11-28",FALSE,8,FALSE,8,FALSE,8,FALSE,8,FALSE,8,FALSE,8
"354","ATL",35,50,312,2,2,9,53,23,83,26,89,0,26,47,35,312,2,113,1,3,23,85,62,23,"ATL","NOR",0,0,0,1,0,0,345,9,30,4,49,40,3,332,89,0,"NOR","ATL",26,18,"False","retractable roof (closed)","fieldturf",72,45,0,-7,"NOR",48,"2019-11-28",FALSE,-8,FALSE,-8,FALSE,-8,FALSE,-8,FALSE,-8,FALSE,-8
"355","DAL",32,49,355,2,1,4,32,35,91,19,103,0,44,49,32,355,2,141,1,3,16,72,56,16,"DAL","BUF",2,0,0,1,0,0,331,3,14,5,13,90,8,331,122,2,"BUF","DAL",26,15,"False","retractable roof (closed)","fieldturf",72,45,0,-6,"DAL",46,"2019-11-28",TRUE,-11,TRUE,-11,TRUE,-11,TRUE,-11,TRUE,-11,TRUE,-11
"356","BUF",20,25,259,2,0,4,27,57,279,34,124,1,53,25,20,259,2,132,0,3,31,63,32,31,"BUF","DAL",0,0,0,0,0,1,227,3,9,2,83,41,2,227,130,0,"BUF","DAL",26,15,"False","retractable roof (closed)","fieldturf",72,45,0,-6,"DAL",46,"2019-11-28",FALSE,11,FALSE,11,FALSE,11,FALSE,11,FALSE,11,FALSE,11
"357","DET",22,38,280,2,1,2,21,75,87,27,105,0,30,36,22,280,2,135,0,1,26,67,41,26,"DET","CHI",0,0,0,0,0,1,349,6,13,6,52,53,0,331,108,1,"CHI","DET",24,20,"False","dome","fieldturf",72,45,0,-5,"CHI",37,"2019-11-28",FALSE,-4,FALSE,-4,FALSE,-4,FALSE,-4,FALSE,-4,FALSE,-4
"358","CHI",29,38,338,3,1,1,7,35,118,23,88,0,21,38,29,338,3,106,0,3,20,62,42,20,"CHI","DET",0,0,0,1,0,1,335,4,8,2,46,42,1,334,100,1,"CHI","DET",24,20,"False","dome","fieldturf",72,45,0,-5,"CHI",37,"2019-11-28",FALSE,4,FALSE,4,FALSE,4,FALSE,4,FALSE,4,FALSE,4
"359","WAS",13,25,147,0,0,5,33,26,69,30,248,3,96,24,13,147,0,93,0,2,28,60,32,28,"WAS","CAR",0,0,0,0,1,0,204,6,15,3,57,191,1,208,46,4,"WAS","CAR",29,21,"False","outdoors","grass",64,77,16,-10,"CAR",38,"2019-12-01",FALSE,8,FALSE,8,FALSE,8,FALSE,8,FALSE,8,FALSE,8
"360","CAR",27,46,278,2,1,7,65,33,81,20,65,1,28,43,27,278,2,104,1,3,17,73,56,17,"CAR","WAS",0,0,0,0,0,0,418,7,11,6,36,29,1,405,103,6,"WAS","CAR",29,21,"False","outdoors","grass",64,77,16,-10,"CAR",38,"2019-12-01",FALSE,-8,FALSE,-8,FALSE,-8,FALSE,-8,FALSE,-8,FALSE,-8
"361","NYJ",28,48,239,0,0,4,30,20,71,17,62,0,27,45,28,239,0,88,0,2,15,69,54,15,"NYJ","CIN",0,0,0,0,0,1,353,8,12,6,25,37,3,326,90,7,"NYJ","CIN",6,22,"False","outdoors","grass",46,77,15,-2,"NYJ",43,"2019-12-01",TRUE,-16,TRUE,-16,TRUE,-16,TRUE,-16,TRUE,-16,TRUE,-16
"362","CIN",22,37,243,1,0,1,10,19,88,25,44,1,15,36,22,243,1,96,0,1,24,63,39,24,"CIN","NYJ",0,0,0,0,0,0,258,8,12,2,18,26,2,247,131,2,"NYJ","CIN",6,22,"False","outdoors","grass",46,77,15,-2,"NYJ",43,"2019-12-01",FALSE,16,FALSE,16,FALSE,16,FALSE,16,FALSE,16,FALSE,16
"363","TEN",17,22,182,2,0,6,44,40,131,30,154,1,42,21,17,182,2,136,2,1,29,58,29,29,"TEN","IND",0,0,0,0,1,0,167,1,8,4,58,96,4,160,74,2,"TEN","IND",31,17,"False","retractable roof (closed)","fieldturf",72,45,0,-1,"TEN",41,"2019-12-01",FALSE,14,FALSE,14,FALSE,14,FALSE,14,FALSE,14,FALSE,14
"364","IND",25,40,319,1,2,3,10,26,74,24,82,1,38,37,25,319,1,131,1,0,24,67,43,24,"IND","TEN",0,0,0,1,0,1,322,9,10,10,43,39,4,294,151,3,"TEN","IND",31,17,"False","retractable roof (closed)","fieldturf",72,45,0,-1,"TEN",41,"2019-12-01",TRUE,-14,TRUE,-14,TRUE,-14,TRUE,-14,TRUE,-14,TRUE,-14
"365","LAR",33,45,427,2,0,1,10,51,176,30,132,1,26,41,33,427,2,169,0,0,30,76,46,30,"LAR","ARI",0,0,0,1,0,2,226,5,14,1,111,21,2,197,268,2,"LAR","ARI",34,7,"False","retractable roof (closed)","grass",72,45,0,-2,"LAR",47,"2019-12-01",FALSE,27,FALSE,27,FALSE,27,FALSE,27,FALSE,27,FALSE,27
"366","ARI",19,34,163,0,1,6,39,23,56,21,74,1,33,33,19,163,0,80,0,2,19,61,42,19,"ARI","LAR",0,0,0,0,0,0,175,8,12,5,64,10,1,161,99,0,"LAR","ARI",34,7,"False","retractable roof (closed)","grass",72,45,0,-2,"LAR",47,"2019-12-01",TRUE,-27,TRUE,-27,TRUE,-27,TRUE,-27,TRUE,-27,TRUE,-27
"367","LAC",20,29,265,2,1,3,21,52,106,29,115,0,27,27,20,265,2,137,0,0,29,61,32,29,"LAC","DEN",0,0,0,0,0,1,200,5,7,1,46,69,0,204,109,0,"LAC","DEN",20,23,"False","outdoors","grass",33,51,7,-4,"LAC",39,"2019-12-01",FALSE,-3,FALSE,-3,FALSE,-3,FALSE,-3,FALSE,-3,FALSE,-3
"368","DEN",18,28,134,2,1,0,0,33,84,25,84,0,28,26,18,134,2,78,0,3,22,53,31,22,"DEN","LAC",0,0,0,0,0,0,184,5,7,4,39,45,2,173,54,1,"LAC","DEN",20,23,"False","outdoors","grass",33,51,7,-4,"LAC",39,"2019-12-01",FALSE,3,FALSE,3,FALSE,3,FALSE,3,FALSE,3,FALSE,3
"369","HOU",19,26,240,4,0,3,16,41,271,23,52,0,19,26,19,240,4,128,0,1,22,52,30,22,"HOU","NWE",0,0,0,0,0,0,195,3,18,3,17,35,1,195,117,0,"NWE","HOU",22,28,"False","retractable roof (closed)","grass",72,45,0,-3,"NWE",47,"2019-12-01",FALSE,6,FALSE,6,FALSE,6,FALSE,6,FALSE,6,FALSE,6
"370","NWE",24,47,326,3,1,3,23,44,85,29,145,0,65,45,24,326,3,163,0,1,28,79,51,28,"NWE","HOU",0,0,0,1,0,1,498,8,12,5,91,54,0,482,128,2,"NWE","HOU",22,28,"False","retractable roof (closed)","grass",72,45,0,-3,"NWE",47,"2019-12-01",FALSE,-6,FALSE,-6,FALSE,-6,FALSE,-6,FALSE,-6,FALSE,-6
"371","TAM",21,33,268,0,0,4,27,32,89,31,74,2,38,33,21,268,0,120,1,1,30,68,38,30,"TAM","JAX",1,0,0,0,0,0,337,8,18,3,44,30,0,337,110,1,"TAM","JAX",28,11,"False","outdoors","grass",72,45,0,-3,"TAM",46,"2019-12-01",FALSE,17,FALSE,17,FALSE,17,FALSE,17,FALSE,17,FALSE,17
"372","JAX",23,41,240,1,2,5,47,69,112,17,49,0,17,38,23,240,1,126,2,1,16,63,47,16,"JAX","TAM",1,0,0,0,0,0,214,8,16,1,18,31,2,204,130,1,"TAM","JAX",28,11,"False","outdoors","grass",72,45,0,-3,"TAM",46,"2019-12-01",TRUE,-17,TRUE,-17,TRUE,-17,TRUE,-17,TRUE,-17,TRUE,-17
"373","LVR",20,30,222,1,2,2,12,28,71,25,122,0,52,27,20,222,1,121,1,2,23,57,34,23,"LVR","KAN",0,0,0,0,1,1,170,3,8,11,73,49,2,160,129,0,"LVR","KAN",9,40,"False","outdoors","grass",36,55,20,-11,"KAN",49,"2019-12-01",TRUE,-31,TRUE,-31,TRUE,-31,TRUE,-31,TRUE,-31,TRUE,-31
"374","KAN",15,29,175,1,0,1,12,47,81,29,96,3,47,27,15,175,1,83,0,2,27,59,32,27,"KAN","LVR",0,0,0,0,0,0,259,8,5,12,51,45,0,232,100,3,"LVR","KAN",9,40,"False","outdoors","grass",36,55,20,-11,"KAN",49,"2019-12-01",FALSE,31,FALSE,31,FALSE,31,FALSE,31,FALSE,31,FALSE,31
"375","MIA",28,40,366,4,1,3,15,44,232,20,58,1,47,39,28,366,4,124,0,1,19,63,44,19,"MIA","PHI",2,0,0,1,0,1,352,6,12,0,24,34,1,352,115,0,"PHI","MIA",31,37,"False","outdoors","grass",72,45,0,-10,"PHI",45,"2019-12-01",FALSE,6,FALSE,6,FALSE,6,FALSE,6,FALSE,6,FALSE,6
"376","PHI",28,46,310,3,1,2,16,27,93,19,92,0,21,45,28,310,3,122,0,0,19,67,48,19,"PHI","MIA",2,0,0,1,0,1,506,12,7,0,49,43,1,456,103,1,"PHI","MIA",31,37,"False","outdoors","grass",72,45,0,-10,"PHI",45,"2019-12-01",FALSE,-6,FALSE,-6,FALSE,-6,FALSE,-6,FALSE,-6,FALSE,-6
"377","GNB",21,33,243,4,0,0,0,43,125,26,79,0,32,33,21,243,4,117,0,3,23,59,36,23,"GNB","NYG",0,0,0,0,0,1,272,9,14,2,34,45,2,271,85,2,"GNB","NYG",31,13,"False","outdoors","fieldturf ",32,86,10,-6,"GNB",43,"2019-12-01",FALSE,18,FALSE,18,FALSE,18,FALSE,18,FALSE,18,FALSE,18
"378","NYG",20,37,240,1,3,0,0,43,49,27,95,0,28,36,20,240,1,144,0,1,26,64,38,26,"NYG","GNB",0,0,0,0,0,0,273,10,7,1,34,61,2,274,104,1,"GNB","NYG",31,13,"False","outdoors","fieldturf ",32,86,10,-6,"GNB",43,"2019-12-01",TRUE,-18,TRUE,-18,TRUE,-18,TRUE,-18,TRUE,-18,TRUE,-18
"379","PIT",14,21,212,1,1,1,13,44,95,32,124,1,53,18,14,212,1,129,0,1,31,54,23,31,"PIT","CLE",0,0,0,0,0,1,253,2,8,2,36,88,3,217,88,1,"CLE","PIT",13,20,"False","outdoors","grass",46,91,6,-1,"CLE",40,"2019-12-01",FALSE,7,FALSE,7,FALSE,7,FALSE,7,FALSE,7,FALSE,7
"380","CLE",18,34,196,1,1,5,23,23,111,24,106,0,30,33,18,196,1,118,1,0,24,63,39,24,"CLE","PIT",0,0,0,0,0,0,399,9,16,7,39,67,3,370,83,2,"CLE","PIT",13,20,"False","outdoors","grass",46,91,6,-1,"CLE",40,"2019-12-01",FALSE,-7,FALSE,-7,FALSE,-7,FALSE,-7,FALSE,-7,FALSE,-7
"381","SFO",15,21,165,1,0,2,8,33,110,29,174,1,62,21,15,165,1,115,1,2,27,52,25,27,"SFO","BAL",0,0,0,0,1,0,158,3,20,4,117,57,1,158,58,1,"SFO","BAL",17,20,"False","outdoors","grass",40,91,13,-5,"BAL",45,"2019-12-01",FALSE,-3,FALSE,-3,FALSE,-3,FALSE,-3,FALSE,-3,FALSE,-3
"382","BAL",14,23,105,1,0,1,0,20,86,38,178,1,31,23,14,105,1,63,1,0,38,62,24,38,"BAL","SFO",0,0,0,0,1,0,197,6,4,2,163,15,3,197,26,0,"SFO","BAL",17,20,"False","outdoors","grass",40,91,13,-5,"BAL",45,"2019-12-01",FALSE,3,FALSE,3,FALSE,3,FALSE,3,FALSE,3,FALSE,3
"383","MIN",22,38,276,2,1,0,0,58,87,14,78,1,51,36,22,276,2,167,2,0,14,52,38,14,"MIN","SEA",0,0,0,0,0,0,266,7,8,5,50,28,1,242,173,3,"MIN","SEA",30,37,"False","outdoors","fieldturf",51,65,1,-2,"SEA",48,"2019-12-02",FALSE,-7,FALSE,-7,FALSE,-7,FALSE,-7,FALSE,-7,FALSE,-7
"384","SEA",21,31,240,2,1,2,14,60,98,43,218,2,74,31,21,240,2,132,1,3,40,76,36,40,"SEA","MIN",0,0,0,0,1,0,247,7,8,3,157,61,1,246,149,0,"MIN","SEA",30,37,"False","outdoors","fieldturf",51,65,1,-2,"SEA",48,"2019-12-02",FALSE,7,FALSE,7,FALSE,7,FALSE,7,FALSE,7,FALSE,7
"385","DAL",27,49,334,1,0,2,8,35,83,22,82,2,32,46,27,334,1,121,0,0,22,73,51,22,"DAL","CHI",0,0,0,1,0,1,513,11,11,4,22,60,1,469,62,1,"DAL","CHI",24,31,"False","outdoors","grass",44,66,9,-3,"DAL",43,"2019-12-05",FALSE,-7,FALSE,-7,FALSE,-7,FALSE,-7,FALSE,-7,FALSE,-7
"386","CHI",23,31,244,3,1,2,13,33,115,34,151,1,44,31,23,244,3,131,1,4,30,67,37,30,"CHI","DAL",0,0,0,0,0,0,199,4,11,2,66,85,4,199,150,0,"DAL","CHI",24,31,"False","outdoors","grass",44,66,9,-3,"DAL",43,"2019-12-05",FALSE,7,FALSE,7,FALSE,7,FALSE,7,FALSE,7,FALSE,7
"387","CAR",28,41,293,1,2,5,48,39,76,22,100,1,38,40,28,293,1,117,1,4,18,68,50,18,"CAR","ATL",0,0,0,0,0,0,384,7,5,0,86,14,1,377,188,1,"CAR","ATL",20,40,"False","retractable roof (closed)","fieldturf",72,45,0,-3,"ATL",48,"2019-12-08",TRUE,-20,TRUE,-20,TRUE,-20,TRUE,-20,TRUE,-20,TRUE,-20
"388","ATL",20,34,313,2,0,1,11,93,109,32,159,2,50,31,20,313,2,211,0,1,31,67,36,31,"ATL","CAR",0,0,0,1,0,0,322,6,19,2,129,30,4,303,137,1,"CAR","ATL",20,40,"False","retractable roof (closed)","fieldturf",72,45,0,-3,"ATL",48,"2019-12-08",FALSE,20,FALSE,20,FALSE,20,FALSE,20,FALSE,20,FALSE,20
"389","BAL",16,25,145,3,1,1,6,61,102,33,118,0,41,23,16,145,3,117,0,0,33,59,26,33,"BAL","BUF",0,0,0,0,0,0,148,2,7,1,70,48,6,147,104,3,"BAL","BUF",24,17,"False","outdoors","astroturf",43,48,18,-6,"BAL",44,"2019-12-08",FALSE,7,FALSE,7,FALSE,7,FALSE,7,FALSE,7,FALSE,7
"390","BUF",17,39,146,1,0,6,41,37,62,23,104,0,51,37,17,146,1,106,1,1,22,68,46,22,"BUF","BAL",2,0,0,0,0,0,400,10,31,3,49,55,4,386,85,3,"BAL","BUF",24,17,"False","outdoors","astroturf",43,48,18,-6,"BAL",44,"2019-12-08",FALSE,-7,FALSE,-7,FALSE,-7,FALSE,-7,FALSE,-7,FALSE,-7
"391","CIN",23,39,288,0,1,2,16,50,186,31,179,1,52,34,23,288,0,144,0,1,30,72,42,30,"CIN","CLE",0,0,0,0,1,0,290,7,12,1,84,95,5,280,166,1,"CIN","CLE",19,27,"False","outdoors","grass",48,58,16,-6,"CLE",43,"2019-12-08",FALSE,-8,FALSE,-8,FALSE,-8,FALSE,-8,FALSE,-8,FALSE,-8
"392","CLE",11,24,192,0,2,1,5,34,38,27,146,2,70,22,11,192,0,121,0,2,25,52,27,25,"CLE","CIN",0,0,0,0,1,0,230,5,16,4,35,111,4,222,125,0,"CIN","CLE",19,27,"False","outdoors","grass",48,58,16,-6,"CLE",43,"2019-12-08",FALSE,8,FALSE,8,FALSE,8,FALSE,8,FALSE,8,FALSE,8
"393","PIT",16,19,152,1,0,3,17,22,117,35,140,0,61,18,16,152,1,89,2,4,31,57,26,31,"PIT","ARI",0,1,0,0,0,0,93,1,10,2,56,84,4,81,74,0,"PIT","ARI",23,17,"False","retractable roof (closed)","grass",72,45,0,-2,"PIT",43,"2019-12-08",FALSE,6,FALSE,6,FALSE,6,FALSE,6,FALSE,6,FALSE,6
"394","ARI",20,30,194,2,3,5,29,31,67,22,71,0,40,28,20,194,2,107,0,3,19,57,38,19,"ARI","PIT",0,0,0,0,0,0,209,4,9,4,29,42,3,167,103,1,"PIT","ARI",23,17,"False","retractable roof (closed)","grass",72,45,0,-2,"PIT",43,"2019-12-08",FALSE,-6,FALSE,-6,FALSE,-6,FALSE,-6,FALSE,-6,FALSE,-6
"395","WAS",16,27,170,1,1,4,29,30,74,28,121,1,39,26,16,170,1,78,0,0,28,59,31,28,"WAS","GNB",0,0,0,0,0,0,255,7,7,4,54,67,2,254,86,0,"WAS","GNB",15,20,"False","outdoors","grass",37,75,10,-13,"GNB",42,"2019-12-08",FALSE,-5,FALSE,-5,FALSE,-5,FALSE,-5,FALSE,-5,FALSE,-5
"396","GNB",18,28,195,1,0,4,28,25,96,28,174,1,62,27,18,195,1,110,1,2,26,60,34,26,"GNB","WAS",0,0,0,0,1,0,219,5,11,4,92,82,2,210,86,2,"WAS","GNB",15,20,"False","outdoors","grass",37,75,10,-13,"GNB",42,"2019-12-08",FALSE,5,FALSE,5,FALSE,5,FALSE,5,FALSE,5,FALSE,5
"397","DEN",22,27,309,3,1,1,8,48,136,27,90,1,30,27,22,309,3,198,0,2,25,55,30,25,"DEN","HOU",0,0,0,1,0,1,187,3,10,1,68,22,1,187,190,0,"DEN","HOU",38,24,"False","retractable roof (closed)","grass",72,45,0,-8,"HOU",42,"2019-12-08",FALSE,14,FALSE,14,FALSE,14,FALSE,14,FALSE,14,FALSE,14
"398","HOU",28,50,292,1,2,3,12,43,63,22,134,2,46,47,28,292,1,101,1,6,16,75,59,16,"HOU","DEN",0,0,0,0,0,1,434,9,13,7,95,39,1,388,160,3,"DEN","HOU",38,24,"False","retractable roof (closed)","grass",72,45,0,-8,"HOU",42,"2019-12-08",TRUE,-14,TRUE,-14,TRUE,-14,TRUE,-14,TRUE,-14,TRUE,-14
"399","LAC",19,27,340,4,0,1,10,98,267,30,195,2,78,26,19,340,4,236,0,0,30,58,28,30,"LAC","JAX",0,0,0,1,1,1,256,3,4,0,91,104,2,252,229,2,"LAC","JAX",45,10,"False","outdoors","grass",72,45,0,-3,"LAC",42,"2019-12-08",FALSE,35,FALSE,35,FALSE,35,FALSE,35,FALSE,35,FALSE,35
"400","JAX",25,38,171,1,0,2,7,31,187,23,88,0,23,37,25,171,1,81,0,6,17,63,46,17,"JAX","LAC",0,0,0,0,0,0,209,8,9,3,31,57,1,208,70,1,"LAC","JAX",45,10,"False","outdoors","grass",72,45,0,-3,"LAC",42,"2019-12-08",TRUE,-35,TRUE,-35,TRUE,-35,TRUE,-35,TRUE,-35,TRUE,-35
"401","DET",24,40,205,1,2,5,44,23,60,22,70,0,14,38,24,205,1,100,0,0,22,67,45,22,"DET","MIN",0,0,0,0,0,0,267,9,10,4,33,37,1,250,56,2,"DET","MIN",7,20,"False","dome","sportturf",72,45,0,-12,"MIN",43,"2019-12-08",TRUE,-13,TRUE,-13,TRUE,-13,TRUE,-13,TRUE,-13,TRUE,-13
"402","MIN",24,30,242,1,0,1,8,44,111,39,120,1,21,29,24,242,1,163,0,0,39,70,31,39,"MIN","DET",0,0,0,0,0,0,214,5,6,4,49,71,2,218,112,0,"DET","MIN",7,20,"False","dome","sportturf",72,45,0,-12,"MIN",43,"2019-12-08",FALSE,13,FALSE,13,FALSE,13,FALSE,13,FALSE,13,FALSE,13
"403","NOR",29,41,349,5,0,0,0,49,178,27,116,1,51,41,29,349,5,197,1,1,26,68,42,26,"NOR","SFO",0,0,0,1,0,1,250,2,14,1,66,50,0,250,195,2,"SFO","NOR",48,46,"False","dome","astroturf",72,45,0,-1,"NOR",45,"2019-12-08",FALSE,-2,FALSE,-2,FALSE,-2,FALSE,-2,FALSE,-2,FALSE,-2
"404","SFO",27,36,384,5,1,3,30,110,290,24,162,1,85,35,27,384,5,199,0,1,23,63,40,23,"SFO","NOR",0,0,0,1,0,1,238,2,17,0,129,33,0,228,190,4,"SFO","NOR",48,46,"False","dome","astroturf",72,45,0,-1,"NOR",45,"2019-12-08",FALSE,2,FALSE,2,FALSE,2,FALSE,2,FALSE,2,FALSE,2
"405","KAN",26,40,283,1,1,1,12,48,83,29,75,1,37,39,26,283,1,152,1,3,26,70,44,26,"KAN","NWE",0,0,0,0,0,0,219,8,6,2,25,50,0,215,181,2,"KAN","NWE",23,16,"False","outdoors","grass",32,56,8,-3,"NWE",49,"2019-12-08",FALSE,7,FALSE,7,FALSE,7,FALSE,7,FALSE,7,FALSE,7
"406","NWE",20,37,204,1,1,3,20,72,182,22,94,1,62,35,20,204,1,130,0,1,21,62,41,21,"NWE","KAN",0,0,0,0,0,0,257,9,17,6,39,55,0,253,108,3,"KAN","NWE",23,16,"False","outdoors","grass",32,56,8,-3,"NWE",49,"2019-12-08",FALSE,-7,FALSE,-7,FALSE,-7,FALSE,-7,FALSE,-7,FALSE,-7
"407","MIA",21,37,245,0,1,2,5,25,65,26,122,0,46,35,21,245,0,103,0,6,20,65,45,20,"MIA","NYJ",0,0,0,0,0,0,318,9,15,4,81,41,5,302,82,0,"MIA","NYJ",21,22,"False","outdoors","fieldturf ",41,47,9,-5,"NYJ",47,"2019-12-08",FALSE,-1,FALSE,-1,FALSE,-1,FALSE,-1,FALSE,-1,FALSE,-1
"408","NYJ",20,36,270,2,1,1,8,39,86,32,112,0,28,35,20,270,2,148,0,0,32,69,37,32,"NYJ","MIA",0,0,0,0,0,1,391,7,17,6,61,51,2,390,138,3,"MIA","NYJ",21,22,"False","outdoors","fieldturf ",41,47,9,-5,"NYJ",47,"2019-12-08",FALSE,1,FALSE,1,FALSE,1,FALSE,1,FALSE,1,FALSE,1
"409","TEN",21,27,391,3,1,0,0,91,140,32,161,2,53,27,21,391,3,268,0,2,30,59,29,30,"TEN","LVR",0,0,0,1,1,1,294,3,7,0,55,106,3,294,196,0,"TEN","LVR",42,21,"False","outdoors","grass",59,78,5,-3,"TEN",47,"2019-12-08",FALSE,21,FALSE,21,FALSE,21,FALSE,21,FALSE,21,FALSE,21
"410","LVR",25,34,262,2,0,2,4,49,115,24,97,1,38,30,25,262,2,151,1,2,22,60,38,22,"LVR","TEN",0,0,0,0,0,0,247,5,7,5,32,65,0,238,118,0,"TEN","LVR",42,21,"False","outdoors","grass",59,78,5,-3,"TEN",47,"2019-12-08",TRUE,-21,TRUE,-21,TRUE,-21,TRUE,-21,TRUE,-21,TRUE,-21
"411","SEA",22,36,245,0,1,5,43,35,69,21,106,0,32,33,22,245,0,142,0,4,17,62,45,17,"SEA","LAR",0,0,0,0,0,0,395,5,18,5,82,24,1,347,76,1,"SEA","LAR",12,28,"False","outdoors","grass",60,79,4,-1,"LAR",47,"2019-12-08",TRUE,-16,TRUE,-16,TRUE,-16,TRUE,-16,TRUE,-16,TRUE,-16
"412","LAR",22,32,293,2,2,0,0,33,134,35,162,2,73,30,22,293,2,94,0,1,34,67,33,34,"LAR","SEA",0,0,0,0,0,1,305,7,9,3,96,66,4,303,120,1,"SEA","LAR",12,28,"False","outdoors","grass",60,79,4,-1,"LAR",47,"2019-12-08",FALSE,16,FALSE,16,FALSE,16,FALSE,16,FALSE,16,FALSE,16
"413","IND",19,36,251,2,0,1,8,50,93,22,66,1,28,35,19,251,2,131,1,3,19,59,40,19,"IND","TAM",2,0,0,0,0,1,359,8,17,3,43,23,1,364,84,4,"IND","TAM",35,38,"False","outdoors","grass",78,58,9,-3,"TAM",46,"2019-12-08",FALSE,-3,FALSE,-3,FALSE,-3,FALSE,-3,FALSE,-3,FALSE,-3
"414","TAM",35,49,474,4,3,1,7,74,169,28,75,1,26,45,35,474,4,225,1,2,26,78,52,26,"TAM","IND",0,0,0,1,0,0,409,8,17,4,39,36,2,380,193,0,"IND","TAM",35,38,"False","outdoors","grass",78,58,9,-3,"TAM",46,"2019-12-08",FALSE,3,FALSE,3,FALSE,3,FALSE,3,FALSE,3,FALSE,3
"415","PHI",33,50,325,2,0,3,25,30,97,32,118,1,42,50,33,325,2,134,1,1,31,85,54,31,"PHI","NYG",0,0,0,1,0,0,314,7,18,6,67,51,4,314,171,3,"NYG","PHI",17,23,"True","outdoors","grass",53,87,11,-9,"PHI",45,"2019-12-09",FALSE,6,FALSE,6,FALSE,6,FALSE,6,FALSE,6,FALSE,6
"416","NYG",15,30,203,2,0,2,21,55,94,20,73,0,19,29,15,203,2,83,0,0,20,52,32,20,"NYG","PHI",0,0,0,0,0,1,264,6,5,0,50,23,3,267,83,1,"NYG","PHI",17,23,"True","outdoors","grass",53,87,11,-9,"PHI",45,"2019-12-09",FALSE,-6,FALSE,-6,FALSE,-6,FALSE,-6,FALSE,-6,FALSE,-6
"417","NYJ",18,32,218,2,1,1,11,41,85,24,103,0,30,29,18,218,2,137,1,1,23,57,34,23,"NYJ","BAL",2,0,0,0,0,0,252,5,17,6,53,50,0,240,109,1,"NYJ","BAL",21,42,"False","outdoors","grass",33,55,3,-17,"BAL",44,"2019-12-12",TRUE,-21,TRUE,-21,TRUE,-21,TRUE,-21,TRUE,-21,TRUE,-21
"418","BAL",15,24,212,5,0,1,0,36,174,34,218,1,96,22,15,212,5,142,0,2,32,59,27,32,"BAL","NYJ",1,0,0,0,0,0,267,4,7,1,139,79,1,236,59,1,"NYJ","BAL",21,42,"False","outdoors","grass",33,55,3,-17,"BAL",44,"2019-12-12",FALSE,21,FALSE,21,FALSE,21,FALSE,21,FALSE,21,FALSE,21
"419","CAR",25,42,277,1,3,1,8,22,98,29,145,2,42,39,25,277,1,86,0,4,25,72,47,25,"CAR","SEA",0,0,0,0,0,1,245,7,6,4,110,35,1,233,204,2,"SEA","CAR",30,24,"False","outdoors","grass",56,45,5,-6,"SEA",48,"2019-12-15",FALSE,-6,FALSE,-6,FALSE,-6,FALSE,-6,FALSE,-6,FALSE,-6
"420","SEA",20,27,286,2,1,2,12,58,137,34,154,2,36,25,20,286,2,167,0,1,33,63,30,33,"SEA","CAR",0,0,0,0,1,1,313,4,2,5,92,62,2,295,104,0,"SEA","CAR",30,24,"False","outdoors","grass",56,45,5,-6,"SEA",48,"2019-12-15",FALSE,6,FALSE,6,FALSE,6,FALSE,6,FALSE,6,FALSE,6
"421","NWE",15,29,128,2,0,2,12,23,86,32,175,1,69,28,15,128,2,81,0,0,32,63,31,32,"NWE","CIN",0,0,0,0,0,0,157,9,6,0,88,87,2,157,94,2,"NWE","CIN",34,13,"False","outdoors","grass",36,58,6,-10,"NWE",42,"2019-12-15",FALSE,21,FALSE,21,FALSE,21,FALSE,21,FALSE,21,FALSE,21
"422","CIN",17,31,151,1,4,0,0,24,39,32,164,0,48,29,17,151,1,102,1,0,32,63,31,32,"CIN","NWE",0,0,0,0,1,0,251,2,18,1,75,89,4,228,77,2,"NWE","CIN",34,13,"False","outdoors","grass",36,58,6,-10,"NWE",42,"2019-12-15",TRUE,-21,TRUE,-21,TRUE,-21,TRUE,-21,TRUE,-21,TRUE,-21
"423","CLE",30,43,247,2,1,1,6,26,90,23,152,1,46,42,30,247,2,120,1,2,21,67,46,21,"CLE","ARI",0,0,0,0,1,0,254,7,15,3,69,83,4,254,128,2,"CLE","ARI",24,38,"False","retractable roof (closed)","grass",72,45,0,-3,"CLE",49,"2019-12-15",TRUE,-14,TRUE,-14,TRUE,-14,TRUE,-14,TRUE,-14,TRUE,-14
"424","ARI",19,25,219,1,1,0,0,51,98,35,226,4,88,23,19,219,1,140,0,2,33,60,27,33,"ARI","CLE",0,0,0,0,1,0,167,3,11,5,177,49,2,149,133,0,"CLE","ARI",24,38,"False","retractable roof (closed)","grass",72,45,0,-3,"CLE",49,"2019-12-15",FALSE,14,FALSE,14,FALSE,14,FALSE,14,FALSE,14,FALSE,14
"425","LAR",34,52,289,2,1,2,22,33,171,14,22,1,11,51,34,289,2,111,0,0,14,68,54,14,"LAR","DAL",1,0,0,0,0,1,309,8,14,2,2,20,4,302,169,4,"LAR","DAL",21,44,"False","retractable roof (closed)","fieldturf",72,45,0,-1,"LAR",48,"2019-12-15",TRUE,-23,TRUE,-23,TRUE,-23,TRUE,-23,TRUE,-23,TRUE,-23
"426","DAL",15,23,212,2,0,0,0,59,123,45,263,3,68,22,15,212,2,154,0,2,43,68,25,43,"DAL","LAR",0,0,0,0,2,0,137,3,9,2,49,214,12,137,149,2,"LAR","DAL",21,44,"False","retractable roof (closed)","fieldturf",72,45,0,-1,"LAR",48,"2019-12-15",FALSE,23,FALSE,23,FALSE,23,FALSE,23,FALSE,23,FALSE,23
"427","TAM",28,42,458,4,1,2,12,51,124,29,49,0,18,41,28,458,4,241,0,0,29,73,44,29,"TAM","DET",0,0,0,1,0,2,468,12,14,1,14,35,0,456,192,0,"TAM","DET",38,17,"False","dome","fieldturf",72,45,0,-5,"TAM",46,"2019-12-15",FALSE,21,FALSE,21,FALSE,21,FALSE,21,FALSE,21,FALSE,21
"428","DET",24,43,260,0,2,2,10,48,54,18,45,2,28,43,24,260,0,157,1,3,15,63,48,15,"DET","TAM",0,0,0,0,0,1,354,11,24,4,24,21,0,354,69,2,"TAM","DET",38,17,"False","dome","fieldturf",72,45,0,-5,"TAM",46,"2019-12-15",TRUE,-21,TRUE,-21,TRUE,-21,TRUE,-21,TRUE,-21,TRUE,-21
"429","CHI",29,53,334,1,2,3,15,34,64,27,96,0,25,50,29,334,1,119,1,3,24,83,59,24,"CHI","GNB",0,0,0,1,0,2,536,14,8,3,49,47,5,454,112,3,"CHI","GNB",13,21,"False","outdoors","grass",11,70,7,-4,"GNB",40,"2019-12-15",FALSE,-8,FALSE,-8,FALSE,-8,FALSE,-8,FALSE,-8,FALSE,-8
"430","GNB",16,33,203,1,0,1,11,49,78,24,100,2,44,30,16,203,1,122,0,2,22,58,36,22,"GNB","CHI",0,0,0,0,0,1,293,5,7,3,58,42,4,292,111,6,"CHI","GNB",13,21,"False","outdoors","grass",11,70,7,-4,"GNB",40,"2019-12-15",FALSE,8,FALSE,8,FALSE,8,FALSE,8,FALSE,8,FALSE,8
"431","DEN",18,40,208,0,1,2,9,43,50,15,52,0,29,40,18,208,0,119,0,0,15,57,42,15,"DEN","KAN",0,0,0,0,0,0,234,12,21,1,45,7,2,234,151,5,"DEN","KAN",3,23,"False","outdoors","grass",24,88,8,-10,"KAN",43,"2019-12-15",TRUE,-20,TRUE,-20,TRUE,-20,TRUE,-20,TRUE,-20,TRUE,-20
"432","KAN",27,34,340,2,1,3,13,41,115,25,92,0,35,34,27,340,2,151,0,2,23,62,39,23,"KAN","DEN",2,0,0,1,0,1,329,2,8,4,79,13,1,329,73,0,"DEN","KAN",3,23,"False","outdoors","grass",24,88,8,-10,"KAN",43,"2019-12-15",FALSE,20,FALSE,20,FALSE,20,FALSE,20,FALSE,20,FALSE,20
"433","MIA",23,41,279,2,0,3,17,29,93,25,122,0,58,41,23,279,2,138,1,4,21,69,48,21,"MIA","NYG",0,0,0,0,0,0,324,3,15,3,55,67,0,323,124,7,"MIA","NYG",20,36,"False","outdoors","fieldturf ",48,42,19,-3,"NYG",47,"2019-12-15",TRUE,-16,TRUE,-16,TRUE,-16,TRUE,-16,TRUE,-16,TRUE,-16
"434","NYG",21,29,284,2,3,1,10,52,167,33,138,3,29,29,21,284,2,161,0,0,33,63,30,33,"NYG","MIA",0,0,0,0,1,1,292,5,7,1,34,104,1,292,101,1,"MIA","NYG",20,36,"False","outdoors","fieldturf ",48,42,19,-3,"NYG",47,"2019-12-15",FALSE,16,FALSE,16,FALSE,16,FALSE,16,FALSE,16,FALSE,16
"435","HOU",19,27,243,2,2,1,9,35,92,35,140,1,26,25,19,243,2,100,0,4,31,63,32,31,"HOU","TEN",0,0,0,0,1,1,271,4,1,0,73,67,1,236,95,0,"HOU","TEN",24,21,"False","outdoors","grass",45,71,4,-3,"TEN",50,"2019-12-15",FALSE,3,FALSE,3,FALSE,3,FALSE,3,FALSE,3,FALSE,3
"436","TEN",22,37,279,2,1,2,10,60,131,28,163,1,96,36,22,279,2,141,0,1,27,67,40,27,"TEN","HOU",0,0,0,0,0,1,383,8,18,1,56,107,1,383,116,1,"HOU","TEN",24,21,"False","outdoors","grass",45,71,4,-3,"TEN",50,"2019-12-15",FALSE,-3,FALSE,-3,FALSE,-3,FALSE,-3,FALSE,-3,FALSE,-3
"437","PIT",23,38,202,1,4,4,24,34,43,14,51,0,30,36,23,202,1,97,1,0,14,56,42,14,"PIT","BUF",0,0,0,0,0,0,338,10,12,9,33,18,0,306,84,2,"BUF","PIT",17,10,"False","outdoors","grass",31,67,6,-1,"PIT",37,"2019-12-15",FALSE,-7,FALSE,-7,FALSE,-7,FALSE,-7,FALSE,-7,FALSE,-7
"438","BUF",13,25,139,1,1,1,8,40,65,38,130,1,36,24,13,139,1,79,1,4,34,64,30,34,"BUF","PIT",0,0,0,0,0,0,235,4,12,3,56,74,4,242,16,4,"BUF","PIT",17,10,"False","outdoors","grass",31,67,6,-1,"PIT",37,"2019-12-15",FALSE,7,FALSE,7,FALSE,7,FALSE,7,FALSE,7,FALSE,7
"439","LVR",22,36,267,1,0,4,31,40,93,32,128,0,41,31,22,267,1,161,0,0,32,72,40,32,"LVR","JAX",0,0,0,0,0,1,237,3,10,5,46,82,3,153,172,4,"JAX","LVR",20,16,"False","outdoors","grass",59,52,7,-7,"LVR",47,"2019-12-15",FALSE,-4,FALSE,-4,FALSE,-4,FALSE,-4,FALSE,-4,FALSE,-4
"440","JAX",17,29,201,2,0,2,16,55,102,22,77,0,36,28,17,201,2,118,0,4,18,53,35,18,"JAX","LVR",0,0,0,0,0,0,241,6,8,2,23,54,1,235,97,1,"JAX","LVR",20,16,"False","outdoors","grass",59,52,7,-7,"LVR",47,"2019-12-15",FALSE,4,FALSE,4,FALSE,4,FALSE,4,FALSE,4,FALSE,4
"441","MIN",19,25,207,1,1,0,0,46,96,37,137,2,60,24,19,207,1,128,0,0,37,62,25,37,"MIN","LAC",0,0,0,0,0,0,195,1,1,4,53,84,2,195,67,0,"MIN","LAC",39,10,"False","outdoors","grass",64,28,14,-1,"MIN",45,"2019-12-15",FALSE,29,FALSE,29,FALSE,29,FALSE,29,FALSE,29,FALSE,29
"442","LAC",28,39,307,1,3,3,24,39,71,19,62,0,28,38,28,307,1,132,4,0,19,61,42,19,"LAC","MIN",0,0,0,1,0,0,339,5,6,1,22,40,1,336,127,0,"MIN","LAC",39,10,"False","outdoors","grass",64,28,14,-1,"MIN",45,"2019-12-15",TRUE,-29,TRUE,-29,TRUE,-29,TRUE,-29,TRUE,-29,TRUE,-29
"443","ATL",25,39,210,2,0,2,9,28,95,20,89,1,43,39,25,210,2,74,1,4,16,61,45,16,"ATL","SFO",0,0,0,0,0,1,213,4,5,2,68,21,1,213,128,2,"ATL","SFO",29,22,"False","outdoors","grass",55,58,6,-10,"SFO",50,"2019-12-15",FALSE,7,FALSE,7,FALSE,7,FALSE,7,FALSE,7,FALSE,7
"444","SFO",22,34,200,1,0,1,7,29,90,27,120,1,67,33,22,200,1,80,2,1,26,62,36,26,"SFO","ATL",0,0,0,0,0,1,135,6,10,5,84,36,1,120,148,2,"ATL","SFO",29,22,"False","outdoors","grass",55,58,6,-10,"SFO",50,"2019-12-15",FALSE,-7,FALSE,-7,FALSE,-7,FALSE,-7,FALSE,-7,FALSE,-7
"445","PHI",30,43,266,3,0,2,8,27,109,28,157,1,66,40,30,266,3,90,1,2,26,73,47,26,"PHI","WAS",0,0,0,0,1,0,209,5,10,16,115,42,3,210,190,1,"PHI","WAS",37,27,"False","outdoors","grass",52,44,13,-7,"PHI",38,"2019-12-15",FALSE,10,FALSE,10,FALSE,10,FALSE,10,FALSE,10,FALSE,10
"446","WAS",19,28,261,2,0,1,10,75,121,22,101,1,44,27,19,261,2,144,1,2,20,51,31,20,"WAS","PHI",0,0,0,0,0,1,196,3,5,13,70,31,2,201,144,2,"PHI","WAS",37,27,"False","outdoors","grass",52,44,13,-7,"PHI",38,"2019-12-15",TRUE,-10,TRUE,-10,TRUE,-10,TRUE,-10,TRUE,-10,TRUE,-10
"447","IND",18,34,165,0,0,1,6,24,66,17,46,1,24,33,18,165,0,100,0,1,16,52,36,16,"IND","NOR",0,0,0,0,0,0,311,10,17,5,28,18,1,309,66,0,"IND","NOR",7,34,"False","dome","astroturf",72,45,0,-8,"NOR",48,"2019-12-16",TRUE,-27,TRUE,-27,TRUE,-27,TRUE,-27,TRUE,-27,TRUE,-27
"448","NOR",29,30,307,4,0,0,0,28,148,33,117,0,42,30,29,307,4,129,0,0,33,63,30,33,"NOR","IND",0,0,0,1,0,1,202,1,9,1,54,63,2,202,103,0,"IND","NOR",7,34,"False","dome","astroturf",72,45,0,-8,"NOR",48,"2019-12-16",FALSE,27,FALSE,27,FALSE,27,FALSE,27,FALSE,27,FALSE,27
"449","BUF",13,26,208,2,0,4,32,53,102,23,92,0,31,26,13,208,2,125,0,1,22,53,31,22,"BUF","NWE",0,0,0,0,0,1,317,7,11,2,57,35,1,317,72,1,"BUF","NWE",17,24,"False","outdoors","grass",33,64,2,-7,"NWE",38,"2019-12-21",FALSE,-7,FALSE,-7,FALSE,-7,FALSE,-7,FALSE,-7,FALSE,-7
"450","NWE",26,33,271,1,0,0,0,31,111,35,143,1,56,32,26,271,1,127,1,1,34,68,34,34,"NWE","BUF",2,0,0,0,0,0,167,4,11,7,49,94,9,176,138,1,"BUF","NWE",17,24,"False","outdoors","grass",33,64,2,-7,"NWE",38,"2019-12-21",FALSE,7,FALSE,7,FALSE,7,FALSE,7,FALSE,7,FALSE,7
"451","LAR",27,46,323,2,1,0,0,29,85,24,72,2,25,39,27,323,2,111,0,4,20,70,50,20,"LAR","SFO",0,0,0,1,0,2,289,8,14,10,29,43,2,281,155,0,"LAR","SFO",31,34,"False","outdoors","grass",58,66,12,-7,"SFO",45,"2019-12-21",FALSE,-3,FALSE,-3,FALSE,-3,FALSE,-3,FALSE,-3,FALSE,-3
"452","SFO",16,27,248,1,2,6,33,46,71,23,119,2,54,27,16,248,1,166,0,1,22,56,34,22,"SFO","LAR",0,0,0,0,0,0,207,4,12,2,71,48,1,207,118,2,"LAR","SFO",31,34,"False","outdoors","grass",58,66,12,-7,"SFO",45,"2019-12-21",FALSE,3,FALSE,3,FALSE,3,FALSE,3,FALSE,3,FALSE,3
"453","HOU",19,32,184,0,1,5,23,39,62,26,68,1,31,32,19,184,0,113,1,5,21,63,42,21,"HOU","TAM",0,0,0,0,0,0,215,6,19,4,37,31,0,215,73,1,"HOU","TAM",23,20,"False","outdoors","grass",73,65,11,-3,"HOU",50,"2019-12-21",FALSE,3,FALSE,3,FALSE,3,FALSE,3,FALSE,3,FALSE,3
"454","TAM",25,48,335,1,4,3,6,31,46,21,106,1,70,47,25,335,1,172,1,2,19,72,53,19,"TAM","HOU",0,0,0,1,0,1,623,9,21,2,28,78,0,624,83,3,"HOU","TAM",23,20,"False","outdoors","grass",73,65,11,-3,"HOU",50,"2019-12-21",FALSE,-3,FALSE,-3,FALSE,-3,FALSE,-3,FALSE,-3,FALSE,-3
"455","JAX",14,32,188,1,0,3,15,49,167,24,115,0,48,31,14,188,1,128,0,6,18,59,41,18,"JAX","ATL",0,0,0,0,0,0,241,12,9,3,60,55,0,238,96,0,"JAX","ATL",12,24,"False","retractable roof (closed)","fieldturf",72,45,0,-7,"ATL",48,"2019-12-22",TRUE,-12,TRUE,-12,TRUE,-12,TRUE,-12,TRUE,-12,TRUE,-12
"456","ATL",32,45,384,1,2,1,1,32,85,27,135,2,51,43,32,384,1,109,0,1,26,73,47,26,"ATL","JAX",0,0,0,1,0,1,391,4,9,2,86,49,0,391,122,2,"JAX","ATL",12,24,"False","retractable roof (closed)","fieldturf",72,45,0,-7,"ATL",48,"2019-12-22",FALSE,12,FALSE,12,FALSE,12,FALSE,12,FALSE,12,FALSE,12
"457","CHI",18,34,157,0,0,3,24,20,65,22,101,0,46,33,18,157,0,94,0,1,21,59,38,21,"CHI","KAN",0,0,0,0,0,0,275,7,16,2,55,46,5,274,93,6,"KAN","CHI",26,3,"False","outdoors","grass",45,66,10,-6,"KAN",45,"2019-12-22",TRUE,-23,TRUE,-23,TRUE,-23,TRUE,-23,TRUE,-23,TRUE,-23
"458","KAN",23,33,251,2,0,1,7,19,112,29,106,1,36,30,23,251,2,104,0,2,27,63,36,27,"KAN","CHI",0,0,0,0,0,0,244,5,9,1,34,72,8,227,99,2,"KAN","CHI",26,3,"False","outdoors","grass",45,66,10,-6,"KAN",45,"2019-12-22",FALSE,23,FALSE,23,FALSE,23,FALSE,23,FALSE,23,FALSE,23
"459","BAL",20,31,238,3,0,0,0,39,120,40,243,1,70,30,20,238,3,135,1,3,37,71,34,37,"BAL","CLE",0,0,0,0,1,0,247,5,13,4,136,107,2,227,108,1,"BAL","CLE",31,15,"False","outdoors","grass",49,41,10,-9,"BAL",48,"2019-12-22",FALSE,16,FALSE,16,FALSE,16,FALSE,16,FALSE,16,FALSE,16
"460","CLE",20,33,192,2,1,1,8,33,84,19,57,0,23,32,20,192,2,108,0,1,18,53,35,18,"CLE","BAL",0,0,0,0,0,0,293,4,22,1,11,46,0,287,81,2,"BAL","CLE",31,15,"False","outdoors","grass",49,41,10,-9,"BAL",48,"2019-12-22",TRUE,-16,TRUE,-16,TRUE,-16,TRUE,-16,TRUE,-16,TRUE,-16
"461","IND",14,27,119,0,0,3,13,21,63,32,218,3,96,24,14,119,0,95,0,2,30,62,32,30,"IND","CAR",0,2,0,0,0,0,289,7,9,8,120,98,1,235,35,2,"CAR","IND",6,38,"False","retractable roof (closed)","fieldturf",72,45,0,-7,"IND",46,"2019-12-22",FALSE,32,FALSE,32,FALSE,32,FALSE,32,FALSE,32,FALSE,32
"462","CAR",28,45,236,0,3,5,37,40,162,21,87,0,35,42,28,236,0,104,0,3,18,71,53,18,"CAR","IND",0,0,0,0,0,1,412,7,5,10,56,31,0,360,173,1,"CAR","IND",6,38,"False","retractable roof (closed)","fieldturf",72,45,0,-7,"IND",46,"2019-12-22",TRUE,-32,TRUE,-32,TRUE,-32,TRUE,-32,TRUE,-32,TRUE,-32
"463","DET",12,24,117,1,0,4,22,35,78,21,96,0,34,23,12,117,1,69,0,0,21,49,28,21,"DET","DEN",0,0,0,0,0,0,250,7,7,2,64,32,1,242,58,1,"DET","DEN",17,27,"False","outdoors","grass",67,8,3,-9,"DEN",40,"2019-12-22",TRUE,-10,TRUE,-10,TRUE,-10,TRUE,-10,TRUE,-10,TRUE,-10
"464","DEN",26,34,198,1,0,0,0,26,191,33,150,2,49,34,26,198,1,83,0,2,31,67,36,31,"DEN","DET",0,0,0,0,1,0,216,2,4,4,90,60,4,215,98,2,"DET","DEN",17,27,"False","outdoors","grass",67,8,3,-9,"DEN",40,"2019-12-22",FALSE,10,FALSE,10,FALSE,10,FALSE,10,FALSE,10,FALSE,10
"465","CIN",33,56,396,4,0,4,25,34,104,25,59,0,17,54,33,396,4,155,1,0,25,85,60,25,"CIN","MIA",3,0,0,1,0,1,586,10,16,3,29,30,0,589,109,3,"CIN","MIA",35,38,"True","outdoors","grass",76,68,15,-1,"CIN",46,"2019-12-22",FALSE,-3,FALSE,-3,FALSE,-3,FALSE,-3,FALSE,-3,FALSE,-3
"466","MIA",31,52,419,4,1,2,13,51,103,34,96,1,51,51,31,419,4,205,0,1,33,88,55,33,"MIA","CIN",0,0,0,1,0,1,510,10,19,3,44,52,1,517,126,2,"CIN","MIA",35,38,"True","outdoors","grass",76,68,15,-1,"CIN",46,"2019-12-22",FALSE,3,FALSE,3,FALSE,3,FALSE,3,FALSE,3,FALSE,3
"467","PIT",25,37,213,1,2,4,28,47,141,25,75,0,39,36,25,213,1,116,0,1,24,66,42,24,"PIT","NYJ",0,0,0,0,0,0,287,2,25,1,13,62,0,279,91,5,"PIT","NYJ",10,16,"False","outdoors","fieldturf ",45,52,6,-3,"PIT",36,"2019-12-22",FALSE,-6,FALSE,-6,FALSE,-6,FALSE,-6,FALSE,-6,FALSE,-6
"468","NYJ",16,26,183,1,0,2,9,32,95,32,85,0,25,25,16,183,1,107,1,1,31,60,29,31,"NYJ","PIT",0,0,0,0,0,0,217,3,13,3,19,66,0,205,104,3,"PIT","NYJ",10,16,"False","outdoors","fieldturf ",45,52,6,-3,"PIT",36,"2019-12-22",FALSE,6,FALSE,6,FALSE,6,FALSE,6,FALSE,6,FALSE,6
"469","TEN",17,27,272,3,0,5,24,41,133,26,149,1,88,25,17,272,3,185,1,1,25,58,33,25,"TEN","NOR",0,0,0,0,0,0,241,1,10,4,59,90,3,224,132,4,"NOR","TEN",38,28,"False","outdoors","grass",50,59,4,-3,"NOR",49,"2019-12-22",TRUE,-10,TRUE,-10,TRUE,-10,TRUE,-10,TRUE,-10,TRUE,-10
"470","NOR",28,40,299,3,0,3,24,81,203,23,102,2,51,39,28,299,3,148,0,0,23,66,43,23,"NOR","TEN",0,0,0,0,0,1,283,5,9,2,85,17,1,278,151,1,"NOR","TEN",38,28,"False","outdoors","grass",50,59,4,-3,"NOR",49,"2019-12-22",FALSE,10,FALSE,10,FALSE,10,FALSE,10,FALSE,10,FALSE,10
"471","DAL",25,44,265,0,0,2,8,41,74,16,54,0,18,44,25,265,0,106,1,1,15,62,47,15,"DAL","PHI",0,0,0,0,0,0,463,10,5,1,22,32,4,463,78,4,"DAL","PHI",9,17,"False","outdoors","grass",47,46,7,-2,"DAL",47,"2019-12-22",FALSE,-8,FALSE,-8,FALSE,-8,FALSE,-8,FALSE,-8,FALSE,-8
"472","PHI",31,40,319,1,0,1,6,38,108,30,118,1,55,40,31,319,1,139,0,3,27,71,44,27,"PHI","DAL",0,0,0,1,0,0,203,4,8,1,57,61,4,203,197,1,"DAL","PHI",9,17,"False","outdoors","grass",47,46,7,-2,"DAL",47,"2019-12-22",FALSE,8,FALSE,8,FALSE,8,FALSE,8,FALSE,8,FALSE,8
"473","LVR",26,30,291,1,0,3,24,56,118,29,99,2,21,29,26,291,1,155,0,1,28,62,34,28,"LVR","LAC",0,0,0,0,0,1,137,1,2,0,72,27,1,134,167,2,"LVR","LAC",24,17,"False","outdoors","grass",64,60,10,-7,"LAC",45,"2019-12-22",FALSE,7,FALSE,7,FALSE,7,FALSE,7,FALSE,7,FALSE,7
"474","LAC",27,39,279,0,0,1,14,23,89,16,19,2,9,37,27,279,0,100,0,0,16,56,40,16,"LAC","LVR",0,0,0,0,0,0,208,2,1,1,14,5,1,202,176,3,"LVR","LAC",24,17,"False","outdoors","grass",64,60,10,-7,"LAC",45,"2019-12-22",FALSE,-7,FALSE,-7,FALSE,-7,FALSE,-7,FALSE,-7,FALSE,-7
"475","SEA",16,31,169,1,0,5,36,23,78,20,91,0,67,29,16,169,1,109,1,1,19,56,37,19,"SEA","ARI",0,0,0,0,0,0,317,7,11,5,45,46,1,288,110,1,"ARI","SEA",27,13,"False","outdoors","fieldturf",43,87,7,-8,"SEA",51,"2019-12-22",TRUE,-14,TRUE,-14,TRUE,-14,TRUE,-14,TRUE,-14,TRUE,-14
"476","ARI",15,27,167,1,0,2,8,49,160,40,253,2,121,27,15,167,1,123,0,5,35,69,34,35,"ARI","SEA",0,0,0,0,1,0,212,4,6,3,150,103,3,212,106,1,"ARI","SEA",27,13,"False","outdoors","fieldturf",43,87,7,-8,"SEA",51,"2019-12-22",FALSE,14,FALSE,14,FALSE,14,FALSE,14,FALSE,14,FALSE,14
"477","NYG",28,42,352,5,0,1,6,51,132,26,206,1,83,39,28,352,5,141,0,3,23,69,46,23,"NYG","WAS",0,0,0,1,1,0,368,5,8,1,68,138,2,313,143,2,"NYG","WAS",41,35,"True","outdoors","grass",44,52,6,-1,"NYG",42,"2019-12-22",FALSE,6,FALSE,6,FALSE,6,FALSE,6,FALSE,6,FALSE,6
"478","WAS",29,38,302,3,0,3,21,77,363,26,80,2,43,37,29,302,3,164,0,1,25,67,42,25,"WAS","NYG",0,0,0,0,0,0,309,6,13,3,15,65,0,294,107,0,"NYG","WAS",41,35,"True","outdoors","grass",44,52,6,-1,"NYG",42,"2019-12-22",FALSE,-6,FALSE,-6,FALSE,-6,FALSE,-6,FALSE,-6,FALSE,-6
"479","GNB",26,40,216,0,1,3,17,18,68,32,184,2,63,38,26,216,0,77,2,0,32,75,43,32,"GNB","MIN",2,0,0,0,1,1,266,7,7,1,71,113,0,245,145,1,"GNB","MIN",23,10,"False","dome","sportturf",72,45,0,-4,"MIN",47,"2019-12-23",FALSE,13,FALSE,13,FALSE,13,FALSE,13,FALSE,13,FALSE,13
"480","MIN",16,32,122,1,1,5,40,28,98,16,57,0,23,30,16,122,1,68,0,0,16,53,37,16,"MIN","GNB",0,0,0,0,0,0,251,9,4,3,31,26,1,249,49,1,"GNB","MIN",23,10,"False","dome","sportturf",72,45,0,-4,"MIN",47,"2019-12-23",TRUE,-13,TRUE,-13,TRUE,-13,TRUE,-13,TRUE,-13,TRUE,-13
"481","NYJ",23,36,199,1,1,2,14,24,76,27,86,0,46,33,23,199,1,98,0,0,27,65,38,27,"NYJ","BUF",0,0,0,0,0,0,238,5,9,3,23,63,3,220,86,2,"NYJ","BUF",13,6,"False","outdoors","astroturf",43,85,7,-1,"NYJ",37,"2019-12-29",FALSE,7,FALSE,7,FALSE,7,FALSE,7,FALSE,7,FALSE,7
"482","BUF",21,40,237,0,2,1,1,46,113,20,73,0,46,39,21,237,0,105,1,0,20,61,41,20,"BUF","NYJ",0,0,0,0,0,1,306,7,17,1,32,41,8,306,119,4,"NYJ","BUF",13,6,"False","outdoors","astroturf",43,85,7,-1,"NYJ",37,"2019-12-29",FALSE,-7,FALSE,-7,FALSE,-7,FALSE,-7,FALSE,-7,FALSE,-7
"483","CAR",26,49,299,0,2,2,11,44,72,18,41,1,21,49,26,299,0,165,1,4,14,69,55,14,"CAR","NOR",0,0,0,0,0,0,373,10,15,5,22,19,1,373,160,3,"NOR","CAR",42,10,"False","outdoors","grass",63,89,9,-13,"NOR",45,"2019-12-29",TRUE,-32,TRUE,-32,TRUE,-32,TRUE,-32,TRUE,-32,TRUE,-32
"484","NOR",20,31,267,3,0,1,3,59,242,35,115,2,38,29,20,267,3,177,0,0,35,67,32,35,"NOR","CAR",0,0,0,0,0,0,207,2,9,4,49,66,4,203,175,2,"NOR","CAR",42,10,"False","outdoors","grass",63,89,9,-13,"NOR",45,"2019-12-29",FALSE,32,FALSE,32,FALSE,32,FALSE,32,FALSE,32,FALSE,32
"485","CIN",16,28,190,1,1,1,8,28,75,39,179,3,56,27,16,190,1,120,0,2,37,68,31,37,"CIN","CLE",0,0,0,0,1,0,241,3,6,1,41,138,6,233,82,3,"CLE","CIN",23,33,"False","outdoors","grass",64,80,7,-2,"CLE",44,"2019-12-29",FALSE,10,FALSE,10,FALSE,10,FALSE,10,FALSE,10,FALSE,10
"486","CLE",12,27,279,3,3,6,40,56,79,20,74,0,24,24,12,279,3,169,0,4,16,53,37,16,"CLE","CIN",0,0,0,0,0,0,422,7,8,5,37,37,2,404,63,1,"CLE","CIN",23,33,"False","outdoors","grass",64,80,7,-2,"CLE",44,"2019-12-29",TRUE,-10,TRUE,-10,TRUE,-10,TRUE,-10,TRUE,-10,TRUE,-10
"487","WAS",18,37,206,1,1,2,23,65,63,20,88,0,48,35,18,206,1,134,1,0,20,59,39,20,"WAS","DAL",0,0,0,0,0,0,241,7,10,3,50,38,2,231,105,3,"WAS","DAL",16,47,"False","retractable roof (closed)","fieldturf",72,45,0,-12,"DAL",47,"2019-12-29",TRUE,-31,TRUE,-31,TRUE,-31,TRUE,-31,TRUE,-31,TRUE,-31
"488","DAL",23,33,303,4,0,3,9,48,138,36,223,1,73,32,23,303,4,153,1,1,35,72,37,35,"DAL","WAS",0,0,0,1,1,0,206,3,7,0,115,108,2,206,142,3,"WAS","DAL",16,47,"False","retractable roof (closed)","fieldturf",72,45,0,-12,"DAL",47,"2019-12-29",FALSE,31,FALSE,31,FALSE,31,FALSE,31,FALSE,31,FALSE,31
"489","LVR",29,46,391,1,0,2,11,75,97,22,97,0,45,41,29,391,1,216,1,0,22,70,48,22,"LVR","DEN",0,0,0,1,0,2,305,3,5,4,47,50,1,299,207,3,"LVR","DEN",15,16,"False","outdoors","grass",31,43,6,-5,"DEN",41,"2019-12-29",FALSE,-1,FALSE,-1,FALSE,-1,FALSE,-1,FALSE,-1,FALSE,-1
"490","DEN",17,28,177,1,0,2,9,19,90,27,70,0,10,26,17,177,1,87,1,4,23,57,34,23,"DEN","LVR",0,0,0,0,0,0,229,5,6,6,29,41,7,192,69,1,"LVR","DEN",15,16,"False","outdoors","grass",31,43,6,-5,"DEN",41,"2019-12-29",FALSE,1,FALSE,1,FALSE,1,FALSE,1,FALSE,1,FALSE,1
"491","GNB",27,55,323,2,1,1,11,33,72,30,120,0,31,54,27,323,2,163,0,1,29,86,57,29,"GNB","DET",0,0,0,1,1,0,770,19,13,1,41,79,7,774,135,2,"GNB","DET",23,20,"False","dome","fieldturf",72,45,0,-13,"GNB",44,"2019-12-29",FALSE,3,FALSE,3,FALSE,3,FALSE,3,FALSE,3,FALSE,3
"492","DET",13,30,141,1,1,1,7,61,198,25,171,1,81,29,13,141,1,101,0,2,23,56,33,23,"DET","GNB",0,0,0,0,0,0,278,10,10,2,72,99,4,261,43,2,"GNB","DET",23,20,"False","dome","fieldturf",72,45,0,-13,"GNB",44,"2019-12-29",FALSE,-3,FALSE,-3,FALSE,-3,FALSE,-3,FALSE,-3,FALSE,-3
"493","TEN",14,21,222,2,0,0,0,75,249,39,245,3,86,21,14,222,2,120,0,2,37,60,23,37,"TEN","HOU",0,0,0,0,1,1,284,5,7,1,183,62,5,283,81,0,"TEN","HOU",35,14,"False","retractable roof (closed)","grass",72,45,0,-10,"TEN",43,"2019-12-29",FALSE,21,FALSE,21,FALSE,21,FALSE,21,FALSE,21,FALSE,21
"494","HOU",21,36,225,0,1,4,33,21,65,25,109,2,47,32,21,225,0,100,0,5,20,65,45,20,"HOU","TEN",0,0,0,0,0,0,308,7,14,8,83,26,0,250,130,0,"TEN","HOU",35,14,"False","retractable roof (closed)","grass",72,45,0,-10,"TEN",43,"2019-12-29",TRUE,-21,TRUE,-21,TRUE,-21,TRUE,-21,TRUE,-21,TRUE,-21
"495","JAX",27,39,295,3,1,3,9,45,106,24,67,0,25,39,27,295,3,144,0,2,22,66,44,22,"JAX","IND",1,0,0,0,0,0,232,4,5,2,30,37,0,232,128,6,"IND","JAX",20,38,"False","outdoors","grass",72,45,0,-5,"IND",41,"2019-12-29",FALSE,18,FALSE,18,FALSE,18,FALSE,18,FALSE,18,FALSE,18
"496","IND",12,25,162,0,0,3,19,33,69,27,132,2,48,24,12,162,0,95,2,2,25,55,30,25,"IND","JAX",0,0,0,0,0,0,197,6,2,3,86,46,0,197,99,2,"IND","JAX",20,38,"False","outdoors","grass",72,45,0,-5,"IND",41,"2019-12-29",TRUE,-18,TRUE,-18,TRUE,-18,TRUE,-18,TRUE,-18,TRUE,-18
"497","LAC",31,46,281,2,2,3,23,23,80,25,108,1,53,44,31,281,2,91,0,1,24,74,50,24,"LAC","KAN",0,0,0,0,0,0,314,10,10,1,77,31,2,315,170,0,"LAC","KAN",21,31,"False","outdoors","grass",40,70,16,-10,"KAN",46,"2019-12-29",TRUE,-10,TRUE,-10,TRUE,-10,TRUE,-10,TRUE,-10,TRUE,-10
"498","KAN",16,25,174,1,1,0,0,47,81,23,162,2,101,25,16,174,1,130,0,2,21,48,27,21,"KAN","LAC",0,1,0,0,1,0,142,3,2,1,54,108,8,141,71,3,"LAC","KAN",21,31,"False","outdoors","grass",40,70,16,-10,"KAN",46,"2019-12-29",FALSE,10,FALSE,10,FALSE,10,FALSE,10,FALSE,10,FALSE,10
"499","CHI",26,37,207,0,0,4,28,32,84,34,158,1,54,35,26,207,0,94,1,1,33,75,42,33,"CHI","MIN",0,0,0,0,1,0,214,7,9,7,95,63,5,206,103,0,"CHI","MIN",21,19,"False","dome","sportturf",72,45,0,-5,"CHI",36,"2019-12-29",FALSE,2,FALSE,2,FALSE,2,FALSE,2,FALSE,2,FALSE,2
"500","MIN",12,21,126,0,2,0,0,35,35,26,174,1,73,20,12,126,0,83,1,0,26,47,21,26,"MIN","CHI",0,0,0,0,1,0,132,3,3,8,47,127,3,71,66,3,"CHI","MIN",21,19,"False","dome","sportturf",72,45,0,-5,"CHI",36,"2019-12-29",FALSE,-2,FALSE,-2,FALSE,-2,FALSE,-2,FALSE,-2,FALSE,-2
"501","MIA",29,44,340,1,0,2,14,48,224,22,63,1,34,44,29,340,1,109,0,4,18,68,50,18,"MIA","NWE",0,0,0,1,0,1,426,9,23,1,47,16,2,426,140,2,"MIA","NWE",27,24,"False","outdoors","grass",43,41,2,-17,"NWE",46,"2019-12-29",FALSE,3,FALSE,3,FALSE,3,FALSE,3,FALSE,3,FALSE,3
"502","NWE",16,29,221,2,1,1,4,50,88,27,135,1,39,29,16,221,2,165,1,0,27,57,30,27,"NWE","MIA",0,0,0,0,0,0,308,8,6,0,75,60,2,307,84,2,"MIA","NWE",27,24,"False","outdoors","grass",43,41,2,-17,"NWE",46,"2019-12-29",FALSE,-3,FALSE,-3,FALSE,-3,FALSE,-3,FALSE,-3,FALSE,-3
"503","PHI",23,40,289,1,0,1,10,41,88,31,121,3,46,40,23,289,1,151,0,2,29,72,43,29,"PHI","NYG",0,0,0,0,0,0,301,9,15,3,40,81,0,301,135,2,"PHI","NYG",34,17,"False","outdoors","fieldturf ",42,69,5,-4,"PHI",44,"2019-12-29",FALSE,17,FALSE,17,FALSE,17,FALSE,17,FALSE,17,FALSE,17
"504","NYG",28,47,301,1,1,4,26,33,76,21,122,1,89,47,28,301,1,122,1,1,20,72,52,20,"NYG","PHI",0,0,0,1,0,0,521,7,14,5,21,101,0,520,69,1,"PHI","NYG",34,17,"False","outdoors","fieldturf ",42,69,5,-4,"PHI",44,"2019-12-29",TRUE,-17,TRUE,-17,TRUE,-17,TRUE,-17,TRUE,-17,TRUE,-17
"505","ARI",27,43,325,2,2,1,3,37,161,17,71,1,35,39,27,325,2,167,3,0,17,61,44,17,"ARI","LAR",0,0,0,1,0,0,393,6,9,3,46,25,0,390,148,0,"ARI","LAR",24,31,"False","outdoors","grass",62,47,0,-7,"LAR",46,"2019-12-29",FALSE,-7,FALSE,-7,FALSE,-7,FALSE,-7,FALSE,-7,FALSE,-7
"506","LAR",29,45,319,3,0,1,8,37,107,33,113,1,49,44,29,319,3,127,0,1,32,79,47,32,"LAR","ARI",0,0,0,1,0,0,352,9,23,1,66,47,0,349,123,0,"ARI","LAR",24,31,"False","outdoors","grass",62,47,0,-7,"LAR",46,"2019-12-29",FALSE,7,FALSE,7,FALSE,7,FALSE,7,FALSE,7,FALSE,7
"507","PIT",9,25,95,0,0,2,18,21,47,23,91,1,21,20,9,95,0,60,2,0,23,50,27,23,"PIT","BAL",0,0,0,0,0,0,132,7,18,0,28,63,1,122,75,4,"PIT","BAL",10,28,"False","outdoors","grass",46,91,7,-2,"PIT",35,"2019-12-29",TRUE,-18,TRUE,-18,TRUE,-18,TRUE,-18,TRUE,-18,TRUE,-18
"508","BAL",11,21,96,0,1,3,15,20,44,44,223,1,71,20,11,96,0,62,1,1,43,68,25,43,"BAL","PIT",0,0,0,0,1,0,135,5,14,0,100,123,3,135,50,0,"PIT","BAL",10,28,"False","outdoors","grass",46,91,7,-2,"PIT",35,"2019-12-29",FALSE,18,FALSE,18,FALSE,18,FALSE,18,FALSE,18,FALSE,18
"509","SFO",18,22,285,0,0,2,15,49,118,24,128,3,70,22,18,285,0,140,0,0,24,48,24,24,"SFO","SEA",0,0,0,0,0,1,147,2,2,2,55,73,7,146,149,1,"SFO","SEA",26,21,"False","outdoors","fieldturf",51,70,3,-3,"SFO",47,"2019-12-29",FALSE,5,FALSE,5,FALSE,5,FALSE,5,FALSE,5,FALSE,5
"510","SEA",25,40,233,2,0,1,10,24,95,30,125,1,33,38,25,233,2,91,0,7,23,71,48,23,"SEA","SFO",0,0,0,0,0,0,267,7,12,9,85,40,0,252,85,2,"SFO","SEA",26,21,"False","outdoors","fieldturf",51,70,3,-3,"SFO",47,"2019-12-29",FALSE,-5,FALSE,-5,FALSE,-5,FALSE,-5,FALSE,-5,FALSE,-5
"511","ATL",30,51,313,1,0,6,27,35,83,30,87,0,26,48,30,313,1,142,1,0,30,87,57,30,"ATL","TAM",0,0,0,1,0,0,311,12,18,7,46,41,0,308,120,0,"ATL","TAM",28,22,"True","outdoors","grass",78,77,12,-1,"TAM",48,"2019-12-29",FALSE,6,FALSE,6,FALSE,6,FALSE,6,FALSE,6,FALSE,6
"512","TAM",13,24,201,2,2,1,8,37,75,21,136,0,57,23,13,201,2,84,1,1,20,46,26,20,"TAM","ATL",1,0,0,0,1,1,253,4,9,2,84,52,0,255,65,1,"ATL","TAM",28,22,"True","outdoors","grass",78,77,12,-1,"TAM",48,"2019-12-29",FALSE,-6,FALSE,-6,FALSE,-6,FALSE,-6,FALSE,-6,FALSE,-6
"513","BUF",25,48,280,1,0,3,27,54,267,30,172,0,74,43,25,280,1,155,1,1,29,81,52,29,"BUF","HOU",0,0,0,0,0,0,424,9,19,2,70,102,5,392,163,4,"BUF","HOU",19,22,"True","retractable roof (closed)","grass",72,45,0,-2,"HOU",43,"2020-01-04",FALSE,-3,FALSE,-3,FALSE,-3,FALSE,-3,FALSE,-3,FALSE,-3
"514","HOU",20,25,247,1,0,7,28,41,121,33,141,1,47,25,20,247,1,137,1,7,26,65,39,26,"HOU","BUF",3,0,0,0,0,0,216,2,12,2,83,58,2,216,97,1,"BUF","HOU",19,22,"True","retractable roof (closed)","grass",72,45,0,-2,"HOU",43,"2020-01-04",FALSE,3,FALSE,3,FALSE,3,FALSE,3,FALSE,3,FALSE,3
"515","TEN",9,16,76,1,1,1,5,26,144,40,201,1,40,15,9,76,1,65,0,1,39,57,18,39,"TEN","NWE",0,0,0,0,1,0,134,3,6,1,70,131,7,139,46,0,"TEN","NWE",20,13,"False","outdoors","grass",44,88,4,-4,"NWE",45,"2020-01-04",FALSE,7,FALSE,7,FALSE,7,FALSE,7,FALSE,7,FALSE,7
"516","NWE",20,37,209,0,1,0,0,29,59,22,98,1,57,35,20,209,0,120,1,0,22,59,37,22,"NWE","TEN",0,0,0,0,0,0,329,7,2,1,68,30,0,277,134,3,"TEN","NWE",20,13,"False","outdoors","grass",44,88,4,-4,"NWE",45,"2020-01-04",FALSE,-7,FALSE,-7,FALSE,-7,FALSE,-7,FALSE,-7,FALSE,-7
"517","NOR",27,34,258,1,1,3,31,70,209,17,97,1,46,33,27,258,1,137,1,1,16,54,38,16,"NOR","MIN",0,0,0,0,0,0,250,3,10,2,19,78,2,254,87,0,"MIN","NOR",26,20,"True","dome","astroturf",72,45,0,-7,"NOR",50,"2020-01-05",FALSE,-6,FALSE,-6,FALSE,-6,FALSE,-6,FALSE,-6,FALSE,-6
"518","MIN",19,31,242,1,0,3,16,43,96,40,136,2,59,31,19,242,1,104,1,0,40,74,34,40,"MIN","NOR",0,0,0,0,0,1,260,5,8,2,70,66,1,260,91,1,"MIN","NOR",26,20,"True","dome","astroturf",72,45,0,-7,"NOR",50,"2020-01-05",FALSE,6,FALSE,6,FALSE,6,FALSE,6,FALSE,6,FALSE,6
"519","PHI",19,28,177,0,0,7,15,35,134,26,120,0,47,25,19,177,0,98,0,2,24,61,37,24,"PHI","SEA",0,0,0,0,0,0,170,3,10,2,45,75,3,150,83,1,"SEA","PHI",17,9,"False","outdoors","grass",41,40,17,-1,"PHI",44,"2020-01-05",FALSE,-8,FALSE,-8,FALSE,-8,FALSE,-8,FALSE,-8,FALSE,-8
"520","SEA",18,30,325,1,0,1,7,53,108,26,64,1,39,29,18,325,1,154,0,4,22,57,35,22,"SEA","PHI",0,0,0,1,0,1,349,9,18,1,31,33,1,326,133,0,"SEA","PHI",17,9,"False","outdoors","grass",41,40,17,-1,"PHI",44,"2020-01-05",FALSE,8,FALSE,8,FALSE,8,FALSE,8,FALSE,8,FALSE,8
"521","TEN",8,15,91,3,0,1,8,48,228,37,217,1,84,15,8,91,3,92,0,1,36,53,17,36,"TEN","BAL",0,0,0,0,1,0,180,3,13,0,71,146,5,180,32,0,"TEN","BAL",28,12,"False","outdoors","grass",69,70,12,-10,"BAL",47,"2020-01-11",FALSE,16,FALSE,16,FALSE,16,FALSE,16,FALSE,16,FALSE,16
"522","BAL",31,59,365,1,2,4,20,38,63,29,185,0,56,53,31,365,1,160,1,8,21,92,71,21,"BAL","TEN",0,0,0,1,1,1,663,9,10,2,127,58,1,627,92,7,"TEN","BAL",28,12,"False","outdoors","grass",69,70,12,-10,"BAL",47,"2020-01-11",TRUE,-16,TRUE,-16,TRUE,-16,TRUE,-16,TRUE,-16,TRUE,-16
"523","MIN",21,29,172,1,1,6,46,41,84,10,21,0,9,29,21,172,1,100,0,0,10,45,35,10,"MIN","SFO",0,0,0,0,0,0,178,3,6,4,4,17,0,177,85,1,"MIN","SFO",10,27,"False","outdoors","grass",56,67,11,-7,"SFO",44,"2020-01-11",TRUE,-17,TRUE,-17,TRUE,-17,TRUE,-17,TRUE,-17,TRUE,-17
"524","SFO",11,19,131,1,1,2,9,22,74,47,186,2,35,18,11,131,1,72,1,0,47,68,21,47,"SFO","MIN",0,0,0,0,1,0,169,1,6,0,71,115,2,169,36,2,"MIN","SFO",10,27,"False","outdoors","grass",56,67,11,-7,"SFO",44,"2020-01-11",FALSE,17,FALSE,17,FALSE,17,FALSE,17,FALSE,17,FALSE,17
"525","SEA",21,31,277,1,0,5,12,31,106,24,110,2,42,28,21,277,1,98,0,7,17,60,43,17,"SEA","GNB",0,0,0,0,0,1,358,4,8,2,62,48,1,290,90,2,"SEA","GNB",23,28,"False","outdoors","grass",23,74,8,-4,"GNB",46,"2020-01-12",FALSE,-5,FALSE,-5,FALSE,-5,FALSE,-5,FALSE,-5,FALSE,-5
"526","GNB",16,27,243,2,0,2,8,40,113,30,109,2,63,22,16,243,2,101,0,1,29,59,30,29,"GNB","SEA",0,0,0,0,0,1,223,2,12,2,53,56,4,156,94,2,"SEA","GNB",23,28,"False","outdoors","grass",23,74,8,-4,"GNB",46,"2020-01-12",FALSE,5,FALSE,5,FALSE,5,FALSE,5,FALSE,5,FALSE,5
"527","HOU",31,52,388,2,0,5,40,54,95,21,94,1,30,50,31,388,2,197,1,3,18,78,60,18,"HOU","KAN",0,0,0,1,0,1,465,10,11,9,67,27,3,434,153,4,"HOU","KAN",31,51,"False","outdoors","grass",72,45,0,-10,"KAN",50,"2020-01-12",TRUE,-20,TRUE,-20,TRUE,-20,TRUE,-20,TRUE,-20,TRUE,-20
"528","KAN",23,35,321,5,0,1,5,48,134,21,118,2,65,35,23,321,5,149,1,4,17,57,40,17,"KAN","HOU",0,0,0,1,0,1,228,4,8,5,93,25,0,228,176,5,"HOU","KAN",31,51,"False","outdoors","grass",72,45,0,-10,"KAN",50,"2020-01-12",FALSE,20,FALSE,20,FALSE,20,FALSE,20,FALSE,20,FALSE,20
"529","TEN",22,32,237,2,0,3,27,65,226,23,85,1,24,32,22,237,2,154,0,2,21,58,37,21,"TEN","KAN",0,0,0,0,0,0,269,4,12,2,45,40,1,269,111,0,"TEN","KAN",24,35,"False","outdoors","grass",72,45,0,-7,"KAN",51,"2020-01-19",TRUE,-11,TRUE,-11,TRUE,-11,TRUE,-11,TRUE,-11,TRUE,-11
"530","KAN",23,35,294,3,0,2,2,60,120,27,112,2,49,32,23,294,3,153,0,6,21,64,43,21,"KAN","TEN",0,0,0,0,0,1,299,4,7,10,55,57,4,242,111,5,"TEN","KAN",24,35,"False","outdoors","grass",72,45,0,-7,"KAN",51,"2020-01-19",FALSE,11,FALSE,11,FALSE,11,FALSE,11,FALSE,11,FALSE,11
"531","GNB",31,39,326,2,2,3,30,65,97,16,62,1,15,37,31,326,2,193,1,0,16,58,42,16,"GNB","SFO",0,0,0,1,0,1,332,5,3,3,28,34,1,319,180,0,"GNB","SFO",20,37,"False","outdoors","grass",58,56,5,-8,"SFO",46,"2020-01-19",TRUE,-17,TRUE,-17,TRUE,-17,TRUE,-17,TRUE,-17,TRUE,-17
"532","SFO",6,8,77,0,0,1,8,30,104,42,285,4,77,8,6,77,0,65,0,0,42,51,9,42,"SFO","GNB",0,0,0,0,1,0,27,0,3,1,129,156,5,26,62,0,"GNB","SFO",20,37,"False","outdoors","grass",58,56,5,-8,"SFO",46,"2020-01-19",FALSE,17,FALSE,17,FALSE,17,FALSE,17,FALSE,17,FALSE,17
"533","HOU",20,32,253,1,1,4,11,31,84,22,118,2,39,31,20,253,1,114,0,4,18,58,40,18,"HOU","KAN",0,0,0,0,0,1,283,5,13,8,56,62,0,259,132,4,"HOU","KAN",20,34,"False","outdoors","astroturf",56,95,7,-9,"KAN",53,"2020-09-10",TRUE,-14,TRUE,-14,TRUE,-14,TRUE,-14,TRUE,-14,TRUE,-14
"534","KAN",24,32,211,3,0,1,8,19,123,34,166,1,39,32,24,211,3,70,0,0,34,67,33,34,"KAN","HOU",0,0,0,0,1,0,147,5,13,1,49,117,0,147,133,1,"HOU","KAN",20,34,"False","outdoors","astroturf",56,95,7,-9,"KAN",53,"2020-09-10",FALSE,14,FALSE,14,FALSE,14,FALSE,14,FALSE,14,FALSE,14
"535","SEA",31,35,322,4,0,3,23,38,143,20,84,1,61,35,31,322,4,138,0,1,19,58,39,19,"SEA","ATL",0,0,0,1,0,0,205,2,13,4,49,35,1,205,160,1,"SEA","ATL",38,25,"False","retractable roof (closed)","fieldturf",72,45,0,-1,"ATL",49,"2020-09-13",FALSE,13,FALSE,13,FALSE,13,FALSE,13,FALSE,13,FALSE,13
"536","ATL",37,54,450,2,1,2,16,44,98,21,72,1,29,52,37,450,2,124,1,0,21,77,56,21,"ATL","SEA",0,0,0,1,0,3,524,5,19,4,44,28,0,487,106,4,"SEA","ATL",38,25,"False","retractable roof (closed)","fieldturf",72,45,0,-1,"ATL",49,"2020-09-13",TRUE,-13,TRUE,-13,TRUE,-13,TRUE,-13,TRUE,-13,TRUE,-13
"537","NYJ",21,35,215,1,1,3,13,69,75,15,52,1,27,33,21,215,1,137,1,1,14,53,39,14,"NYJ","BUF",0,0,0,0,0,1,257,7,20,3,16,36,0,257,139,2,"NYJ","BUF",17,27,"False","outdoors","astroturf",67,93,15,-6,"BUF",39,"2020-09-13",TRUE,-10,TRUE,-10,TRUE,-10,TRUE,-10,TRUE,-10,TRUE,-10
"538","BUF",33,46,312,2,0,3,6,29,104,32,98,1,35,45,33,312,2,126,2,3,29,81,52,29,"BUF","NYJ",0,0,0,1,0,0,279,4,18,4,20,78,3,274,137,2,"NYJ","BUF",17,27,"False","outdoors","astroturf",67,93,15,-6,"BUF",39,"2020-09-13",FALSE,10,FALSE,10,FALSE,10,FALSE,10,FALSE,10,FALSE,10
"539","LVR",22,30,239,1,0,0,0,45,107,31,133,3,36,28,22,239,1,156,0,0,31,61,30,31,"LVR","CAR",0,0,0,0,0,0,166,3,7,3,63,70,8,161,158,0,"LVR","CAR",34,30,"False","outdoors","grass",81,59,5,-3,"LVR",48,"2020-09-13",FALSE,4,FALSE,4,FALSE,4,FALSE,4,FALSE,4,FALSE,4
"540","CAR",22,34,269,1,0,1,10,75,98,30,129,2,34,34,22,269,1,148,0,4,26,65,39,26,"CAR","LVR",2,0,0,0,0,1,279,6,6,3,70,59,9,279,137,2,"LVR","CAR",34,30,"False","outdoors","grass",81,59,5,-3,"LVR",48,"2020-09-13",FALSE,-4,FALSE,-4,FALSE,-4,FALSE,-4,FALSE,-4,FALSE,-4
"541","CIN",23,36,193,0,1,3,20,19,66,28,122,1,44,35,23,193,0,90,1,4,24,67,43,24,"CIN","LAC",0,0,0,0,0,0,291,7,8,5,93,29,2,291,83,2,"LAC","CIN",16,13,"False","outdoors","grass",83,56,6,-2,"LAC",41,"2020-09-13",FALSE,-3,FALSE,-3,FALSE,-3,FALSE,-3,FALSE,-3,FALSE,-3
"542","LAC",16,30,208,0,0,2,1,37,75,39,155,1,45,29,16,208,0,112,0,2,37,71,34,37,"LAC","CIN",0,0,0,0,0,0,335,6,9,5,75,80,3,327,80,1,"LAC","CIN",16,13,"False","outdoors","grass",83,56,6,-2,"LAC",41,"2020-09-13",FALSE,3,FALSE,3,FALSE,3,FALSE,3,FALSE,3,FALSE,3
"543","CHI",20,36,242,3,0,1,28,27,104,28,149,0,58,36,20,242,3,110,0,2,26,65,39,26,"CHI","DET",0,0,0,0,0,0,353,12,8,5,79,70,7,352,81,0,"CHI","DET",27,23,"False","dome","fieldturf",72,45,0,-2,"DET",42,"2020-09-13",FALSE,4,FALSE,4,FALSE,4,FALSE,4,FALSE,4,FALSE,4
"544","DET",24,42,297,1,1,1,9,32,77,29,138,1,45,41,24,297,1,139,0,4,25,72,47,25,"DET","CHI",0,0,0,0,0,0,372,8,8,0,110,28,0,372,129,5,"CHI","DET",27,23,"False","dome","fieldturf",72,45,0,-2,"DET",42,"2020-09-13",FALSE,-4,FALSE,-4,FALSE,-4,FALSE,-4,FALSE,-4,FALSE,-4
"545","IND",36,46,363,1,2,1,6,35,88,22,88,1,51,46,36,363,1,162,0,1,21,69,48,21,"IND","JAX",0,0,0,1,0,0,289,5,6,0,62,26,1,290,212,0,"IND","JAX",20,27,"False","outdoors","grass",80,85,3,-7,"IND",44,"2020-09-13",FALSE,-7,FALSE,-7,FALSE,-7,FALSE,-7,FALSE,-7,FALSE,-7
"546","JAX",19,20,173,3,0,4,23,28,142,23,91,0,28,20,19,173,3,114,0,4,19,47,28,19,"JAX","IND",0,0,0,0,0,0,89,0,3,4,50,41,1,88,98,0,"IND","JAX",20,27,"False","outdoors","grass",80,85,3,-7,"IND",44,"2020-09-13",FALSE,7,FALSE,7,FALSE,7,FALSE,7,FALSE,7,FALSE,7
"547","MIN",19,25,259,2,1,2,11,37,118,22,134,2,49,25,19,259,2,123,0,4,18,49,31,18,"MIN","GNB",4,0,0,0,0,1,267,3,3,2,95,39,2,267,72,2,"GNB","MIN",43,34,"False","dome","sportturf",72,45,0,-1,"MIN",44,"2020-09-13",FALSE,-9,FALSE,-9,FALSE,-9,FALSE,-9,FALSE,-9,FALSE,-9
"548","GNB",32,44,364,4,0,0,0,45,127,32,158,1,69,41,32,364,4,162,0,0,32,76,44,32,"GNB","MIN",0,0,0,1,0,1,391,6,19,4,94,64,3,383,155,2,"GNB","MIN",43,34,"False","dome","sportturf",72,45,0,-1,"MIN",44,"2020-09-13",FALSE,9,FALSE,9,FALSE,9,FALSE,9,FALSE,9,FALSE,9
"549","NOR",19,31,198,2,0,1,9,84,215,34,82,1,33,30,19,198,2,133,0,2,32,66,34,32,"NOR","TAM",0,0,0,0,0,0,166,7,14,4,37,45,2,166,116,2,"TAM","NOR",23,34,"False","dome","astroturf",72,45,0,-4,"NOR",48,"2020-09-13",FALSE,11,FALSE,11,FALSE,11,FALSE,11,FALSE,11,FALSE,11
"550","TAM",23,36,239,2,2,3,15,37,78,26,86,1,37,34,23,239,2,122,0,1,25,65,40,25,"TAM","NOR",0,0,0,0,0,0,292,8,7,2,68,18,1,291,90,0,"TAM","NOR",23,34,"False","dome","astroturf",72,45,0,-4,"NOR",48,"2020-09-13",TRUE,-11,TRUE,-11,TRUE,-11,TRUE,-11,TRUE,-11,TRUE,-11
"551","NWE",15,19,155,0,0,2,15,25,100,42,217,3,75,19,15,155,0,69,1,1,41,63,22,41,"NWE","MIA",0,0,0,0,0,0,101,1,9,3,144,73,0,101,88,0,"MIA","NWE",11,21,"False","outdoors","grass",70,62,8,-7,"NWE",41,"2020-09-13",FALSE,10,FALSE,10,FALSE,10,FALSE,10,FALSE,10,FALSE,10
"552","MIA",20,30,191,0,3,1,9,21,44,27,87,1,33,30,20,191,0,100,0,3,24,58,34,24,"MIA","NWE",1,0,0,0,0,0,251,4,11,3,46,41,1,251,59,0,"MIA","NWE",11,21,"False","outdoors","grass",70,62,8,-7,"NWE",41,"2020-09-13",TRUE,-10,TRUE,-10,TRUE,-10,TRUE,-10,TRUE,-10,TRUE,-10
"553","DAL",25,39,266,1,0,3,22,33,92,27,136,1,32,37,25,266,1,131,0,3,24,69,45,24,"DAL","LAR",0,0,0,0,0,0,283,6,8,4,56,80,4,256,114,2,"DAL","LAR",17,20,"False","dome","matrixturf",72,45,0,-1,"LAR",52,"2020-09-13",FALSE,-3,FALSE,-3,FALSE,-3,FALSE,-3,FALSE,-3,FALSE,-3
"554","LAR",20,31,275,0,1,1,6,31,79,40,153,2,43,28,20,275,0,144,0,2,38,72,34,38,"LAR","DAL",0,0,0,0,0,1,140,2,10,1,87,66,1,124,195,3,"DAL","LAR",17,20,"False","dome","matrixturf",72,45,0,-1,"LAR",52,"2020-09-13",FALSE,3,FALSE,3,FALSE,3,FALSE,3,FALSE,3,FALSE,3
"555","CLE",21,39,189,1,1,2,21,28,65,27,138,0,58,35,21,189,1,113,2,1,26,68,42,26,"CLE","BAL",0,0,0,0,0,0,358,6,21,4,55,83,4,308,34,1,"CLE","BAL",6,38,"False","outdoors","grass",76,72,5,-7,"BAL",47,"2020-09-13",TRUE,-32,TRUE,-32,TRUE,-32,TRUE,-32,TRUE,-32,TRUE,-32
"556","BAL",21,26,284,3,0,2,14,56,256,30,111,2,47,25,21,284,3,138,1,2,28,58,30,28,"BAL","CLE",0,0,0,0,0,1,257,3,10,7,67,44,1,255,77,0,"CLE","BAL",6,38,"False","outdoors","grass",76,72,5,-7,"BAL",47,"2020-09-13",FALSE,32,FALSE,32,FALSE,32,FALSE,32,FALSE,32,FALSE,32
"557","SFO",19,33,259,2,0,3,16,76,103,25,123,0,65,32,19,259,2,179,0,1,24,61,37,24,"SFO","ARI",0,0,0,0,0,0,220,11,10,1,67,56,2,225,161,2,"ARI","SFO",24,20,"False","outdoors","grass",72,45,0,-7,"SFO",48,"2020-09-13",FALSE,-4,FALSE,-4,FALSE,-4,FALSE,-4,FALSE,-4,FALSE,-4
"558","ARI",26,40,230,1,1,2,6,33,78,36,180,2,59,37,26,230,1,69,0,8,28,78,50,28,"ARI","SFO",0,0,0,0,0,1,192,7,12,4,139,41,2,191,133,0,"ARI","SFO",24,20,"False","outdoors","grass",72,45,0,-7,"SFO",48,"2020-09-13",FALSE,4,FALSE,4,FALSE,4,FALSE,4,FALSE,4,FALSE,4
"559","WAS",17,31,178,1,0,3,19,21,82,36,80,2,48,30,17,178,1,77,0,2,34,70,36,34,"WAS","PHI",0,0,0,0,0,0,248,10,7,1,57,23,2,247,95,0,"PHI","WAS",17,27,"False","outdoors","grass",76,68,5,-5,"PHI",41,"2020-09-13",FALSE,10,FALSE,10,FALSE,10,FALSE,10,FALSE,10,FALSE,10
"560","PHI",24,42,270,2,2,8,62,55,72,17,57,0,23,42,24,270,2,152,1,0,17,67,50,17,"PHI","WAS",0,0,0,0,0,1,520,13,17,1,25,32,3,519,113,3,"PHI","WAS",17,27,"False","outdoors","grass",76,68,5,-5,"PHI",41,"2020-09-13",TRUE,-10,TRUE,-10,TRUE,-10,TRUE,-10,TRUE,-10,TRUE,-10
"561","TEN",29,43,249,2,0,1,2,23,97,34,130,0,24,40,29,249,2,85,0,1,33,78,45,33,"TEN","DEN",0,0,0,0,1,1,266,4,5,4,81,49,2,228,96,3,"TEN","DEN",16,14,"False","outdoors","grass",79,14,10,-3,"TEN",41,"2020-09-14",FALSE,2,FALSE,2,FALSE,2,FALSE,2,FALSE,2,FALSE,2
"562","DEN",22,33,216,1,0,0,0,31,95,26,107,1,38,32,22,216,1,121,1,2,24,59,35,24,"DEN","TEN",0,0,0,0,0,0,303,5,13,1,54,53,1,291,133,3,"TEN","DEN",16,14,"False","outdoors","grass",79,14,10,-3,"TEN",41,"2020-09-14",FALSE,-2,FALSE,-2,FALSE,-2,FALSE,-2,FALSE,-2,FALSE,-2
"563","NYG",26,41,279,2,2,3,17,41,79,20,29,0,21,39,26,279,2,147,0,3,17,64,47,17,"NYG","PIT",0,0,0,0,0,1,232,5,26,9,17,12,0,243,116,4,"PIT","NYG",26,16,"False","outdoors","fieldturf ",71,44,5,-6,"PIT",44,"2020-09-14",TRUE,-10,TRUE,-10,TRUE,-10,TRUE,-10,TRUE,-10,TRUE,-10
"564","PIT",21,32,229,3,0,2,21,28,117,30,141,0,54,31,21,229,3,112,1,1,29,64,35,29,"PIT","NYG",0,0,0,0,1,0,221,4,7,4,78,63,4,208,105,3,"PIT","NYG",26,16,"False","outdoors","fieldturf ",71,44,5,-6,"PIT",44,"2020-09-14",FALSE,10,FALSE,10,FALSE,10,FALSE,10,FALSE,10,FALSE,10
"565","CLE",16,23,219,2,1,0,0,43,110,35,215,3,67,21,16,219,2,133,0,1,34,58,24,34,"CLE","CIN",0,0,0,0,1,0,210,4,14,3,72,143,2,204,73,0,"CIN","CLE",30,35,"False","outdoors","grass",65,52,8,-6,"CLE",44,"2020-09-17",FALSE,5,FALSE,5,FALSE,5,FALSE,5,FALSE,5,FALSE,5
"566","CIN",37,61,316,3,0,3,31,23,90,24,68,0,19,59,37,316,3,121,1,4,20,88,68,20,"CIN","CLE",0,0,0,1,0,0,486,12,16,6,28,40,1,466,127,3,"CIN","CLE",30,35,"False","outdoors","grass",65,52,8,-6,"CLE",44,"2020-09-17",FALSE,-5,FALSE,-5,FALSE,-5,FALSE,-5,FALSE,-5,FALSE,-5
"567","NYG",25,40,241,0,1,4,21,24,68,18,75,1,42,36,25,241,0,112,1,3,15,62,47,15,"NYG","CHI",0,0,0,0,0,0,254,4,14,1,34,41,1,242,80,2,"NYG","CHI",13,17,"False","outdoors","grass",66,41,12,-4,"CHI",42,"2020-09-20",FALSE,-4,FALSE,-4,FALSE,-4,FALSE,-4,FALSE,-4,FALSE,-4
"568","CHI",18,28,190,2,2,4,21,28,78,32,135,0,50,28,18,190,2,133,0,1,31,64,33,31,"CHI","NYG",0,0,0,0,0,0,239,4,8,1,37,98,4,239,71,1,"NYG","CHI",13,17,"False","outdoors","grass",66,41,12,-4,"CHI",42,"2020-09-20",FALSE,4,FALSE,4,FALSE,4,FALSE,4,FALSE,4,FALSE,4
"569","IND",19,25,214,1,1,2,11,33,97,40,151,1,32,25,19,214,1,106,0,0,40,67,27,40,"IND","MIN",0,0,0,0,1,1,219,3,3,3,70,81,1,219,108,1,"MIN","IND",11,28,"False","retractable roof (closed)","fieldturf",72,45,0,-3,"IND",49,"2020-09-20",FALSE,17,FALSE,17,FALSE,17,FALSE,17,FALSE,17,FALSE,17
"570","MIN",11,26,113,0,3,3,18,24,15,18,80,1,31,23,11,113,0,76,0,0,18,47,29,18,"MIN","IND",1,0,0,0,0,0,312,5,5,3,49,31,1,264,19,1,"MIN","IND",11,28,"False","retractable roof (closed)","fieldturf",72,45,0,-3,"IND",49,"2020-09-20",TRUE,-17,TRUE,-17,TRUE,-17,TRUE,-17,TRUE,-17,TRUE,-17
"571","WAS",19,33,223,1,0,4,24,30,88,23,117,1,33,33,19,223,1,82,2,1,22,60,38,22,"WAS","ARI",0,0,0,0,0,1,283,8,12,2,59,58,11,283,134,3,"WAS","ARI",15,30,"False","retractable roof (closed)","grass",72,45,0,-7,"ARI",46,"2020-09-20",TRUE,-15,TRUE,-15,TRUE,-15,TRUE,-15,TRUE,-15,TRUE,-15
"572","ARI",26,38,286,1,1,3,8,54,88,32,160,2,45,34,26,286,1,175,0,2,30,73,43,30,"ARI","WAS",0,0,0,0,0,0,352,5,7,7,118,42,1,319,120,1,"WAS","ARI",15,30,"False","retractable roof (closed)","grass",72,45,0,-7,"ARI",46,"2020-09-20",FALSE,15,FALSE,15,FALSE,15,FALSE,15,FALSE,15,FALSE,15
"573","ATL",24,37,273,4,0,1,6,42,165,34,113,0,34,36,24,273,4,118,0,4,30,72,42,30,"ATL","DAL",0,0,0,0,0,1,377,4,8,6,75,38,0,369,105,3,"ATL","DAL",39,40,"False","retractable roof (closed)","fieldturf",72,45,0,-3,"DAL",53,"2020-09-20",FALSE,-1,FALSE,-1,FALSE,-1,FALSE,-1,FALSE,-1,FALSE,-1
"574","DAL",34,49,450,1,0,1,5,58,188,31,125,4,37,47,34,450,1,209,3,1,30,81,51,30,"DAL","ATL",0,0,0,1,0,2,381,7,11,6,68,57,2,379,205,1,"ATL","DAL",39,40,"False","retractable roof (closed)","fieldturf",72,45,0,-3,"DAL",53,"2020-09-20",FALSE,1,FALSE,1,FALSE,1,FALSE,1,FALSE,1,FALSE,1
"575","DET",20,33,244,2,1,4,26,36,91,21,89,1,42,30,20,244,2,127,0,1,20,58,38,20,"DET","GNB",0,0,0,0,0,0,257,6,11,4,56,33,0,258,138,3,"DET","GNB",21,42,"False","outdoors","grass",66,41,12,-7,"GNB",51,"2020-09-20",TRUE,-21,TRUE,-21,TRUE,-21,TRUE,-21,TRUE,-21,TRUE,-21
"576","GNB",18,30,240,2,0,1,11,41,107,35,259,2,113,30,18,240,2,129,0,2,33,66,33,33,"GNB","DET",1,0,0,0,1,0,277,5,8,0,119,140,2,276,100,4,"DET","GNB",21,42,"False","outdoors","grass",66,41,12,-7,"GNB",51,"2020-09-20",FALSE,21,FALSE,21,FALSE,21,FALSE,21,FALSE,21,FALSE,21
"577","HOU",25,36,275,1,1,4,22,38,89,17,51,0,17,34,25,275,1,114,1,5,12,57,45,12,"HOU","BAL",0,0,0,0,0,0,283,6,18,6,36,15,0,272,112,0,"BAL","HOU",33,16,"False","retractable roof (closed)","grass",72,45,0,-7,"BAL",49,"2020-09-20",TRUE,-17,TRUE,-17,TRUE,-17,TRUE,-17,TRUE,-17,TRUE,-17
"578","BAL",18,24,204,1,0,4,27,29,113,37,230,1,110,23,18,204,1,152,0,3,34,65,31,34,"BAL","HOU",0,0,0,0,0,0,190,3,10,3,149,81,1,166,103,0,"BAL","HOU",33,16,"False","retractable roof (closed)","grass",72,45,0,-7,"BAL",49,"2020-09-20",FALSE,17,FALSE,17,FALSE,17,FALSE,17,FALSE,17,FALSE,17
"579","BUF",24,35,415,4,0,1,4,47,146,23,112,0,48,35,24,415,4,220,1,1,22,59,37,22,"BUF","MIA",0,0,0,1,0,1,362,7,19,2,43,69,3,362,154,2,"BUF","MIA",31,28,"False","outdoors","grass",90,68,5,-5,"BUF",42,"2020-09-20",FALSE,3,FALSE,3,FALSE,3,FALSE,3,FALSE,3,FALSE,3
"580","MIA",31,47,328,2,0,3,17,27,100,22,99,1,34,46,31,328,2,107,0,2,20,72,52,20,"MIA","BUF",2,0,0,1,0,1,313,5,20,3,41,58,1,313,121,2,"BUF","MIA",31,28,"False","outdoors","grass",90,68,5,-5,"BUF",42,"2020-09-20",FALSE,-3,FALSE,-3,FALSE,-3,FALSE,-3,FALSE,-3,FALSE,-3
"581","SFO",22,27,202,2,1,3,25,42,192,29,182,2,142,27,22,202,2,101,0,0,29,59,30,29,"SFO","NYJ",0,0,0,0,0,0,134,2,10,2,145,37,2,134,125,1,"SFO","NYJ",31,13,"False","outdoors","fieldturf ",61,29,7,-7,"SFO",41,"2020-09-20",FALSE,18,FALSE,18,FALSE,18,FALSE,18,FALSE,18,FALSE,18
"582","NYJ",21,32,179,1,0,1,6,30,90,29,104,0,48,32,21,179,1,92,0,1,28,62,34,28,"NYJ","SFO",0,0,0,0,0,0,144,4,11,3,33,71,1,144,99,3,"SFO","NYJ",31,13,"False","outdoors","fieldturf ",61,29,7,-7,"SFO",41,"2020-09-20",TRUE,-18,TRUE,-18,TRUE,-18,TRUE,-18,TRUE,-18,TRUE,-18
"583","JAX",30,45,339,3,2,2,24,45,92,27,165,1,69,44,30,339,3,158,0,3,24,74,50,24,"JAX","TEN",0,0,0,1,1,0,393,6,16,3,85,80,3,376,96,2,"JAX","TEN",30,33,"False","outdoors","grass",72,60,5,-7,"TEN",44,"2020-09-20",FALSE,-3,FALSE,-3,FALSE,-3,FALSE,-3,FALSE,-3,FALSE,-3
"584","TEN",18,24,239,4,0,1,8,63,145,34,123,0,43,24,18,239,4,132,0,2,32,59,27,32,"TEN","JAX",0,0,0,0,0,0,191,1,5,3,67,56,2,191,89,1,"JAX","TEN",30,33,"False","outdoors","grass",72,60,5,-7,"TEN",44,"2020-09-20",FALSE,3,FALSE,3,FALSE,3,FALSE,3,FALSE,3,FALSE,3
"585","PHI",26,43,242,0,2,0,0,25,56,26,121,2,30,41,26,242,0,103,1,1,25,69,44,25,"PHI","LAR",0,0,0,0,0,0,281,5,6,1,78,43,2,257,111,4,"LAR","PHI",37,19,"False","outdoors","grass",62,34,12,-2,"PHI",46,"2020-09-20",TRUE,-18,TRUE,-18,TRUE,-18,TRUE,-18,TRUE,-18,TRUE,-18
"586","LAR",20,27,267,3,0,1,9,28,142,39,191,2,97,26,20,267,3,134,1,2,37,67,30,37,"LAR","PHI",0,0,0,0,0,0,221,6,6,3,102,89,2,225,109,0,"LAR","PHI",37,19,"False","outdoors","grass",62,34,12,-2,"PHI",46,"2020-09-20",FALSE,18,FALSE,18,FALSE,18,FALSE,18,FALSE,18,FALSE,18
"587","DEN",19,39,276,2,1,7,61,65,128,26,104,0,42,38,19,276,2,143,1,1,25,72,47,25,"DEN","PIT",2,0,0,0,0,0,515,11,31,7,57,47,5,512,61,2,"DEN","PIT",21,26,"False","outdoors","grass",64,39,5,-6,"PIT",41,"2020-09-20",FALSE,-5,FALSE,-5,FALSE,-5,FALSE,-5,FALSE,-5,FALSE,-5
"588","PIT",29,41,311,2,1,1,10,84,98,22,109,1,62,41,29,311,2,173,1,0,22,64,42,22,"PIT","DEN",0,0,0,1,1,0,233,3,9,6,28,81,0,232,168,4,"DEN","PIT",21,26,"False","outdoors","grass",64,39,5,-6,"PIT",41,"2020-09-20",FALSE,5,FALSE,5,FALSE,5,FALSE,5,FALSE,5,FALSE,5
"589","KAN",27,47,302,2,0,1,13,54,90,22,125,0,64,45,27,302,2,143,0,6,16,70,54,16,"KAN","LAC",2,0,0,1,0,0,339,10,2,9,81,44,5,333,116,1,"KAN","LAC",23,20,"True","dome","matrixturf",72,45,0,-8,"KAN",47,"2020-09-20",FALSE,3,FALSE,3,FALSE,3,FALSE,3,FALSE,3,FALSE,3
"590","LAC",22,33,311,1,1,2,15,35,94,44,183,1,39,30,22,311,1,129,0,3,41,79,38,41,"LAC","KAN",0,0,0,1,0,0,283,7,13,2,73,110,8,274,185,0,"KAN","LAC",23,20,"True","dome","matrixturf",72,45,0,-8,"KAN",47,"2020-09-20",FALSE,-3,FALSE,-3,FALSE,-3,FALSE,-3,FALSE,-3,FALSE,-3
"591","NWE",30,44,397,1,1,1,0,49,94,25,67,2,20,43,30,397,1,129,0,2,23,70,47,23,"NWE","SEA",0,0,0,1,0,1,351,11,18,7,64,3,0,344,126,1,"NWE","SEA",30,35,"False","outdoors","fieldturf",70,57,5,-4,"SEA",45,"2020-09-20",FALSE,-5,FALSE,-5,FALSE,-5,FALSE,-5,FALSE,-5,FALSE,-5
"592","SEA",21,28,288,5,1,2,13,54,132,30,154,0,53,25,21,288,5,165,0,4,26,60,34,26,"SEA","NWE",0,0,0,0,0,0,258,3,11,4,131,23,0,219,133,1,"NWE","SEA",30,35,"False","outdoors","fieldturf",70,57,5,-4,"SEA",45,"2020-09-20",FALSE,5,FALSE,5,FALSE,5,FALSE,5,FALSE,5,FALSE,5
"593","CAR",33,42,367,0,2,5,27,39,83,24,87,2,25,40,33,367,0,133,2,0,24,71,47,24,"CAR","TAM",0,0,0,1,0,2,309,5,14,3,37,50,0,294,149,0,"CAR","TAM",17,31,"False","outdoors","grass",85,72,17,-7,"TAM",47,"2020-09-20",TRUE,-14,TRUE,-14,TRUE,-14,TRUE,-14,TRUE,-14,TRUE,-14
"594","TAM",23,35,217,1,1,0,0,50,80,22,122,3,49,35,23,217,1,124,1,0,22,57,35,22,"TAM","CAR",0,0,0,0,1,1,234,3,4,0,35,87,1,233,110,8,"CAR","TAM",17,31,"False","outdoors","grass",85,72,17,-7,"TAM",47,"2020-09-20",FALSE,14,FALSE,14,FALSE,14,FALSE,14,FALSE,14,FALSE,14
"595","LVR",28,38,284,3,0,3,23,31,120,35,116,1,38,34,28,284,3,147,1,1,34,76,42,34,"LVR","NOR",0,0,0,0,0,1,265,5,17,3,71,45,4,239,147,0,"NOR","LVR",24,34,"False","dome","grass",72,45,0,-4,"NOR",47,"2020-09-21",FALSE,10,FALSE,10,FALSE,10,FALSE,10,FALSE,10,FALSE,10
"596","NOR",26,38,312,1,1,0,0,29,91,19,112,2,48,37,26,312,1,143,0,0,19,57,38,19,"NOR","LVR",1,0,0,1,0,0,196,6,9,0,55,57,3,187,213,2,"NOR","LVR",24,34,"False","dome","grass",72,45,0,-4,"NOR",47,"2020-09-21",TRUE,-10,TRUE,-10,TRUE,-10,TRUE,-10,TRUE,-10,TRUE,-10
"597","MIA",18,20,160,2,0,1,4,20,133,36,138,2,62,20,18,160,2,87,0,3,33,57,24,33,"MIA","JAX",0,0,0,0,0,0,144,1,8,1,78,60,1,144,46,1,"MIA","JAX",31,13,"False","outdoors","grass",81,75,12,-2,"JAX",49,"2020-09-24",FALSE,18,FALSE,18,FALSE,18,FALSE,18,FALSE,18,FALSE,18
"598","JAX",30,42,275,0,1,4,29,24,79,17,72,2,32,42,30,275,0,108,1,3,14,63,49,14,"JAX","MIA",0,0,0,0,0,0,313,7,8,3,38,34,0,313,161,2,"MIA","JAX",31,13,"False","outdoors","grass",81,75,12,-2,"JAX",49,"2020-09-24",TRUE,-18,TRUE,-18,TRUE,-18,TRUE,-18,TRUE,-18,TRUE,-18
"599","CHI",29,51,316,4,2,2,9,56,167,25,130,0,87,49,29,316,4,169,0,1,24,78,54,24,"CHI","ATL",0,0,0,0,0,1,532,10,16,3,91,39,2,525,152,2,"CHI","ATL",30,26,"False","retractable roof (closed)","fieldturf",72,45,0,-2,"ATL",46,"2020-09-27",FALSE,4,FALSE,4,FALSE,4,FALSE,4,FALSE,4,FALSE,4
"600","ATL",19,38,238,1,1,2,11,63,67,25,144,2,57,38,19,238,1,137,0,0,25,65,40,25,"ATL","CHI",0,0,0,0,0,1,423,12,10,6,101,43,1,423,77,3,"CHI","ATL",30,26,"False","retractable roof (closed)","fieldturf",72,45,0,-2,"ATL",46,"2020-09-27",FALSE,-4,FALSE,-4,FALSE,-4,FALSE,-4,FALSE,-4,FALSE,-4
"601","LAR",23,32,321,2,1,2,10,31,111,32,167,2,38,31,23,321,2,129,1,1,31,66,35,31,"LAR","BUF",2,0,0,1,1,1,185,5,13,1,80,87,0,191,154,0,"LAR","BUF",32,35,"False","outdoors","astroturf",79,52,16,-1,"BUF",46,"2020-09-27",FALSE,-3,FALSE,-3,FALSE,-3,FALSE,-3,FALSE,-3,FALSE,-3
"602","BUF",24,33,311,4,1,4,37,39,128,21,101,1,36,32,24,311,4,145,1,0,21,58,37,21,"BUF","LAR",0,0,0,1,0,1,307,6,11,5,50,51,2,312,140,1,"LAR","BUF",32,35,"False","outdoors","astroturf",79,52,16,-1,"BUF",46,"2020-09-27",FALSE,3,FALSE,3,FALSE,3,FALSE,3,FALSE,3,FALSE,3
"603","WAS",21,37,224,2,3,3,18,33,58,22,103,1,56,36,21,224,2,109,2,1,21,62,41,21,"WAS","CLE",0,0,0,0,0,0,245,9,5,3,56,47,3,244,145,3,"WAS","CLE",20,34,"False","outdoors","grass",73,64,18,-7,"CLE",45,"2020-09-27",TRUE,-14,TRUE,-14,TRUE,-14,TRUE,-14,TRUE,-14,TRUE,-14
"604","CLE",16,23,156,2,0,2,14,18,117,37,158,2,40,22,16,156,2,67,0,1,36,62,26,36,"CLE","WAS",0,0,0,0,1,0,189,3,4,4,71,87,3,189,66,2,"WAS","CLE",20,34,"False","outdoors","grass",73,64,18,-7,"CLE",45,"2020-09-27",FALSE,14,FALSE,14,FALSE,14,FALSE,14,FALSE,14,FALSE,14
"605","NYJ",17,29,168,1,3,2,17,28,47,29,109,0,33,26,17,168,1,85,0,5,24,60,36,24,"NYJ","IND",0,0,0,0,0,0,182,4,3,4,72,37,1,171,122,1,"NYJ","IND",7,36,"False","retractable roof (closed)","fieldturf",72,45,0,-12,"IND",44,"2020-09-27",TRUE,-29,TRUE,-29,TRUE,-29,TRUE,-29,TRUE,-29,TRUE,-29
"606","IND",19,25,234,1,0,0,0,58,187,31,119,1,49,25,19,234,1,136,0,0,31,56,25,31,"IND","NYJ",0,0,0,0,0,0,143,1,7,3,73,46,3,142,119,1,"NYJ","IND",7,36,"False","retractable roof (closed)","fieldturf",72,45,0,-12,"IND",44,"2020-09-27",FALSE,29,FALSE,29,FALSE,29,FALSE,29,FALSE,29,FALSE,29
"607","DET",22,31,270,2,0,4,38,27,119,27,90,0,35,31,22,270,2,162,0,0,27,62,35,27,"DET","ARI",0,0,0,0,0,0,220,6,15,0,55,35,2,221,151,2,"DET","ARI",26,23,"False","retractable roof (closed)","grass",72,45,0,-4,"ARI",55,"2020-09-27",FALSE,3,FALSE,3,FALSE,3,FALSE,3,FALSE,3,FALSE,3
"608","ARI",23,35,270,2,3,1,2,30,72,27,109,1,27,33,23,270,2,117,0,1,26,63,37,26,"ARI","DET",0,0,0,0,0,1,332,3,9,1,98,11,3,314,119,1,"DET","ARI",26,23,"False","retractable roof (closed)","grass",72,45,0,-4,"ARI",55,"2020-09-27",FALSE,-3,FALSE,-3,FALSE,-3,FALSE,-3,FALSE,-3,FALSE,-3
"609","TAM",25,38,297,3,0,2,12,47,115,25,68,0,20,36,25,297,3,151,0,1,24,65,41,24,"TAM","DEN",0,0,0,0,0,0,311,7,10,0,37,31,0,313,111,1,"TAM","DEN",28,10,"False","outdoors","grass",55,39,7,-6,"TAM",42,"2020-09-27",FALSE,18,FALSE,18,FALSE,18,FALSE,18,FALSE,18,FALSE,18
"610","DEN",25,39,229,1,2,6,45,50,122,14,42,0,18,38,25,229,1,130,0,2,12,59,47,12,"DEN","TAM",0,0,0,0,0,0,262,8,28,4,14,28,0,256,92,3,"TAM","DEN",28,10,"False","outdoors","grass",55,39,7,-6,"TAM",42,"2020-09-27",TRUE,-18,TRUE,-18,TRUE,-18,TRUE,-18,TRUE,-18,TRUE,-18
"611","TEN",23,37,321,0,1,2,11,61,78,34,134,2,27,33,23,321,0,164,0,1,33,73,40,33,"TEN","MIN",0,0,0,1,1,1,363,5,14,4,50,84,4,361,88,0,"TEN","MIN",31,30,"False","dome","sportturf",72,45,0,-3,"TEN",49,"2020-09-27",FALSE,1,FALSE,1,FALSE,1,FALSE,1,FALSE,1,FALSE,1
"612","MIN",16,27,251,3,2,2,13,71,96,33,226,1,72,25,16,251,3,128,1,1,32,62,30,32,"MIN","TEN",0,0,0,0,1,1,237,3,13,5,109,117,2,224,121,0,"TEN","MIN",31,30,"False","dome","sportturf",72,45,0,-3,"TEN",49,"2020-09-27",FALSE,-1,FALSE,-1,FALSE,-1,FALSE,-1,FALSE,-1,FALSE,-1
"613","GNB",21,32,283,3,0,1,12,72,124,26,98,1,41,30,21,283,3,154,0,1,25,59,34,25,"GNB","NOR",0,0,0,0,0,1,288,7,12,2,50,48,0,288,151,1,"GNB","NOR",37,30,"False","dome","astroturf",72,45,0,-3,"NOR",52,"2020-09-27",FALSE,7,FALSE,7,FALSE,7,FALSE,7,FALSE,7,FALSE,7
"614","NOR",29,36,288,3,0,2,13,52,127,20,122,0,67,35,29,288,3,123,1,0,20,58,38,20,"NOR","GNB",0,0,0,0,0,1,152,1,5,1,70,52,1,151,163,2,"GNB","NOR",37,30,"False","dome","astroturf",72,45,0,-3,"NOR",52,"2020-09-27",FALSE,-7,FALSE,-7,FALSE,-7,FALSE,-7,FALSE,-7,FALSE,-7
"615","LVR",24,32,261,2,0,2,12,34,119,22,126,0,59,32,24,261,2,145,3,2,20,56,36,20,"LVR","NWE",0,0,0,0,0,0,247,1,7,7,66,60,2,247,115,0,"LVR","NWE",20,36,"False","outdoors","grass",73,81,8,-7,"NWE",47,"2020-09-27",TRUE,-16,TRUE,-16,TRUE,-16,TRUE,-16,TRUE,-16,TRUE,-16
"616","NWE",17,28,162,1,1,2,6,27,73,38,250,2,109,28,17,162,1,100,0,1,37,68,31,37,"NWE","LVR",0,0,0,0,1,0,129,4,9,5,103,147,6,129,126,1,"LVR","NWE",20,36,"False","outdoors","grass",73,81,8,-7,"NWE",47,"2020-09-27",FALSE,16,FALSE,16,FALSE,16,FALSE,16,FALSE,16,FALSE,16
"617","SFO",25,36,343,1,0,2,16,26,108,35,93,3,43,35,25,343,1,160,0,0,35,73,38,35,"SFO","NYG",0,0,0,1,0,0,284,2,17,3,56,37,0,277,141,1,"SFO","NYG",36,9,"False","outdoors","fieldturf ",75,72,2,-3,"SFO",44,"2020-09-27",FALSE,27,FALSE,27,FALSE,27,FALSE,27,FALSE,27,FALSE,27
"618","NYG",17,32,179,0,1,2,14,29,56,15,66,0,33,31,17,179,0,116,2,1,14,49,35,14,"NYG","SFO",0,0,0,0,0,0,284,8,12,7,49,17,0,271,39,0,"SFO","NYG",36,9,"False","outdoors","fieldturf ",75,72,2,-3,"SFO",44,"2020-09-27",TRUE,-27,TRUE,-27,TRUE,-27,TRUE,-27,TRUE,-27,TRUE,-27
"619","CIN",31,44,312,2,0,8,56,42,105,18,48,0,10,42,31,312,2,137,0,0,18,70,52,18,"CIN","PHI",0,0,0,1,0,1,395,4,19,3,29,19,0,377,123,1,"CIN","PHI",23,23,"True","outdoors","grass",76,82,5,-5,"PHI",46,"2020-09-27",FALSE,0,FALSE,0,FALSE,0,FALSE,0,FALSE,0,FALSE,0
"620","PHI",29,47,225,1,2,3,19,30,62,36,172,1,54,44,29,225,1,115,0,6,30,86,56,30,"PHI","CIN",0,0,0,0,0,0,356,8,14,3,98,74,4,327,101,1,"CIN","PHI",23,23,"True","outdoors","grass",76,82,5,-5,"PHI",46,"2020-09-27",FALSE,0,FALSE,0,FALSE,0,FALSE,0,FALSE,0,FALSE,0
"621","HOU",19,27,264,2,1,5,33,34,110,15,29,1,11,27,19,264,2,137,0,1,14,47,33,14,"HOU","PIT",0,0,0,0,0,0,285,5,7,7,15,14,2,285,82,0,"HOU","PIT",21,28,"False","outdoors","grass",79,69,6,-3,"PIT",46,"2020-09-27",FALSE,-7,FALSE,-7,FALSE,-7,FALSE,-7,FALSE,-7,FALSE,-7
"622","PIT",23,36,237,2,0,2,19,26,101,38,169,1,61,35,23,237,2,117,0,1,37,76,39,37,"PIT","HOU",2,0,0,0,1,0,323,6,13,7,136,33,3,322,140,3,"HOU","PIT",21,28,"False","outdoors","grass",79,69,6,-3,"PIT",46,"2020-09-27",FALSE,7,FALSE,7,FALSE,7,FALSE,7,FALSE,7,FALSE,7
"623","CAR",22,28,235,1,0,2,14,38,113,21,81,0,49,27,22,235,1,114,0,1,20,51,31,20,"CAR","LAC",0,0,0,0,0,0,138,4,3,2,41,40,6,136,136,1,"CAR","LAC",21,16,"False","dome","matrixturf",72,45,0,-6,"LAC",43,"2020-09-27",FALSE,5,FALSE,5,FALSE,5,FALSE,5,FALSE,5,FALSE,5
"624","LAC",35,49,330,1,1,2,11,28,88,23,117,1,39,48,35,330,1,120,3,2,21,74,53,21,"LAC","CAR",0,0,0,1,0,1,296,5,6,5,66,51,3,296,186,2,"CAR","LAC",21,16,"False","dome","matrixturf",72,45,0,-6,"LAC",43,"2020-09-27",FALSE,-5,FALSE,-5,FALSE,-5,FALSE,-5,FALSE,-5,FALSE,-5
"625","DAL",37,57,472,3,2,2,11,52,93,21,61,1,19,56,37,472,3,192,1,3,18,80,62,18,"DAL","SEA",0,0,0,1,0,2,458,6,24,2,40,21,0,432,186,5,"DAL","SEA",31,38,"False","outdoors","fieldturf",63,65,3,-5,"SEA",58,"2020-09-27",FALSE,-7,FALSE,-7,FALSE,-7,FALSE,-7,FALSE,-7,FALSE,-7
"626","SEA",27,40,315,5,0,4,20,62,130,26,117,0,52,38,27,315,5,165,1,4,22,70,48,22,"SEA","DAL",2,0,0,1,0,2,394,2,7,3,81,36,4,371,74,6,"DAL","SEA",31,38,"False","outdoors","fieldturf",63,65,3,-5,"SEA",58,"2020-09-27",FALSE,7,FALSE,7,FALSE,7,FALSE,7,FALSE,7,FALSE,7
"627","BAL",15,28,97,1,0,4,27,19,73,21,158,0,71,27,15,97,1,63,1,3,18,53,35,18,"BAL","KAN",0,1,0,0,0,0,260,5,16,3,117,41,4,252,32,5,"KAN","BAL",34,20,"False","outdoors","grass",73,84,8,-3,"BAL",55,"2020-09-28",TRUE,-14,TRUE,-14,TRUE,-14,TRUE,-14,TRUE,-14,TRUE,-14
"628","KAN",31,42,385,4,0,0,0,49,133,31,132,1,66,41,31,385,4,162,1,4,27,73,46,27,"KAN","BAL",0,0,0,1,0,0,346,5,20,5,94,38,2,342,178,1,"KAN","BAL",34,20,"False","outdoors","grass",73,84,8,-3,"BAL",55,"2020-09-28",FALSE,14,FALSE,14,FALSE,14,FALSE,14,FALSE,14,FALSE,14
"629","DEN",19,31,242,2,3,0,0,48,67,32,117,2,54,28,19,242,2,133,0,0,32,63,31,32,"DEN","NYJ",0,0,0,0,1,1,302,1,9,4,68,49,1,271,60,1,"DEN","NYJ",37,28,"False","outdoors","fieldturf ",64,55,6,-1,"NYJ",41,"2020-10-01",FALSE,9,FALSE,9,FALSE,9,FALSE,9,FALSE,9,FALSE,9
"630","NYJ",25,44,246,0,0,6,54,46,170,24,129,1,57,43,25,246,0,94,0,5,19,74,55,19,"NYJ","DEN",0,0,0,0,0,1,439,10,23,4,51,78,0,428,68,1,"DEN","NYJ",37,28,"False","outdoors","fieldturf ",64,55,6,-1,"NYJ",41,"2020-10-01",FALSE,-9,FALSE,-9,FALSE,-9,FALSE,-9,FALSE,-9,FALSE,-9
"631","ARI",24,31,133,3,0,1,0,25,116,23,129,0,66,31,24,133,3,69,1,3,20,55,35,20,"ARI","CAR",0,0,0,0,0,0,213,4,7,3,102,27,2,213,63,1,"ARI","CAR",21,31,"False","outdoors","grass",68,48,8,-3,"ARI",52,"2020-10-04",TRUE,-10,TRUE,-10,TRUE,-10,TRUE,-10,TRUE,-10,TRUE,-10
"632","CAR",26,37,276,2,1,0,0,24,98,35,168,2,64,36,26,276,2,136,0,3,32,72,40,32,"CAR","ARI",0,0,0,0,0,0,228,5,20,1,68,100,4,232,173,2,"ARI","CAR",21,31,"False","outdoors","grass",68,48,8,-3,"ARI",52,"2020-10-04",FALSE,10,FALSE,10,FALSE,10,FALSE,10,FALSE,10,FALSE,10
"633","CHI",26,42,249,1,1,1,8,33,76,16,28,0,7,42,26,249,1,112,0,0,16,59,43,16,"CHI","IND",1,0,0,0,0,1,373,9,4,2,15,13,1,373,71,1,"IND","CHI",19,11,"False","outdoors","grass",52,54,10,-3,"IND",43,"2020-10-04",FALSE,-8,FALSE,-8,FALSE,-8,FALSE,-8,FALSE,-8,FALSE,-8
"634","IND",16,29,190,1,0,1,4,36,86,38,103,0,33,28,16,190,1,151,0,0,38,68,30,38,"IND","CHI",0,0,0,0,0,0,240,6,7,4,70,33,1,243,63,1,"IND","CHI",19,11,"False","outdoors","grass",52,54,10,-3,"IND",43,"2020-10-04",FALSE,8,FALSE,8,FALSE,8,FALSE,8,FALSE,8,FALSE,8
"635","JAX",27,40,351,2,1,3,11,33,101,20,89,0,26,36,27,351,2,156,0,2,18,63,45,18,"JAX","CIN",0,0,0,1,0,0,304,4,9,2,49,40,2,285,146,0,"JAX","CIN",25,33,"False","outdoors","grass",64,58,6,-1,"CIN",50,"2020-10-04",FALSE,-8,FALSE,-8,FALSE,-8,FALSE,-8,FALSE,-8,FALSE,-8
"636","CIN",25,36,300,1,1,1,0,30,92,34,205,2,80,35,25,300,1,143,0,2,32,71,39,32,"CIN","JAX",0,0,0,1,1,0,370,2,9,4,134,71,1,370,130,3,"JAX","CIN",25,33,"False","outdoors","grass",64,58,6,-1,"CIN",50,"2020-10-04",FALSE,8,FALSE,8,FALSE,8,FALSE,8,FALSE,8,FALSE,8
"637","CLE",20,31,202,3,0,2,1,53,258,40,307,3,131,26,20,202,3,78,0,1,39,73,34,39,"CLE","DAL",0,0,0,0,0,0,295,6,12,2,127,180,3,259,44,0,"CLE","DAL",49,38,"False","retractable roof (closed)","fieldturf",72,45,0,-3,"DAL",56,"2020-10-04",FALSE,11,FALSE,11,FALSE,11,FALSE,11,FALSE,11,FALSE,11
"638","DAL",41,58,502,4,1,3,21,43,112,18,85,1,46,58,41,502,4,186,2,1,17,79,62,17,"DAL","CLE",4,0,0,1,0,1,511,10,18,11,50,35,2,511,235,3,"CLE","DAL",49,38,"False","retractable roof (closed)","fieldturf",72,45,0,-3,"DAL",56,"2020-10-04",TRUE,-11,TRUE,-11,TRUE,-11,TRUE,-11,TRUE,-11,TRUE,-11
"639","NOR",19,25,246,2,1,2,18,29,116,42,164,3,38,25,19,246,2,137,0,0,42,69,27,42,"NOR","DET",0,0,0,0,0,0,233,5,2,0,94,70,6,233,90,0,"NOR","DET",35,29,"False","dome","fieldturf",72,45,0,-3,"NOR",51,"2020-10-04",FALSE,6,FALSE,6,FALSE,6,FALSE,6,FALSE,6,FALSE,6
"640","DET",17,31,206,3,1,3,15,50,94,22,90,1,36,30,17,206,3,137,0,2,20,56,36,20,"DET","NOR",2,0,0,0,0,0,325,9,8,0,65,25,1,330,75,2,"NOR","DET",35,29,"False","dome","fieldturf",72,45,0,-3,"NOR",51,"2020-10-04",FALSE,-6,FALSE,-6,FALSE,-6,FALSE,-6,FALSE,-6,FALSE,-6
"641","MIN",16,22,260,1,0,3,12,39,127,40,162,3,34,21,16,260,1,98,0,1,39,65,26,39,"MIN","HOU",0,0,0,0,1,2,276,3,12,1,108,54,5,279,94,0,"MIN","HOU",31,23,"False","retractable roof (closed)","grass",72,45,0,-3,"HOU",52,"2020-10-04",FALSE,8,FALSE,8,FALSE,8,FALSE,8,FALSE,8,FALSE,8
"642","HOU",20,33,300,2,0,3,10,43,110,26,96,0,28,31,20,300,2,161,0,4,22,62,40,22,"HOU","MIN",0,0,0,1,0,1,300,7,9,3,65,31,2,285,102,1,"MIN","HOU",31,23,"False","retractable roof (closed)","grass",72,45,0,-3,"HOU",52,"2020-10-04",FALSE,-8,FALSE,-8,FALSE,-8,FALSE,-8,FALSE,-8,FALSE,-8
"643","SEA",24,34,360,2,1,2,17,57,112,26,98,2,40,33,24,360,2,195,0,1,25,62,37,25,"SEA","MIA",0,0,0,1,0,1,305,6,11,2,53,45,0,299,168,1,"SEA","MIA",31,23,"False","outdoors","grass",86,71,13,-4,"SEA",55,"2020-10-04",FALSE,8,FALSE,8,FALSE,8,FALSE,8,FALSE,8,FALSE,8
"644","MIA",29,45,315,0,2,1,3,26,66,22,103,1,34,45,29,315,0,139,0,4,18,68,50,18,"MIA","SEA",2,0,0,1,0,1,341,7,5,2,76,27,0,340,139,1,"SEA","MIA",31,23,"False","outdoors","grass",86,71,13,-4,"SEA",55,"2020-10-04",FALSE,-8,FALSE,-8,FALSE,-8,FALSE,-8,FALSE,-8,FALSE,-8
"645","BUF",24,34,288,2,0,1,14,49,115,24,63,2,23,32,24,288,2,155,0,0,24,59,35,24,"BUF","LVR",0,0,0,0,0,1,229,1,9,2,10,53,0,209,77,5,"BUF","LVR",30,23,"False","dome","grass",72,45,0,-3,"BUF",53,"2020-10-04",FALSE,7,FALSE,7,FALSE,7,FALSE,7,FALSE,7,FALSE,7
"646","LVR",32,44,311,2,0,2,14,37,107,23,86,0,42,43,32,311,2,144,2,4,19,69,50,19,"LVR","BUF",0,0,0,1,0,0,267,5,16,1,47,39,0,267,138,3,"BUF","LVR",30,23,"False","dome","grass",72,45,0,-3,"BUF",53,"2020-10-04",FALSE,-7,FALSE,-7,FALSE,-7,FALSE,-7,FALSE,-7,FALSE,-7
"647","NYG",23,36,190,0,1,5,31,33,65,25,136,0,62,36,23,190,0,103,0,4,21,66,45,21,"NYG","LAR",0,0,0,0,0,0,3,6,17,3,98,38,1,3,118,2,"NYG","LAR",9,17,"False","dome","matrixturf",72,45,0,-13,"LAR",50,"2020-10-04",FALSE,-8,FALSE,-8,FALSE,-8,FALSE,-8,FALSE,-8,FALSE,-8
"648","LAR",25,32,200,1,0,2,18,55,103,23,58,1,18,32,25,200,1,128,1,0,23,57,34,23,"LAR","NYG",0,0,0,0,0,0,23,3,11,3,47,11,1,22,118,1,"NYG","LAR",9,17,"False","dome","matrixturf",72,45,0,-13,"LAR",50,"2020-10-04",FALSE,8,FALSE,8,FALSE,8,FALSE,8,FALSE,8,FALSE,8
"649","PHI",18,28,193,1,1,3,19,42,81,28,93,1,25,26,18,193,1,136,0,3,25,59,34,25,"PHI","SFO",2,0,0,0,0,0,159,4,15,5,45,48,0,152,111,1,"PHI","SFO",25,20,"False","outdoors","grass",72,45,0,-8,"SFO",45,"2020-10-04",FALSE,5,FALSE,5,FALSE,5,FALSE,5,FALSE,5,FALSE,5
"650","SFO",32,45,338,1,2,5,37,58,166,20,116,2,74,41,32,338,1,125,1,0,20,70,50,20,"SFO","PHI",0,0,0,0,0,1,259,6,7,2,32,84,3,224,168,2,"PHI","SFO",25,20,"False","outdoors","grass",72,45,0,-8,"SFO",45,"2020-10-04",FALSE,-5,FALSE,-5,FALSE,-5,FALSE,-5,FALSE,-5,FALSE,-5
"651","LAC",20,25,290,3,1,2,12,72,137,23,46,0,25,25,20,290,3,223,1,2,21,50,29,21,"LAC","TAM",0,0,0,0,0,0,193,3,9,11,27,19,0,193,161,0,"LAC","TAM",31,38,"False","outdoors","grass",75,87,6,-7,"TAM",42,"2020-10-04",FALSE,-7,FALSE,-7,FALSE,-7,FALSE,-7,FALSE,-7,FALSE,-7
"652","TAM",30,46,369,5,1,0,0,48,117,27,115,0,28,45,30,369,5,190,0,0,27,73,46,27,"TAM","LAC",0,0,0,1,1,1,431,10,4,4,34,81,3,426,109,3,"LAC","TAM",31,38,"False","outdoors","grass",75,87,6,-7,"TAM",42,"2020-10-04",FALSE,7,FALSE,7,FALSE,7,FALSE,7,FALSE,7,FALSE,7
"653","BAL",15,23,208,2,2,1,2,48,226,32,144,2,90,23,15,208,2,100,0,3,29,56,27,29,"BAL","WAS",0,0,0,0,0,0,366,4,8,2,63,81,3,366,51,1,"BAL","WAS",31,17,"False","outdoors","grass",65,45,5,-14,"BAL",45,"2020-10-04",FALSE,14,FALSE,14,FALSE,14,FALSE,14,FALSE,14,FALSE,14
"654","WAS",32,45,314,0,0,3,40,40,90,22,69,2,29,44,32,314,0,132,1,0,22,70,48,22,"WAS","BAL",0,0,0,1,0,1,200,8,16,4,46,23,0,199,204,0,"BAL","WAS",31,17,"False","outdoors","grass",65,45,5,-14,"BAL",45,"2020-10-04",TRUE,-14,TRUE,-14,TRUE,-14,TRUE,-14,TRUE,-14,TRUE,-14
"655","ATL",28,39,285,0,0,4,36,21,92,25,78,2,26,39,28,285,0,117,0,2,23,68,45,23,"ATL","GNB",0,0,0,0,0,0,369,5,7,3,42,36,8,368,111,1,"ATL","GNB",16,30,"False","outdoors","grass",53,46,9,-5,"GNB",56,"2020-10-05",TRUE,-14,TRUE,-14,TRUE,-14,TRUE,-14,TRUE,-14,TRUE,-14
"656","GNB",27,33,327,4,0,1,12,29,147,26,88,0,35,33,27,327,4,143,0,1,25,60,35,25,"GNB","ATL",0,0,0,1,0,0,285,5,14,3,49,39,6,285,173,0,"ATL","GNB",16,30,"False","outdoors","grass",53,46,9,-5,"GNB",56,"2020-10-05",FALSE,14,FALSE,14,FALSE,14,FALSE,14,FALSE,14,FALSE,14
"657","KAN",19,29,236,2,0,1,7,45,113,25,94,0,33,29,19,236,2,117,1,5,20,55,35,20,"KAN","NWE",0,0,0,0,0,0,235,8,2,3,74,20,2,234,152,0,"NWE","KAN",10,26,"False","outdoors","astroturf",73,39,14,-11,"KAN",48,"2020-10-05",FALSE,16,FALSE,16,FALSE,16,FALSE,16,FALSE,16,FALSE,16
"658","NWE",20,37,190,1,3,2,18,55,98,35,185,0,87,35,20,190,1,89,1,2,33,74,41,33,"NWE","KAN",0,0,0,0,1,0,296,7,16,0,147,38,1,276,87,4,"NWE","KAN",10,26,"False","outdoors","astroturf",73,39,14,-11,"KAN",48,"2020-10-05",TRUE,-16,TRUE,-16,TRUE,-16,TRUE,-16,TRUE,-16,TRUE,-16
"659","TAM",25,41,253,1,0,3,20,35,86,20,106,0,38,41,25,253,1,125,1,0,20,64,44,20,"TAM","CHI",0,0,0,0,1,0,383,9,7,1,16,90,0,383,100,1,"TAM","CHI",19,20,"False","outdoors","grass",57,74,7,-3,"TAM",44,"2020-10-08",FALSE,-1,FALSE,-1,FALSE,-1,FALSE,-1,FALSE,-1,FALSE,-1
"660","CHI",30,42,243,1,1,3,35,25,83,14,35,1,9,42,30,243,1,108,0,0,14,59,45,14,"CHI","TAM",0,0,0,0,0,0,333,4,17,2,7,28,1,333,91,0,"TAM","CHI",19,20,"False","outdoors","grass",57,74,7,-3,"TAM",44,"2020-10-08",FALSE,1,FALSE,1,FALSE,1,FALSE,1,FALSE,1,FALSE,1
"661","CAR",27,36,313,2,0,0,0,57,119,27,124,0,41,34,27,313,2,138,0,2,25,63,38,25,"CAR","ATL",0,0,0,1,0,1,218,3,12,2,28,96,7,215,178,2,"CAR","ATL",23,16,"False","retractable roof (closed)","fieldturf",72,45,0,-2,"ATL",53,"2020-10-11",FALSE,7,FALSE,7,FALSE,7,FALSE,7,FALSE,7,FALSE,7
"662","ATL",21,37,226,0,1,2,19,26,63,24,166,1,51,35,21,226,0,85,0,0,24,63,39,24,"ATL","CAR",0,0,0,0,1,1,284,6,7,5,47,119,5,286,84,3,"CAR","ATL",23,16,"False","retractable roof (closed)","fieldturf",72,45,0,-2,"ATL",53,"2020-10-11",FALSE,-7,FALSE,-7,FALSE,-7,FALSE,-7,FALSE,-7,FALSE,-7
"663","IND",21,33,243,0,2,1,3,36,60,18,68,1,18,32,21,243,0,143,0,0,18,52,34,18,"IND","CLE",0,0,0,0,0,0,263,8,4,2,42,26,0,252,101,0,"IND","CLE",23,32,"False","outdoors","grass",64,67,16,-1,"CLE",48,"2020-10-11",FALSE,-9,FALSE,-9,FALSE,-9,FALSE,-9,FALSE,-9,FALSE,-9
"664","CLE",22,38,265,2,2,1,4,50,191,33,124,0,55,38,22,265,2,114,0,1,32,72,40,32,"CLE","IND",0,0,0,0,0,0,340,12,9,3,66,58,0,339,81,2,"IND","CLE",23,32,"False","outdoors","grass",64,67,16,-1,"CLE",48,"2020-10-11",FALSE,9,FALSE,9,FALSE,9,FALSE,9,FALSE,9,FALSE,9
"665","NYG",20,33,222,0,0,2,11,39,80,27,89,2,30,29,20,222,0,106,1,0,27,62,35,27,"NYG","DAL",1,0,0,0,0,1,194,5,13,8,50,39,1,193,111,2,"NYG","DAL",34,37,"False","retractable roof (closed)","fieldturf",72,45,0,-7,"DAL",52,"2020-10-11",FALSE,-3,FALSE,-3,FALSE,-3,FALSE,-3,FALSE,-3,FALSE,-3
"666","DAL",24,33,288,1,1,2,12,75,331,29,126,2,32,33,24,288,1,142,1,0,29,64,35,29,"DAL","NYG",0,0,0,0,0,1,237,4,9,2,45,81,3,237,103,2,"NYG","DAL",34,37,"False","retractable roof (closed)","fieldturf",72,45,0,-7,"DAL",52,"2020-10-11",FALSE,3,FALSE,3,FALSE,3,FALSE,3,FALSE,3,FALSE,3
"667","JAX",31,49,301,2,0,4,12,51,94,20,75,0,31,44,31,301,2,162,2,3,17,73,56,17,"JAX","HOU",0,0,0,1,0,0,295,9,13,4,44,31,1,289,158,1,"JAX","HOU",14,30,"False","retractable roof (closed)","grass",72,45,0,-6,"HOU",55,"2020-10-11",TRUE,-16,TRUE,-16,TRUE,-16,TRUE,-16,TRUE,-16,TRUE,-16
"668","HOU",25,35,359,3,2,1,2,44,109,22,129,0,46,35,25,359,3,149,0,2,20,58,38,20,"HOU","JAX",0,0,0,1,0,1,366,5,15,1,70,59,0,367,136,0,"JAX","HOU",14,30,"False","retractable roof (closed)","grass",72,45,0,-6,"HOU",55,"2020-10-11",FALSE,16,FALSE,16,FALSE,16,FALSE,16,FALSE,16,FALSE,16
"669","LVR",22,31,347,3,1,1,1,72,126,35,144,2,56,31,22,347,3,246,0,0,35,67,32,35,"LVR","KAN",0,0,0,1,0,1,271,7,12,5,53,91,1,271,181,1,"LVR","KAN",40,32,"False","outdoors","astroturf",80,57,16,-11,"KAN",54,"2020-10-11",FALSE,8,FALSE,8,FALSE,8,FALSE,8,FALSE,8,FALSE,8
"670","KAN",22,43,340,2,1,3,7,37,83,20,80,2,29,42,22,340,2,183,0,4,16,66,50,16,"KAN","LVR",2,0,0,1,0,1,440,11,3,16,48,32,1,417,161,1,"LVR","KAN",40,32,"False","outdoors","astroturf",80,57,16,-11,"KAN",54,"2020-10-11",FALSE,-8,FALSE,-8,FALSE,-8,FALSE,-8,FALSE,-8,FALSE,-8
"671","ARI",27,37,380,1,1,1,11,45,103,30,127,3,55,35,27,380,1,179,0,0,30,68,38,30,"ARI","NYJ",0,0,0,1,0,1,336,4,10,5,112,15,2,317,152,1,"ARI","NYJ",30,10,"False","outdoors","fieldturf ",64,57,8,-7,"ARI",48,"2020-10-11",FALSE,20,FALSE,20,FALSE,20,FALSE,20,FALSE,20,FALSE,20
"672","NYJ",18,33,195,1,0,3,33,52,82,28,123,0,46,31,18,195,1,100,0,4,24,64,40,24,"NYJ","ARI",0,0,0,0,0,1,322,9,12,11,70,53,3,309,95,2,"ARI","NYJ",30,10,"False","outdoors","fieldturf ",64,57,8,-7,"ARI",48,"2020-10-11",TRUE,-20,TRUE,-20,TRUE,-20,TRUE,-20,TRUE,-20,TRUE,-20
"673","PHI",21,36,276,2,2,5,34,55,194,16,94,2,81,36,21,276,2,123,0,2,14,57,43,14,"PHI","PIT",2,0,0,0,0,1,474,9,18,5,84,10,1,473,63,2,"PHI","PIT",29,38,"False","outdoors","grass",70,89,4,-7,"PIT",44,"2020-10-11",FALSE,-9,FALSE,-9,FALSE,-9,FALSE,-9,FALSE,-9,FALSE,-9
"674","PIT",27,34,239,3,0,1,8,35,125,32,136,2,97,34,27,239,3,99,1,0,32,67,35,32,"PIT","PHI",0,0,0,0,0,1,196,4,6,3,81,55,1,196,138,0,"PHI","PIT",29,38,"False","outdoors","grass",70,89,4,-7,"PIT",44,"2020-10-11",FALSE,9,FALSE,9,FALSE,9,FALSE,9,FALSE,9,FALSE,9
"675","CIN",19,30,183,0,1,7,48,26,66,28,70,0,14,29,19,183,0,95,2,2,26,65,39,26,"CIN","BAL",0,0,0,0,0,0,220,9,21,4,30,40,0,205,85,0,"CIN","BAL",3,27,"False","outdoors","grass",69,92,3,-12,"BAL",49,"2020-10-11",TRUE,-24,TRUE,-24,TRUE,-24,TRUE,-24,TRUE,-24,TRUE,-24
"676","BAL",19,37,180,2,1,1,9,30,71,24,161,0,109,36,19,180,2,71,0,0,24,62,38,24,"BAL","CIN",0,0,0,0,0,0,318,10,13,5,106,55,5,311,84,0,"CIN","BAL",3,27,"False","outdoors","grass",69,92,3,-12,"BAL",49,"2020-10-11",FALSE,24,FALSE,24,FALSE,24,FALSE,24,FALSE,24,FALSE,24
"677","MIN",27,39,249,2,1,3,1,25,92,41,201,1,52,38,27,249,2,108,1,0,41,83,42,41,"MIN","SEA",0,0,0,0,1,0,271,5,11,5,60,141,4,265,96,1,"MIN","SEA",26,27,"False","outdoors","fieldturf",54,90,10,-6,"SEA",54,"2020-10-11",FALSE,-1,FALSE,-1,FALSE,-1,FALSE,-1,FALSE,-1,FALSE,-1
"678","SEA",20,32,217,3,1,4,27,39,100,16,124,1,54,30,20,217,3,120,0,5,11,52,41,11,"SEA","MIN",0,0,0,0,0,0,391,7,14,4,71,53,1,343,74,2,"MIN","SEA",26,27,"False","outdoors","fieldturf",54,90,10,-6,"SEA",54,"2020-10-11",FALSE,1,FALSE,1,FALSE,1,FALSE,1,FALSE,1,FALSE,1
"679","SFO",16,35,171,1,2,5,43,39,99,19,131,1,56,35,16,171,1,86,1,0,19,59,40,19,"SFO","MIA",0,0,0,0,0,0,316,11,16,1,84,47,2,316,93,2,"MIA","SFO",43,17,"False","outdoors","grass",72,45,0,-8,"SFO",50,"2020-10-11",TRUE,-26,TRUE,-26,TRUE,-26,TRUE,-26,TRUE,-26,TRUE,-26
"680","MIA",22,28,350,3,0,2,8,70,154,33,94,1,42,27,22,350,3,221,0,1,32,63,31,32,"MIA","SFO",0,0,0,1,0,1,268,3,13,2,57,37,0,257,141,2,"MIA","SFO",43,17,"False","outdoors","grass",72,45,0,-8,"SFO",50,"2020-10-11",FALSE,26,FALSE,26,FALSE,26,FALSE,26,FALSE,26,FALSE,26
"681","WAS",18,30,111,0,0,8,41,30,142,14,38,1,17,28,18,111,0,57,0,2,12,52,40,12,"WAS","LAR",0,0,0,0,0,0,139,4,13,5,23,15,1,121,102,1,"LAR","WAS",30,10,"False","outdoors","grass",69,82,2,-7,"LAR",45,"2020-10-11",TRUE,-20,TRUE,-20,TRUE,-20,TRUE,-20,TRUE,-20,TRUE,-20
"682","LAR",21,30,309,2,1,1,9,56,111,35,129,2,67,29,21,309,2,189,0,1,34,66,32,34,"LAR","WAS",0,0,0,1,0,0,188,3,5,2,71,58,3,183,192,1,"LAR","WAS",30,10,"False","outdoors","grass",69,82,2,-7,"LAR",45,"2020-10-11",FALSE,20,FALSE,20,FALSE,20,FALSE,20,FALSE,20,FALSE,20
"683","NOR",33,48,325,1,1,2,12,41,127,25,95,2,30,47,33,325,1,127,0,0,25,75,50,25,"NOR","LAC",0,0,0,1,0,1,327,7,9,0,70,25,0,326,100,4,"LAC","NOR",27,30,"True","dome","astroturf",72,45,0,-7,"NOR",49,"2020-10-12",FALSE,3,FALSE,3,FALSE,3,FALSE,3,FALSE,3,FALSE,3
"684","LAC",20,34,264,4,0,3,25,64,122,32,111,0,53,32,20,264,4,177,0,1,31,69,38,31,"LAC","NOR",0,0,0,0,0,1,384,9,6,2,73,38,2,384,98,3,"LAC","NOR",27,30,"True","dome","astroturf",72,45,0,-7,"NOR",49,"2020-10-12",FALSE,-3,FALSE,-3,FALSE,-3,FALSE,-3,FALSE,-3,FALSE,-3
"685","BUF",29,46,285,2,2,1,10,33,148,22,95,0,47,45,29,285,2,118,1,2,20,69,49,20,"BUF","TEN",0,0,0,0,0,1,406,5,5,0,39,56,0,383,69,5,"BUF","TEN",16,42,"False","outdoors","grass",73,32,3,-3,"BUF",52,"2020-10-13",TRUE,-26,TRUE,-26,TRUE,-26,TRUE,-26,TRUE,-26,TRUE,-26
"686","TEN",21,28,195,3,0,0,0,20,129,34,139,3,51,28,21,195,3,90,0,3,31,62,31,31,"TEN","BUF",0,0,0,0,0,0,181,3,15,0,96,43,1,181,69,1,"BUF","TEN",16,42,"False","outdoors","grass",73,32,3,-3,"BUF",52,"2020-10-13",FALSE,26,FALSE,26,FALSE,26,FALSE,26,FALSE,26,FALSE,26
"687","CHI",23,39,198,1,1,0,0,23,70,25,63,1,20,36,23,198,1,87,0,1,24,64,40,24,"CHI","CAR",0,0,0,0,0,0,240,5,9,2,23,40,2,205,88,2,"CHI","CAR",23,16,"False","outdoors","grass",63,44,6,-2,"CAR",45,"2020-10-18",FALSE,7,FALSE,7,FALSE,7,FALSE,7,FALSE,7,FALSE,7
"688","CAR",16,29,216,0,2,4,25,39,50,29,112,1,33,27,16,216,0,126,1,7,22,62,40,22,"CAR","CHI",0,0,0,0,0,0,260,4,4,5,79,33,2,245,75,4,"CHI","CAR",23,16,"False","outdoors","grass",63,44,6,-2,"CAR",45,"2020-10-18",FALSE,-7,FALSE,-7,FALSE,-7,FALSE,-7,FALSE,-7,FALSE,-7
"689","CIN",25,39,313,0,1,2,13,67,78,32,98,3,47,39,25,313,0,134,0,1,31,73,42,31,"CIN","IND",0,0,0,1,0,1,344,2,5,1,53,45,1,343,130,3,"CIN","IND",27,31,"False","retractable roof (closed)","fieldturf",72,45,0,-7,"IND",46,"2020-10-18",FALSE,-4,FALSE,-4,FALSE,-4,FALSE,-4,FALSE,-4,FALSE,-4
"690","IND",29,44,371,3,1,1,0,55,105,15,59,1,20,42,29,371,3,171,1,0,15,60,45,15,"IND","CIN",0,0,0,1,0,1,340,8,10,4,41,18,0,342,174,1,"CIN","IND",27,31,"False","retractable roof (closed)","fieldturf",72,45,0,-7,"IND",46,"2020-10-18",FALSE,4,FALSE,4,FALSE,4,FALSE,4,FALSE,4,FALSE,4
"691","JAX",25,44,243,1,1,1,12,51,70,16,44,1,18,44,25,243,1,97,1,2,14,61,47,14,"JAX","DET",0,0,0,0,0,1,417,11,8,11,29,15,0,416,112,3,"DET","JAX",34,16,"False","outdoors","grass",78,78,10,-3,"DET",52,"2020-10-18",TRUE,-18,TRUE,-18,TRUE,-18,TRUE,-18,TRUE,-18,TRUE,-18
"692","DET",19,31,223,1,1,0,0,48,80,39,180,3,89,31,19,223,1,141,0,1,38,70,32,38,"DET","JAX",0,0,0,0,1,1,269,5,12,9,134,46,4,269,94,2,"DET","JAX",34,16,"False","outdoors","grass",78,78,10,-3,"DET",52,"2020-10-18",FALSE,18,FALSE,18,FALSE,18,FALSE,18,FALSE,18,FALSE,18
"693","NYJ",21,44,186,0,1,3,38,22,50,22,115,0,61,39,21,186,0,86,0,0,22,69,47,22,"NYJ","MIA",0,0,0,0,0,0,396,9,26,2,63,52,1,369,98,2,"NYJ","MIA",0,24,"False","outdoors","grass",85,66,15,-10,"MIA",46,"2020-10-18",TRUE,-24,TRUE,-24,TRUE,-24,TRUE,-24,TRUE,-24,TRUE,-24
"694","MIA",20,29,200,3,2,2,8,50,178,25,110,0,24,29,20,200,3,138,0,1,24,56,32,24,"MIA","NYJ",0,0,0,0,0,0,220,5,9,0,51,59,1,219,115,2,"NYJ","MIA",0,24,"False","outdoors","grass",85,66,15,-10,"MIA",46,"2020-10-18",FALSE,24,FALSE,24,FALSE,24,FALSE,24,FALSE,24,FALSE,24
"695","ATL",30,40,371,4,0,2,8,40,136,37,99,0,38,37,30,371,4,162,1,2,35,79,44,35,"ATL","MIN",0,0,0,1,0,1,270,7,10,1,56,43,0,253,171,0,"ATL","MIN",40,23,"False","dome","sportturf",72,45,0,-3,"MIN",53,"2020-10-18",FALSE,17,FALSE,17,FALSE,17,FALSE,17,FALSE,17,FALSE,17
"696","MIN",24,36,343,3,3,1,10,49,90,13,32,0,19,35,24,343,3,159,0,0,13,50,37,13,"MIN","ATL",3,0,0,1,0,1,330,6,10,3,13,19,2,332,137,0,"ATL","MIN",40,23,"False","dome","sportturf",72,45,0,-3,"MIN",53,"2020-10-18",TRUE,-17,TRUE,-17,TRUE,-17,TRUE,-17,TRUE,-17,TRUE,-17
"697","DEN",10,24,189,0,2,2,25,41,34,37,135,0,43,24,10,189,0,95,0,1,36,63,27,36,"DEN","NWE",0,0,0,0,1,1,391,10,16,1,70,65,1,390,50,1,"DEN","NWE",18,12,"False","outdoors","grass",58,45,7,-7,"NWE",43,"2020-10-18",FALSE,6,FALSE,6,FALSE,6,FALSE,6,FALSE,6,FALSE,6
"698","NWE",19,27,195,0,2,4,24,41,170,25,117,1,54,27,19,195,0,113,1,3,22,56,34,22,"NWE","DEN",0,0,0,0,0,0,147,6,15,1,83,34,0,147,136,0,"DEN","NWE",18,12,"False","outdoors","grass",58,45,7,-7,"NWE",43,"2020-10-18",FALSE,-6,FALSE,-6,FALSE,-6,FALSE,-6,FALSE,-6,FALSE,-6
"699","WAS",31,42,280,2,1,3,29,29,97,24,86,0,33,40,31,280,2,125,1,2,22,69,47,22,"WAS","NYG",0,0,0,0,0,0,244,5,11,4,46,40,1,230,149,0,"WAS","NYG",19,20,"False","outdoors","fieldturf ",62,48,0,-2,"NYG",42,"2020-10-18",FALSE,-1,FALSE,-1,FALSE,-1,FALSE,-1,FALSE,-1,FALSE,-1
"700","NYG",12,19,112,1,1,1,4,23,74,26,132,0,60,18,12,112,1,79,0,1,25,46,21,25,"NYG","WAS",0,0,0,0,0,0,151,2,8,4,100,32,0,125,38,0,"WAS","NYG",19,20,"False","outdoors","fieldturf ",62,48,0,-2,"NYG",42,"2020-10-18",FALSE,1,FALSE,1,FALSE,1,FALSE,1,FALSE,1,FALSE,1
"701","HOU",28,38,335,4,0,2,15,53,178,27,92,1,32,37,28,335,4,150,0,3,24,67,43,24,"HOU","TEN",0,0,0,1,0,1,334,6,10,3,39,53,0,334,112,1,"HOU","TEN",36,42,"True","outdoors","grass",61,58,10,-4,"TEN",52,"2020-10-18",FALSE,-6,FALSE,-6,FALSE,-6,FALSE,-6,FALSE,-6,FALSE,-6
"702","TEN",30,41,366,4,1,2,22,53,122,27,263,2,114,41,30,366,4,201,1,0,27,70,43,27,"TEN","HOU",1,0,0,1,1,1,309,3,14,4,112,151,7,309,158,2,"HOU","TEN",36,42,"True","outdoors","grass",61,58,10,-4,"TEN",52,"2020-10-18",FALSE,6,FALSE,6,FALSE,6,FALSE,6,FALSE,6,FALSE,6
"703","PHI",21,40,213,2,0,6,43,50,84,18,194,1,139,39,21,213,2,113,1,1,17,64,47,17,"PHI","BAL",4,0,0,0,1,0,369,9,25,4,123,71,4,364,61,5,"BAL","PHI",30,28,"False","outdoors","grass",61,52,7,-10,"BAL",46,"2020-10-18",FALSE,-2,FALSE,-2,FALSE,-2,FALSE,-2,FALSE,-2,FALSE,-2
"704","BAL",16,27,186,1,0,3,13,32,92,37,182,2,69,25,16,186,1,110,0,3,34,67,33,34,"BAL","PHI",0,0,0,0,1,0,186,3,3,4,126,56,2,164,88,3,"BAL","PHI",30,28,"False","outdoors","grass",61,52,7,-10,"BAL",46,"2020-10-18",FALSE,2,FALSE,2,FALSE,2,FALSE,2,FALSE,2,FALSE,2
"705","PIT",15,23,168,1,0,2,20,42,192,37,129,3,29,23,15,168,1,87,0,0,37,62,25,37,"PIT","CLE",0,0,0,0,1,0,172,2,7,1,57,72,4,172,71,1,"CLE","PIT",7,38,"False","outdoors","grass",61,43,9,-3,"PIT",50,"2020-10-18",FALSE,31,FALSE,31,FALSE,31,FALSE,31,FALSE,31,FALSE,31
"706","CLE",15,28,165,1,2,4,20,60,117,22,75,0,40,26,15,165,1,116,0,1,21,54,33,21,"CLE","PIT",0,0,0,0,0,0,144,7,11,3,31,44,1,141,86,1,"CLE","PIT",7,38,"False","outdoors","grass",61,43,9,-3,"PIT",50,"2020-10-18",TRUE,-31,TRUE,-31,TRUE,-31,TRUE,-31,TRUE,-31,TRUE,-31
"707","LAR",19,38,198,2,1,0,0,40,72,19,113,0,38,37,19,198,2,126,0,1,18,57,39,18,"LAR","SFO",0,0,0,0,0,0,455,10,8,1,73,40,0,454,51,3,"LAR","SFO",16,24,"False","outdoors","grass",86,22,10,-2,"LAR",51,"2020-10-18",FALSE,-8,FALSE,-8,FALSE,-8,FALSE,-8,FALSE,-8,FALSE,-8
"708","SFO",23,33,268,3,0,0,0,44,124,37,122,0,30,32,23,268,3,145,0,1,36,70,34,36,"SFO","LAR",0,0,0,0,0,1,145,5,8,1,80,42,0,145,223,3,"LAR","SFO",16,24,"False","outdoors","grass",86,22,10,-2,"LAR",51,"2020-10-18",FALSE,8,FALSE,8,FALSE,8,FALSE,8,FALSE,8,FALSE,8
"709","TAM",17,28,166,2,0,0,0,31,144,35,158,2,48,27,17,166,2,94,0,1,34,63,29,34,"TAM","GNB",0,0,0,0,1,0,231,6,13,0,64,94,4,231,72,4,"GNB","TAM",10,38,"False","outdoors","grass",88,48,12,-3,"GNB",55,"2020-10-18",FALSE,28,FALSE,28,FALSE,28,FALSE,28,FALSE,28,FALSE,28
"710","GNB",16,35,160,0,2,5,53,20,35,21,94,1,60,31,16,160,0,80,0,2,19,61,42,19,"GNB","TAM",0,0,0,0,0,0,298,6,18,1,61,33,1,298,81,4,"GNB","TAM",10,38,"False","outdoors","grass",88,48,12,-3,"GNB",55,"2020-10-18",TRUE,-28,TRUE,-28,TRUE,-28,TRUE,-28,TRUE,-28,TRUE,-28
"711","BUF",14,27,122,2,1,0,0,22,73,23,84,0,27,25,14,122,2,68,0,4,19,50,31,19,"BUF","KAN",0,0,0,0,0,0,272,6,14,6,34,50,4,254,46,2,"KAN","BUF",26,17,"False","outdoors","astroturf",51,92,6,-5,"KAN",55,"2020-10-19",FALSE,-9,FALSE,-9,FALSE,-9,FALSE,-9,FALSE,-9,FALSE,-9
"712","KAN",21,26,225,2,0,1,4,37,128,46,245,1,69,26,21,225,2,112,1,6,40,73,33,40,"KAN","BUF",0,0,0,0,1,0,161,1,0,1,153,92,2,160,104,3,"KAN","BUF",26,17,"False","outdoors","astroturf",51,92,6,-5,"KAN",55,"2020-10-19",FALSE,9,FALSE,9,FALSE,9,FALSE,9,FALSE,9,FALSE,9
"713","ARI",9,24,188,2,0,1,11,80,93,35,261,3,94,22,9,188,2,158,0,2,33,60,27,33,"ARI","DAL",0,0,0,0,1,0,240,9,4,5,203,58,1,230,117,1,"ARI","DAL",38,10,"False","retractable roof (closed)","fieldturf",72,45,0,-1,"DAL",55,"2020-10-19",FALSE,28,FALSE,28,FALSE,28,FALSE,28,FALSE,28,FALSE,28
"714","DAL",34,54,266,1,2,3,19,27,65,27,97,0,32,52,34,266,1,118,2,2,25,84,59,25,"DAL","ARI",0,0,0,0,0,0,301,7,22,2,61,36,1,301,153,5,"ARI","DAL",38,10,"False","retractable roof (closed)","fieldturf",72,45,0,-1,"DAL",55,"2020-10-19",TRUE,-28,TRUE,-28,TRUE,-28,TRUE,-28,TRUE,-28,TRUE,-28
"715","NYG",20,30,187,2,1,3,22,39,91,22,160,1,127,28,20,187,2,109,2,1,21,55,34,21,"NYG","PHI",0,0,0,0,0,0,180,4,11,0,105,55,0,162,97,3,"NYG","PHI",21,22,"False","outdoors","grass",70,75,4,-5,"PHI",44,"2020-10-22",FALSE,-1,FALSE,-1,FALSE,-1,FALSE,-1,FALSE,-1,FALSE,-1
"716","PHI",25,43,359,2,1,3,13,59,91,26,96,1,48,41,25,359,2,196,0,2,24,72,48,24,"PHI","NYG",0,0,0,1,0,0,374,9,12,3,46,50,0,369,115,0,"NYG","PHI",21,22,"False","outdoors","grass",70,75,4,-5,"PHI",44,"2020-10-22",FALSE,1,FALSE,1,FALSE,1,FALSE,1,FALSE,1,FALSE,1
"717","DET",25,36,340,1,0,2,18,36,108,21,64,1,28,32,25,340,1,122,0,1,20,59,39,20,"DET","ATL",0,0,0,1,0,1,337,5,13,1,29,35,3,341,80,1,"DET","ATL",23,22,"False","retractable roof (closed)","fieldturf",72,45,0,-1,"ATL",54,"2020-10-25",FALSE,1,FALSE,1,FALSE,1,FALSE,1,FALSE,1,FALSE,1
"718","ATL",31,42,338,1,0,2,16,28,105,26,66,2,15,40,31,338,1,114,1,0,26,70,44,26,"ATL","DET",2,0,0,1,0,0,283,3,15,4,29,37,3,283,103,4,"DET","ATL",23,22,"False","retractable roof (closed)","fieldturf",72,45,0,-1,"ATL",54,"2020-10-25",FALSE,-1,FALSE,-1,FALSE,-1,FALSE,-1,FALSE,-1,FALSE,-1
"719","CLE",23,29,316,5,1,0,0,54,254,22,82,0,22,28,23,316,5,145,0,0,22,51,29,22,"CLE","CIN",0,0,0,0,0,1,286,3,9,1,36,46,3,285,114,1,"CLE","CIN",37,34,"False","outdoors","grass",48,77,8,-4,"CLE",50,"2020-10-25",FALSE,3,FALSE,3,FALSE,3,FALSE,3,FALSE,3,FALSE,3
"720","CIN",36,48,422,3,1,4,35,45,231,21,81,1,30,47,36,422,3,138,1,1,20,73,53,20,"CIN","CLE",0,0,0,1,0,1,441,3,12,1,54,27,0,383,219,1,"CLE","CIN",37,34,"False","outdoors","grass",48,77,8,-4,"CLE",50,"2020-10-25",FALSE,-3,FALSE,-3,FALSE,-3,FALSE,-3,FALSE,-3,FALSE,-3
"721","SEA",33,50,388,3,3,2,16,47,84,30,200,1,78,48,33,388,3,165,0,5,25,82,57,25,"SEA","ARI",0,0,0,1,0,1,451,9,26,6,165,35,1,433,158,2,"SEA","ARI",34,37,"True","retractable roof (closed)","grass",72,45,0,-3,"SEA",55,"2020-10-25",FALSE,-3,FALSE,-3,FALSE,-3,FALSE,-3,FALSE,-3,FALSE,-3
"722","ARI",34,48,360,3,1,0,0,41,104,33,159,1,59,44,34,360,3,139,1,4,29,81,52,29,"ARI","SEA",0,0,0,1,0,1,387,7,3,5,119,40,2,386,175,3,"SEA","ARI",34,37,"True","retractable roof (closed)","grass",72,45,0,-3,"SEA",55,"2020-10-25",FALSE,3,FALSE,3,FALSE,3,FALSE,3,FALSE,3,FALSE,3
"723","KAN",17,25,213,1,0,4,28,49,200,22,101,2,60,24,17,213,1,126,1,0,22,51,29,22,"KAN","DEN",0,0,0,0,0,0,166,6,9,1,67,34,6,166,131,1,"KAN","DEN",43,16,"False","outdoors","grass",14,78,11,-7,"KAN",46,"2020-10-25",FALSE,27,FALSE,27,FALSE,27,FALSE,27,FALSE,27,FALSE,27
"724","DEN",24,40,254,0,2,3,20,27,57,33,177,2,51,38,24,254,0,149,2,1,32,76,44,32,"DEN","KAN",0,0,0,0,0,0,265,9,11,4,126,51,1,270,164,1,"KAN","DEN",43,16,"False","outdoors","grass",14,78,11,-7,"KAN",46,"2020-10-25",TRUE,-27,TRUE,-27,TRUE,-27,TRUE,-27,TRUE,-27,TRUE,-27
"725","HOU",29,39,309,2,0,3,23,30,114,22,79,0,26,38,29,309,2,128,1,6,16,64,48,16,"HOU","GNB",0,0,0,1,0,0,248,3,12,4,57,22,2,244,133,3,"GNB","HOU",35,20,"False","retractable roof (closed)","grass",72,45,0,-2,"GNB",55,"2020-10-25",TRUE,-15,TRUE,-15,TRUE,-15,TRUE,-15,TRUE,-15,TRUE,-15
"726","GNB",23,34,283,4,0,0,0,45,132,27,96,1,27,34,23,283,4,110,0,0,27,61,34,27,"GNB","HOU",0,0,0,0,0,1,233,9,11,1,65,31,0,233,167,2,"GNB","HOU",35,20,"False","retractable roof (closed)","grass",72,45,0,-2,"GNB",55,"2020-10-25",FALSE,15,FALSE,15,FALSE,15,FALSE,15,FALSE,15,FALSE,15
"727","CAR",23,28,254,2,0,1,8,74,128,14,37,1,27,27,23,254,2,145,0,2,12,43,31,12,"CAR","NOR",0,0,0,0,0,0,186,3,12,6,16,21,0,186,158,0,"CAR","NOR",24,27,"False","dome","astroturf",72,45,0,-7,"NOR",49,"2020-10-25",FALSE,-3,FALSE,-3,FALSE,-3,FALSE,-3,FALSE,-3,FALSE,-3
"728","NOR",30,37,287,2,0,1,10,23,197,29,138,1,65,35,30,287,2,110,1,0,29,67,38,29,"NOR","CAR",0,0,0,0,0,0,177,2,6,1,74,64,1,177,138,1,"CAR","NOR",24,27,"False","dome","astroturf",72,45,0,-7,"NOR",49,"2020-10-25",FALSE,3,FALSE,3,FALSE,3,FALSE,3,FALSE,3,FALSE,3
"729","SFO",20,25,277,0,2,1,7,35,79,37,197,4,55,25,20,277,0,114,0,1,36,63,27,36,"SFO","NWE",0,0,0,0,1,1,160,3,7,1,142,55,3,160,184,1,"SFO","NWE",33,6,"False","outdoors","grass",49,60,7,-3,"NWE",44,"2020-10-25",FALSE,27,FALSE,27,FALSE,27,FALSE,27,FALSE,27,FALSE,27
"730","NWE",15,25,162,0,4,2,15,38,78,22,94,0,31,22,15,162,0,105,0,3,19,49,30,19,"NWE","SFO",0,0,0,0,0,0,203,4,11,6,82,12,1,188,72,1,"SFO","NWE",33,6,"False","outdoors","grass",49,60,7,-3,"NWE",44,"2020-10-25",TRUE,-27,TRUE,-27,TRUE,-27,TRUE,-27,TRUE,-27,TRUE,-27
"731","NYJ",12,23,120,0,2,6,29,22,31,22,100,1,33,21,12,120,0,66,0,0,22,51,29,22,"NYJ","BUF",0,0,0,0,0,0,149,5,11,4,52,48,2,146,39,0,"BUF","NYJ",18,10,"False","outdoors","fieldturf ",52,52,8,-9,"BUF",47,"2020-10-25",FALSE,-8,FALSE,-8,FALSE,-8,FALSE,-8,FALSE,-8,FALSE,-8
"732","BUF",30,43,307,0,0,2,11,38,90,27,126,0,44,41,30,307,0,136,1,3,24,72,48,24,"BUF","NYJ",0,0,0,1,0,1,308,7,17,6,85,41,0,275,172,0,"BUF","NYJ",18,10,"False","outdoors","fieldturf ",52,52,8,-9,"BUF",47,"2020-10-25",FALSE,8,FALSE,8,FALSE,8,FALSE,8,FALSE,8,FALSE,8
"733","PIT",32,49,268,2,3,0,0,28,67,25,94,1,35,49,32,268,2,98,0,0,25,74,49,25,"PIT","TEN",0,0,0,0,0,0,266,6,17,2,65,29,1,266,158,3,"PIT","TEN",27,24,"False","outdoors","grass",55,88,3,-1,"TEN",51,"2020-10-25",FALSE,3,FALSE,3,FALSE,3,FALSE,3,FALSE,3,FALSE,3
"734","TEN",18,31,220,2,0,2,10,73,144,23,82,1,23,30,18,220,2,111,0,1,22,56,34,22,"TEN","PIT",0,0,0,0,0,1,265,5,11,3,46,36,2,255,108,0,"PIT","TEN",27,24,"False","outdoors","grass",55,88,3,-1,"TEN",51,"2020-10-25",FALSE,-3,FALSE,-3,FALSE,-3,FALSE,-3,FALSE,-3,FALSE,-3
"735","TAM",33,45,369,4,0,0,0,35,127,25,85,2,38,41,33,369,4,144,0,0,25,70,45,25,"TAM","LVR",0,0,0,1,0,1,399,4,9,0,57,28,0,371,134,1,"TAM","LVR",45,20,"False","dome","grass",72,45,0,-3,"TAM",51,"2020-10-25",FALSE,25,FALSE,25,FALSE,25,FALSE,25,FALSE,25,FALSE,25
"736","LVR",24,36,284,2,1,3,13,44,97,24,76,0,37,36,24,284,2,142,0,2,22,63,41,22,"LVR","TAM",0,0,0,0,0,1,315,8,20,4,45,31,0,315,137,1,"TAM","LVR",45,20,"False","dome","grass",72,45,0,-3,"TAM",51,"2020-10-25",TRUE,-25,TRUE,-25,TRUE,-25,TRUE,-25,TRUE,-25,TRUE,-25
"737","JAX",14,27,173,2,0,5,19,36,96,27,140,1,32,24,14,173,2,146,0,4,23,59,36,23,"JAX","LAC",1,0,0,0,1,0,252,10,9,5,75,65,3,243,68,1,"JAX","LAC",29,39,"False","dome","matrixturf",72,45,0,-8,"LAC",48,"2020-10-25",TRUE,-10,TRUE,-10,TRUE,-10,TRUE,-10,TRUE,-10,TRUE,-10
"738","LAC",28,44,351,3,0,1,2,74,194,32,135,2,68,42,28,351,3,184,0,3,29,77,48,29,"LAC","JAX",0,0,0,1,0,1,383,11,13,3,86,49,1,344,199,2,"JAX","LAC",29,39,"False","dome","matrixturf",72,45,0,-8,"LAC",48,"2020-10-25",FALSE,10,FALSE,10,FALSE,10,FALSE,10,FALSE,10,FALSE,10
"739","DAL",11,22,114,0,1,6,55,50,145,26,83,0,30,21,11,114,0,58,0,3,23,54,31,23,"DAL","WAS",0,0,0,0,0,0,160,3,8,2,34,49,0,160,52,4,"DAL","WAS",3,25,"False","outdoors","grass",46,90,5,-1,"DAL",44,"2020-10-25",TRUE,-22,TRUE,-22,TRUE,-22,TRUE,-22,TRUE,-22,TRUE,-22
"740","WAS",15,25,194,2,0,2,5,52,111,39,208,1,76,21,15,194,2,115,0,1,38,66,28,38,"WAS","DAL",0,0,0,0,1,0,197,3,12,4,102,106,3,179,70,1,"DAL","WAS",3,25,"False","outdoors","grass",46,90,5,-1,"DAL",44,"2020-10-25",FALSE,22,FALSE,22,FALSE,22,FALSE,22,FALSE,22,FALSE,22
"741","CHI",28,40,261,0,2,4,31,42,66,17,49,0,13,38,28,261,0,152,0,0,17,61,44,17,"CHI","LAR",0,0,0,0,0,0,449,4,18,4,19,30,3,405,112,1,"CHI","LAR",10,24,"False","dome","matrixturf",72,45,0,-6,"LAR",44,"2020-10-26",TRUE,-14,TRUE,-14,TRUE,-14,TRUE,-14,TRUE,-14,TRUE,-14
"742","LAR",23,33,220,2,0,1,9,34,108,34,160,1,71,31,23,220,2,122,1,1,33,68,35,33,"LAR","CHI",0,0,0,0,0,0,268,5,9,1,95,65,7,256,120,0,"CHI","LAR",10,24,"False","dome","matrixturf",72,45,0,-6,"LAR",44,"2020-10-26",FALSE,14,FALSE,14,FALSE,14,FALSE,14,FALSE,14,FALSE,14
"743","CAR",16,27,179,1,1,3,22,45,124,22,147,1,71,26,16,179,1,136,0,4,18,52,34,18,"CAR","ATL",0,0,0,0,0,0,221,6,10,2,78,69,0,221,75,1,"ATL","CAR",25,17,"False","outdoors","grass",76,76,8,-1,"CAR",52,"2020-10-29",FALSE,-8,FALSE,-8,FALSE,-8,FALSE,-8,FALSE,-8,FALSE,-8
"744","ATL",21,30,281,0,1,2,11,28,85,36,131,2,41,30,21,281,0,100,0,4,32,68,36,32,"ATL","CAR",0,0,0,0,0,1,258,2,10,1,62,69,0,257,90,2,"ATL","CAR",25,17,"False","outdoors","grass",76,76,8,-1,"CAR",52,"2020-10-29",FALSE,8,FALSE,8,FALSE,8,FALSE,8,FALSE,8,FALSE,8
"745","NWE",15,25,174,0,0,2,13,28,81,34,188,2,59,23,15,174,0,99,1,1,33,61,28,33,"NWE","BUF",2,0,0,0,1,0,143,6,11,2,79,109,3,135,92,2,"NWE","BUF",21,24,"False","outdoors","astroturf",41,87,17,-4,"BUF",41,"2020-11-01",FALSE,-3,FALSE,-3,FALSE,-3,FALSE,-3,FALSE,-3,FALSE,-3
"746","BUF",11,18,154,0,1,1,5,41,65,38,190,3,58,18,11,154,0,91,0,3,35,57,22,35,"BUF","NWE",0,0,0,0,0,0,179,3,12,2,90,100,5,179,83,1,"NWE","BUF",21,24,"False","outdoors","astroturf",41,87,17,-4,"BUF",41,"2020-11-01",FALSE,3,FALSE,3,FALSE,3,FALSE,3,FALSE,3,FALSE,3
"747","CHI",28,41,272,2,1,5,39,50,92,23,96,0,45,41,28,272,2,132,0,0,23,69,46,23,"CHI","NOR",0,0,0,0,0,0,326,7,15,1,18,78,2,326,64,4,"NOR","CHI",26,23,"True","outdoors","grass",40,41,20,-5,"NOR",41,"2020-11-01",FALSE,-3,FALSE,-3,FALSE,-3,FALSE,-3,FALSE,-3,FALSE,-3
"748","NOR",31,41,280,2,0,1,8,47,109,30,122,0,38,41,31,280,2,141,0,1,29,72,43,29,"NOR","CHI",0,0,0,0,0,0,190,5,9,3,71,51,0,190,169,2,"NOR","CHI",26,23,"True","outdoors","grass",40,41,20,-5,"NOR",41,"2020-11-01",FALSE,3,FALSE,3,FALSE,3,FALSE,3,FALSE,3,FALSE,3
"749","CIN",26,37,249,2,0,0,0,24,106,32,118,2,46,35,26,249,2,84,0,1,31,69,38,31,"CIN","TEN",0,0,0,0,0,0,245,4,17,3,59,59,4,234,73,1,"TEN","CIN",20,31,"False","outdoors","grass",48,52,24,-7,"TEN",49,"2020-11-01",FALSE,11,FALSE,11,FALSE,11,FALSE,11,FALSE,11,FALSE,11
"750","TEN",18,30,233,2,1,1,10,27,92,29,218,1,68,29,18,233,2,97,0,2,27,60,33,27,"TEN","CIN",0,0,0,0,1,1,271,5,13,1,115,103,3,240,74,1,"TEN","CIN",20,31,"False","outdoors","grass",48,52,24,-7,"TEN",49,"2020-11-01",TRUE,-11,TRUE,-11,TRUE,-11,TRUE,-11,TRUE,-11,TRUE,-11
"751","LVR",15,24,111,1,0,2,11,17,87,45,209,0,55,22,15,111,1,64,0,4,41,71,30,41,"LVR","CLE",0,0,0,0,1,0,140,3,3,2,145,64,2,140,60,2,"LVR","CLE",16,6,"False","outdoors","grass",49,56,35,-1,"CLE",48,"2020-11-01",FALSE,10,FALSE,10,FALSE,10,FALSE,10,FALSE,10,FALSE,10
"752","CLE",12,25,122,0,0,0,0,25,62,22,101,0,34,25,12,122,0,79,1,4,18,47,29,18,"CLE","LVR",0,0,0,0,0,0,193,5,4,3,77,24,1,193,74,6,"LVR","CLE",16,6,"False","outdoors","grass",49,56,35,-1,"CLE",48,"2020-11-01",TRUE,-10,TRUE,-10,TRUE,-10,TRUE,-10,TRUE,-10,TRUE,-10
"753","LAC",29,44,278,3,2,2,3,36,128,38,210,0,82,42,29,278,3,114,0,2,36,84,48,36,"LAC","DEN",0,0,0,0,0,0,296,6,14,15,159,51,2,303,140,2,"LAC","DEN",30,31,"False","outdoors","grass",64,23,10,-3,"LAC",44,"2020-11-01",FALSE,-1,FALSE,-1,FALSE,-1,FALSE,-1,FALSE,-1,FALSE,-1
"754","DEN",26,41,248,3,1,2,5,43,94,16,108,1,66,38,26,248,3,120,0,1,15,59,44,15,"DEN","LAC",0,0,0,0,0,0,308,7,3,5,48,60,1,305,115,0,"LAC","DEN",30,31,"False","outdoors","grass",64,23,10,-3,"LAC",44,"2020-11-01",FALSE,1,FALSE,1,FALSE,1,FALSE,1,FALSE,1,FALSE,1
"755","IND",23,34,262,3,0,2,15,29,163,39,119,2,30,33,23,262,3,157,0,0,39,75,36,39,"IND","DET",1,0,0,0,0,0,224,6,8,1,45,74,3,227,143,4,"IND","DET",41,21,"False","dome","fieldturf",72,45,0,-3,"IND",49,"2020-11-01",FALSE,20,FALSE,20,FALSE,20,FALSE,20,FALSE,20,FALSE,20
"756","DET",24,42,336,3,1,5,39,73,96,13,29,0,33,40,24,336,3,187,1,1,12,60,48,12,"DET","IND",0,0,0,1,0,1,398,11,20,10,18,11,0,370,142,2,"IND","DET",41,21,"False","dome","fieldturf",72,45,0,-3,"IND",49,"2020-11-01",TRUE,-20,TRUE,-20,TRUE,-20,TRUE,-20,TRUE,-20,TRUE,-20
"757","MIN",11,14,160,1,0,1,9,50,138,34,173,3,42,14,11,160,1,118,0,0,34,49,15,34,"MIN","GNB",0,0,0,0,1,0,25,2,10,2,79,94,7,25,131,1,"MIN","GNB",28,22,"False","outdoors","grass",34,50,23,-5,"GNB",47,"2020-11-01",FALSE,6,FALSE,6,FALSE,6,FALSE,6,FALSE,6,FALSE,6
"758","GNB",27,41,291,3,0,1,0,45,110,24,109,0,29,38,27,291,3,180,1,2,22,66,44,22,"GNB","MIN",1,0,0,0,0,0,334,6,10,3,54,55,1,333,125,2,"MIN","GNB",28,22,"False","outdoors","grass",34,50,23,-5,"GNB",47,"2020-11-01",FALSE,-6,FALSE,-6,FALSE,-6,FALSE,-6,FALSE,-6,FALSE,-6
"759","NYJ",18,30,133,0,0,1,5,27,70,25,93,0,30,28,18,133,0,84,1,4,21,56,35,21,"NYJ","KAN",0,0,0,0,0,0,193,6,15,0,35,58,0,194,74,2,"NYJ","KAN",9,35,"False","outdoors","astroturf",52,0,11,-20,"KAN",49,"2020-11-01",TRUE,-26,TRUE,-26,TRUE,-26,TRUE,-26,TRUE,-26,TRUE,-26
"760","KAN",35,47,446,5,0,0,0,64,345,20,50,0,21,47,35,446,5,178,0,0,20,67,47,20,"KAN","NYJ",0,0,0,1,0,1,403,7,18,2,22,28,0,403,213,3,"NYJ","KAN",9,35,"False","outdoors","astroturf",52,0,11,-20,"KAN",49,"2020-11-01",FALSE,26,FALSE,26,FALSE,26,FALSE,26,FALSE,26,FALSE,26
"761","MIA",12,22,93,1,0,1,3,15,80,25,55,1,9,22,12,93,1,71,2,1,24,48,24,24,"MIA","LAR",0,1,0,0,0,0,118,4,8,0,25,30,1,118,47,3,"LAR","MIA",17,28,"False","outdoors","grass",86,73,10,-3,"LAR",46,"2020-11-01",FALSE,11,FALSE,11,FALSE,11,FALSE,11,FALSE,11,FALSE,11
"762","LAR",35,61,355,1,2,2,15,26,65,29,131,1,44,57,35,355,1,146,2,0,29,92,63,29,"LAR","MIA",0,0,0,1,0,1,365,7,30,1,62,69,3,357,200,4,"LAR","MIA",17,28,"False","outdoors","grass",86,73,10,-3,"LAR",46,"2020-11-01",TRUE,-11,TRUE,-11,TRUE,-11,TRUE,-11,TRUE,-11,TRUE,-11
"763","DAL",21,40,180,0,0,4,48,15,64,35,133,0,53,38,21,180,0,70,2,1,34,79,45,34,"DAL","PHI",0,0,0,0,0,0,313,12,14,7,90,43,0,304,120,2,"DAL","PHI",9,23,"False","outdoors","grass",49,66,17,-10,"PHI",43,"2020-11-01",TRUE,-14,TRUE,-14,TRUE,-14,TRUE,-14,TRUE,-14,TRUE,-14
"764","PHI",16,28,132,2,2,4,29,41,165,26,119,0,43,26,16,132,2,71,2,1,25,58,33,25,"PHI","DAL",2,0,0,0,0,0,304,4,9,3,79,40,5,287,32,2,"DAL","PHI",9,23,"False","outdoors","grass",49,66,17,-10,"PHI",43,"2020-11-01",FALSE,14,FALSE,14,FALSE,14,FALSE,14,FALSE,14,FALSE,14
"765","BAL",13,28,208,2,2,4,16,39,65,47,265,1,67,26,13,208,2,116,2,5,42,79,37,42,"BAL","PIT",0,0,0,0,1,1,232,9,11,2,161,104,1,216,77,1,"PIT","BAL",28,24,"False","outdoors","grass",52,97,7,-4,"BAL",44,"2020-11-01",FALSE,-4,FALSE,-4,FALSE,-4,FALSE,-4,FALSE,-4,FALSE,-4
"766","PIT",21,32,182,2,0,2,9,24,101,16,48,1,19,32,21,182,2,77,1,0,16,50,34,16,"PIT","BAL",0,0,0,0,0,0,232,6,12,0,30,18,1,232,93,2,"PIT","BAL",28,24,"False","outdoors","grass",52,97,7,-4,"BAL",44,"2020-11-01",FALSE,4,FALSE,4,FALSE,4,FALSE,4,FALSE,4,FALSE,4
"767","SFO",29,41,322,2,1,3,23,52,183,22,52,2,21,40,29,322,2,152,0,1,21,66,45,21,"SFO","SEA",0,0,0,0,0,0,291,5,24,2,28,24,0,293,114,1,"SFO","SEA",27,37,"False","outdoors","fieldturf",55,58,4,-1,"SEA",54,"2020-11-01",TRUE,-10,TRUE,-10,TRUE,-10,TRUE,-10,TRUE,-10,TRUE,-10
"768","SEA",27,37,261,4,0,2,12,46,128,28,101,1,54,36,27,261,4,102,0,1,27,67,40,27,"SEA","SFO",0,0,0,0,0,1,260,6,18,5,65,36,0,252,128,1,"SFO","SEA",27,37,"False","outdoors","fieldturf",55,58,4,-1,"SEA",54,"2020-11-01",FALSE,10,FALSE,10,FALSE,10,FALSE,10,FALSE,10,FALSE,10
"769","TAM",28,40,279,2,0,2,16,25,106,24,81,0,24,40,28,279,2,128,1,0,24,66,42,24,"TAM","NYG",0,0,0,0,0,0,364,6,9,3,47,34,0,364,94,0,"TAM","NYG",25,23,"False","outdoors","fieldturf ",39,46,8,-13,"TAM",47,"2020-11-02",FALSE,2,FALSE,2,FALSE,2,FALSE,2,FALSE,2,FALSE,2
"770","NYG",26,42,274,2,2,3,18,48,193,24,101,1,52,41,26,274,2,134,0,1,23,69,46,23,"NYG","TAM",0,0,0,0,0,0,320,11,21,6,68,33,0,313,140,0,"TAM","NYG",25,23,"False","outdoors","fieldturf ",39,46,8,-13,"TAM",47,"2020-11-02",FALSE,-2,FALSE,-2,FALSE,-2,FALSE,-2,FALSE,-2,FALSE,-2
"771","GNB",25,31,305,4,0,1,11,52,147,31,111,0,43,30,25,305,4,150,0,1,30,63,33,30,"GNB","SFO",0,0,0,1,0,1,229,2,11,4,60,51,1,229,131,1,"GNB","SFO",34,17,"False","outdoors","grass",78,83,5,-6,"GNB",48,"2020-11-05",FALSE,17,FALSE,17,FALSE,17,FALSE,17,FALSE,17,FALSE,17
"772","SFO",22,35,291,1,1,1,9,47,86,17,55,1,15,34,22,291,1,122,1,0,17,53,36,17,"SFO","GNB",0,0,0,0,0,1,224,6,8,4,36,19,0,223,197,2,"GNB","SFO",34,17,"False","outdoors","grass",78,83,5,-6,"GNB",48,"2020-11-05",TRUE,-17,TRUE,-17,TRUE,-17,TRUE,-17,TRUE,-17,TRUE,-17
"773","DEN",25,48,313,2,1,1,11,41,77,22,103,1,46,45,25,313,2,154,0,6,16,71,55,16,"DEN","ATL",0,0,0,1,0,1,440,13,12,10,87,16,0,431,127,2,"DEN","ATL",27,34,"False","retractable roof (closed)","fieldturf",72,45,0,-4,"ATL",50,"2020-11-08",FALSE,-7,FALSE,-7,FALSE,-7,FALSE,-7,FALSE,-7,FALSE,-7
"774","ATL",25,35,284,3,1,2,13,51,112,32,92,1,38,35,25,284,3,152,0,1,31,69,38,31,"ATL","DEN",0,0,0,0,0,1,336,4,13,5,61,31,2,335,89,1,"DEN","ATL",27,34,"False","retractable roof (closed)","fieldturf",72,45,0,-4,"ATL",50,"2020-11-08",FALSE,7,FALSE,7,FALSE,7,FALSE,7,FALSE,7,FALSE,7
"775","SEA",28,41,390,2,2,5,28,55,94,17,57,2,33,40,28,390,2,216,2,1,16,63,47,16,"SEA","BUF",0,0,0,1,0,1,380,6,18,4,32,25,0,379,145,0,"SEA","BUF",34,44,"False","outdoors","astroturf",69,41,4,-3,"SEA",55,"2020-11-08",TRUE,-10,TRUE,-10,TRUE,-10,TRUE,-10,TRUE,-10,TRUE,-10
"776","BUF",31,38,415,3,0,7,29,39,138,19,34,2,17,38,31,415,3,188,0,3,16,64,48,16,"BUF","SEA",0,0,0,1,0,1,341,6,26,3,16,18,0,341,194,1,"SEA","BUF",34,44,"False","outdoors","astroturf",69,41,4,-3,"SEA",55,"2020-11-08",FALSE,10,FALSE,10,FALSE,10,FALSE,10,FALSE,10,FALSE,10
"777","BAL",19,23,170,0,0,2,14,21,97,38,110,2,21,23,19,170,0,92,1,4,34,63,29,34,"BAL","IND",0,0,0,0,0,0,86,1,8,2,77,33,0,86,104,1,"BAL","IND",24,10,"False","retractable roof (closed)","fieldturf",72,45,0,-1,"IND",47,"2020-11-08",FALSE,14,FALSE,14,FALSE,14,FALSE,14,FALSE,14,FALSE,14
"778","IND",25,44,227,0,1,0,0,21,102,21,112,1,52,40,25,227,0,111,1,0,21,65,44,21,"IND","BAL",0,0,0,0,0,0,270,11,12,5,67,45,3,273,169,1,"BAL","IND",24,10,"False","retractable roof (closed)","fieldturf",72,45,0,-1,"IND",47,"2020-11-08",TRUE,-14,TRUE,-14,TRUE,-14,TRUE,-14,TRUE,-14,TRUE,-14
"779","MIA",20,28,248,2,0,3,27,35,122,25,91,1,43,26,20,248,2,134,0,3,22,56,34,22,"MIA","ARI",0,0,0,0,0,0,229,5,17,0,52,39,2,234,68,0,"MIA","ARI",34,31,"False","retractable roof (closed)","grass",72,45,0,-6,"ARI",49,"2020-11-08",FALSE,3,FALSE,3,FALSE,3,FALSE,3,FALSE,3,FALSE,3
"780","ARI",21,26,283,3,0,1,19,56,150,37,178,1,36,26,21,283,3,154,1,5,32,64,32,32,"ARI","MIA",0,0,0,0,1,1,250,2,15,3,103,75,2,250,52,0,"MIA","ARI",34,31,"False","retractable roof (closed)","grass",72,45,0,-6,"ARI",49,"2020-11-08",FALSE,-3,FALSE,-3,FALSE,-3,FALSE,-3,FALSE,-3,FALSE,-3
"781","PIT",31,45,309,3,0,0,0,44,183,18,46,0,31,45,31,309,3,133,0,1,17,63,46,17,"PIT","DAL",0,0,0,1,0,0,328,9,8,2,34,12,0,327,185,3,"PIT","DAL",24,19,"False","retractable roof (closed)","fieldturf",72,45,0,-14,"PIT",44,"2020-11-08",FALSE,5,FALSE,5,FALSE,5,FALSE,5,FALSE,5,FALSE,5
"782","DAL",21,38,243,1,1,2,23,32,72,31,144,0,53,37,21,243,1,119,1,2,29,71,42,29,"DAL","PIT",0,0,0,0,0,0,348,11,17,10,75,69,3,348,52,0,"PIT","DAL",24,19,"False","retractable roof (closed)","fieldturf",72,45,0,-14,"PIT",44,"2020-11-08",FALSE,-5,FALSE,-5,FALSE,-5,FALSE,-5,FALSE,-5,FALSE,-5
"783","HOU",19,32,281,2,0,2,14,77,109,28,107,1,42,29,19,281,2,186,1,6,22,62,40,22,"HOU","JAX",0,0,0,0,0,1,291,6,20,4,57,50,2,249,194,1,"HOU","JAX",27,25,"False","outdoors","grass",79,71,14,-7,"HOU",49,"2020-11-08",FALSE,2,FALSE,2,FALSE,2,FALSE,2,FALSE,2,FALSE,2
"784","JAX",26,38,304,1,1,2,16,73,90,27,115,2,28,38,26,304,1,147,0,1,26,67,41,26,"JAX","HOU",0,0,0,1,0,1,323,8,14,2,41,74,0,322,135,2,"HOU","JAX",27,25,"False","outdoors","grass",79,71,14,-7,"HOU",49,"2020-11-08",FALSE,-2,FALSE,-2,FALSE,-2,FALSE,-2,FALSE,-2,FALSE,-2
"785","CAR",37,50,338,2,0,2,7,56,222,24,104,2,38,44,37,338,2,133,0,1,23,76,53,23,"CAR","KAN",0,0,0,1,0,1,280,4,16,4,32,72,1,250,199,0,"CAR","KAN",31,33,"False","outdoors","astroturf",71,63,19,-10,"KAN",51,"2020-11-08",FALSE,-2,FALSE,-2,FALSE,-2,FALSE,-2,FALSE,-2,FALSE,-2
"786","KAN",30,45,372,4,0,2,11,44,121,11,36,0,25,44,30,372,4,138,1,1,10,58,48,10,"KAN","CAR",0,0,0,1,0,2,407,10,10,0,14,22,0,407,137,3,"CAR","KAN",31,33,"False","outdoors","astroturf",71,63,19,-10,"KAN",51,"2020-11-08",FALSE,2,FALSE,2,FALSE,2,FALSE,2,FALSE,2,FALSE,2
"787","DET",31,45,305,2,3,2,13,48,150,27,129,0,46,44,31,305,2,135,0,1,26,74,48,26,"DET","MIN",0,0,0,0,0,0,273,7,8,1,108,21,1,273,167,4,"DET","MIN",20,34,"False","dome","sportturf",72,45,0,-3,"MIN",51,"2020-11-08",TRUE,-14,TRUE,-14,TRUE,-14,TRUE,-14,TRUE,-14,TRUE,-14
"788","MIN",13,20,220,3,0,1,8,35,141,34,275,2,88,20,13,220,3,147,0,0,34,55,21,34,"MIN","DET",0,0,0,0,1,0,217,3,6,2,118,157,4,217,114,1,"DET","MIN",20,34,"False","dome","sportturf",72,45,0,-3,"MIN",51,"2020-11-08",FALSE,14,FALSE,14,FALSE,14,FALSE,14,FALSE,14,FALSE,14
"789","CHI",36,52,335,2,0,3,16,34,99,20,56,0,24,47,36,335,2,163,2,1,19,75,56,19,"CHI","TEN",0,0,0,1,0,0,320,6,14,3,29,27,0,306,137,0,"CHI","TEN",17,24,"False","outdoors","grass",77,55,14,-6,"TEN",46,"2020-11-08",FALSE,-7,FALSE,-7,FALSE,-7,FALSE,-7,FALSE,-7,FALSE,-7
"790","TEN",10,21,158,2,0,3,22,40,104,31,92,0,39,21,10,158,2,88,0,1,30,55,25,30,"TEN","CHI",0,0,0,0,0,1,215,3,9,1,23,69,1,215,78,3,"CHI","TEN",17,24,"False","outdoors","grass",77,55,14,-6,"TEN",46,"2020-11-08",FALSE,7,FALSE,7,FALSE,7,FALSE,7,FALSE,7,FALSE,7
"791","LVR",13,23,165,2,0,1,5,53,108,26,160,2,62,23,13,165,2,134,1,2,24,50,26,24,"LVR","LAC",0,0,0,0,0,0,281,3,6,1,99,61,1,281,56,1,"LVR","LAC",31,26,"False","dome","matrixturf",72,45,0,-1,"LVR",52,"2020-11-08",FALSE,5,FALSE,5,FALSE,5,FALSE,5,FALSE,5,FALSE,5
"792","LAC",28,42,326,2,0,2,14,50,105,31,128,1,42,41,28,326,2,147,0,3,28,75,47,28,"LAC","LVR",0,0,0,1,0,1,309,7,5,5,73,55,0,308,131,1,"LVR","LAC",31,26,"False","dome","matrixturf",72,45,0,-1,"LVR",52,"2020-11-08",FALSE,-5,FALSE,-5,FALSE,-5,FALSE,-5,FALSE,-5,FALSE,-5
"793","NOR",29,35,282,4,0,1,0,81,370,37,138,1,61,34,29,282,4,195,2,1,36,73,37,36,"NOR","TAM",0,0,0,0,0,0,179,3,18,2,82,56,1,186,123,1,"NOR","TAM",38,3,"False","outdoors","grass",77,76,17,-3,"TAM",51,"2020-11-08",FALSE,35,FALSE,35,FALSE,35,FALSE,35,FALSE,35,FALSE,35
"794","TAM",22,38,209,0,3,3,23,22,40,5,8,0,6,37,22,209,0,105,0,0,5,46,41,5,"TAM","NOR",0,0,0,0,0,0,365,8,12,6,4,4,0,365,80,2,"NOR","TAM",38,3,"False","outdoors","grass",77,76,17,-3,"TAM",51,"2020-11-08",TRUE,-35,TRUE,-35,TRUE,-35,TRUE,-35,TRUE,-35,TRUE,-35
"795","NYG",23,34,212,1,0,5,28,50,94,35,166,1,64,33,23,212,1,132,0,0,35,74,39,35,"NYG","WAS",0,0,0,0,0,0,181,6,19,3,48,118,1,161,90,3,"NYG","WAS",23,20,"False","outdoors","grass",75,49,1,-3,"WAS",43,"2020-11-08",FALSE,3,FALSE,3,FALSE,3,FALSE,3,FALSE,3,FALSE,3
"796","WAS",29,39,387,1,3,2,22,89,176,9,37,1,21,39,29,387,1,178,2,0,9,50,41,9,"WAS","NYG",0,0,0,1,0,2,147,4,11,3,22,15,0,146,277,1,"NYG","WAS",23,20,"False","outdoors","grass",75,49,1,-3,"WAS",43,"2020-11-08",FALSE,-3,FALSE,-3,FALSE,-3,FALSE,-3,FALSE,-3,FALSE,-3
"797","NYJ",18,25,262,3,1,1,5,50,128,18,65,0,22,24,18,262,3,151,0,0,18,44,26,18,"NYJ","NWE",0,0,0,0,0,1,315,4,12,0,30,35,3,309,97,0,"NWE","NYJ",30,27,"False","outdoors","fieldturf ",61,72,2,-9,"NWE",42,"2020-11-09",FALSE,-3,FALSE,-3,FALSE,-3,FALSE,-3,FALSE,-3,FALSE,-3
"798","NWE",27,35,274,0,0,0,0,33,99,41,159,3,52,34,27,274,0,85,0,1,40,76,36,40,"NWE","NYJ",0,0,0,0,0,1,281,5,23,1,105,54,6,281,106,0,"NWE","NYJ",30,27,"False","outdoors","fieldturf ",61,72,2,-9,"NWE",42,"2020-11-09",FALSE,3,FALSE,3,FALSE,3,FALSE,3,FALSE,3,FALSE,3
"799","IND",29,39,308,1,0,1,11,40,105,29,133,2,59,36,29,308,1,143,0,0,29,69,40,29,"IND","TEN",0,0,0,1,0,1,192,3,6,1,61,72,4,191,205,1,"IND","TEN",34,17,"False","outdoors","grass",56,46,6,-1,"IND",49,"2020-11-12",FALSE,17,FALSE,17,FALSE,17,FALSE,17,FALSE,17,FALSE,17
"800","TEN",15,27,147,1,0,1,10,21,83,32,157,1,50,27,15,147,1,91,0,2,30,60,30,30,"TEN","IND",0,0,0,0,1,0,197,7,4,2,55,102,3,196,76,1,"IND","TEN",34,17,"False","outdoors","grass",56,46,6,-1,"IND",49,"2020-11-12",TRUE,-17,TRUE,-17,TRUE,-17,TRUE,-17,TRUE,-17,TRUE,-17
"801","CAR",20,28,148,2,1,3,26,55,154,16,65,1,29,28,20,148,2,74,0,3,13,47,34,13,"CAR","TAM",0,0,0,0,0,0,195,5,10,2,36,29,1,195,79,1,"TAM","CAR",46,23,"False","outdoors","grass",65,90,15,-6,"TAM",49,"2020-11-15",TRUE,-23,TRUE,-23,TRUE,-23,TRUE,-23,TRUE,-23,TRUE,-23
"802","TAM",28,39,341,3,0,1,7,44,124,37,210,2,110,38,28,341,3,159,1,1,36,77,41,36,"TAM","CAR",0,0,0,1,1,0,324,9,14,5,64,146,0,314,168,1,"TAM","CAR",46,23,"False","outdoors","grass",65,90,15,-6,"TAM",49,"2020-11-15",FALSE,23,FALSE,23,FALSE,23,FALSE,23,FALSE,23,FALSE,23
"803","HOU",20,30,163,1,0,2,10,29,91,22,90,0,32,28,20,163,1,91,0,2,20,54,34,20,"HOU","CLE",0,0,0,0,0,0,180,7,13,1,79,11,1,184,92,0,"HOU","CLE",7,10,"False","outdoors","grass",59,66,25,-4,"CLE",46,"2020-11-15",FALSE,-3,FALSE,-3,FALSE,-3,FALSE,-3,FALSE,-3,FALSE,-3
"804","CLE",12,20,132,0,0,1,7,21,79,41,231,1,81,19,12,132,0,72,0,1,40,62,22,40,"CLE","HOU",0,0,0,0,2,0,165,6,8,1,189,42,4,165,55,0,"HOU","CLE",7,10,"False","outdoors","grass",59,66,25,-4,"CLE",46,"2020-11-15",FALSE,3,FALSE,3,FALSE,3,FALSE,3,FALSE,3,FALSE,3
"805","BUF",33,50,296,3,2,0,0,43,233,18,73,0,42,45,33,296,3,90,0,1,17,68,51,17,"BUF","ARI",0,0,0,0,0,1,343,8,27,6,41,32,1,303,166,3,"BUF","ARI",30,32,"False","retractable roof (closed)","grass",72,45,0,-3,"ARI",56,"2020-11-15",FALSE,-2,FALSE,-2,FALSE,-2,FALSE,-2,FALSE,-2,FALSE,-2
"806","ARI",22,32,245,1,1,3,9,43,88,35,217,2,73,32,22,245,1,106,1,5,30,70,40,30,"ARI","BUF",0,0,0,0,1,1,231,4,15,1,99,118,3,230,96,1,"BUF","ARI",30,32,"False","retractable roof (closed)","grass",72,45,0,-3,"ARI",56,"2020-11-15",FALSE,2,FALSE,2,FALSE,2,FALSE,2,FALSE,2,FALSE,2
"807","WAS",38,55,390,0,0,2,15,27,89,26,89,3,55,52,38,390,0,146,1,1,25,83,58,25,"WAS","DET",0,0,0,1,0,0,324,13,4,9,35,54,1,314,197,1,"WAS","DET",27,30,"False","dome","fieldturf",72,45,0,-2,"DET",45,"2020-11-15",FALSE,-3,FALSE,-3,FALSE,-3,FALSE,-3,FALSE,-3,FALSE,-3
"808","DET",24,33,276,3,0,1,9,55,127,21,105,0,33,32,24,276,3,148,0,0,21,55,34,21,"DET","WAS",0,0,0,0,0,0,218,6,11,4,55,50,0,214,146,2,"WAS","DET",27,30,"False","dome","fieldturf",72,45,0,-2,"DET",45,"2020-11-15",FALSE,3,FALSE,3,FALSE,3,FALSE,3,FALSE,3,FALSE,3
"809","JAX",18,35,169,1,1,3,18,21,62,23,109,0,20,34,18,169,1,67,0,0,23,61,38,23,"JAX","GNB",0,1,0,0,1,0,207,10,13,4,48,61,0,191,92,2,"JAX","GNB",20,24,"False","outdoors","grass",38,76,23,-13,"GNB",47,"2020-11-15",FALSE,-4,FALSE,-4,FALSE,-4,FALSE,-4,FALSE,-4,FALSE,-4
"810","GNB",24,34,325,2,1,1,10,78,108,25,80,1,32,33,24,325,2,152,1,1,24,60,36,24,"GNB","JAX",0,0,0,1,0,1,212,4,10,2,48,32,0,198,237,2,"JAX","GNB",20,24,"False","outdoors","grass",38,76,23,-13,"GNB",47,"2020-11-15",FALSE,4,FALSE,4,FALSE,4,FALSE,4,FALSE,4,FALSE,4
"811","LAC",20,32,187,2,1,2,13,28,86,29,99,1,26,32,20,187,2,107,0,2,27,63,36,27,"LAC","MIA",0,0,0,0,0,0,229,6,15,1,59,40,0,229,132,0,"LAC","MIA",21,29,"False","outdoors","grass",83,73,7,-1,"MIA",49,"2020-11-15",FALSE,-8,FALSE,-8,FALSE,-8,FALSE,-8,FALSE,-8,FALSE,-8
"812","MIA",15,25,169,2,0,0,0,23,106,32,111,1,46,24,15,169,2,106,0,1,31,57,26,31,"MIA","LAC",0,0,0,0,0,0,266,5,10,0,71,40,1,261,44,1,"LAC","MIA",21,29,"False","outdoors","grass",83,73,7,-1,"MIA",49,"2020-11-15",FALSE,8,FALSE,8,FALSE,8,FALSE,8,FALSE,8,FALSE,8
"813","SFO",24,39,247,1,2,2,15,27,108,25,49,0,20,39,24,247,1,136,1,1,24,66,42,24,"SFO","NOR",0,0,0,0,0,0,264,8,18,4,18,31,0,264,121,0,"SFO","NOR",13,27,"False","dome","astroturf",72,45,0,-9,"NOR",50,"2020-11-15",TRUE,-14,TRUE,-14,TRUE,-14,TRUE,-14,TRUE,-14,TRUE,-14
"814","NOR",14,23,139,1,0,3,16,53,181,30,114,2,38,23,14,139,1,65,2,1,29,56,27,29,"NOR","SFO",0,0,0,0,0,0,103,6,7,1,60,54,1,102,116,0,"SFO","NOR",13,27,"False","dome","astroturf",72,45,0,-9,"NOR",50,"2020-11-15",FALSE,14,FALSE,14,FALSE,14,FALSE,14,FALSE,14,FALSE,14
"815","BAL",24,34,249,2,1,2,7,31,98,28,115,0,31,34,24,249,2,119,0,4,24,64,40,24,"BAL","NWE",0,0,0,0,0,0,259,4,2,10,76,39,3,258,145,3,"BAL","NWE",17,23,"False","outdoors","grass",52,81,13,-7,"BAL",44,"2020-11-15",FALSE,-6,FALSE,-6,FALSE,-6,FALSE,-6,FALSE,-6,FALSE,-6
"816","NWE",14,18,142,2,0,1,7,50,272,39,173,1,42,17,14,142,2,86,0,0,39,58,19,39,"NWE","BAL",0,0,0,0,1,0,106,2,13,4,102,71,2,103,66,1,"BAL","NWE",17,23,"False","outdoors","grass",52,81,13,-7,"BAL",44,"2020-11-15",FALSE,6,FALSE,6,FALSE,6,FALSE,6,FALSE,6,FALSE,6
"817","PHI",21,37,208,0,0,3,18,22,72,23,156,2,78,36,21,208,0,94,0,1,22,63,41,22,"PHI","NYG",1,0,0,0,0,0,338,8,16,1,106,50,4,327,79,3,"PHI","NYG",17,27,"False","outdoors","fieldturf ",56,60,18,-5,"PHI",46,"2020-11-15",TRUE,-10,TRUE,-10,TRUE,-10,TRUE,-10,TRUE,-10,TRUE,-10
"818","NYG",21,28,244,0,0,3,13,40,100,36,151,3,61,28,21,244,0,160,0,2,34,67,33,34,"NYG","PHI",0,0,0,0,0,0,237,4,9,1,103,48,1,237,59,2,"PHI","NYG",17,27,"False","outdoors","fieldturf ",56,60,18,-5,"PHI",46,"2020-11-15",FALSE,10,FALSE,10,FALSE,10,FALSE,10,FALSE,10,FALSE,10
"819","CIN",21,40,213,1,0,4,28,54,76,21,139,0,73,38,21,213,1,122,1,0,21,65,44,21,"CIN","PIT",0,0,0,0,0,1,343,10,17,3,94,45,0,341,107,3,"CIN","PIT",10,36,"False","outdoors","grass",52,82,21,-6,"PIT",46,"2020-11-15",TRUE,-26,TRUE,-26,TRUE,-26,TRUE,-26,TRUE,-26,TRUE,-26
"820","PIT",27,46,333,4,0,0,0,46,110,20,44,0,23,46,27,333,4,137,0,0,20,66,46,20,"PIT","CIN",0,0,0,1,0,1,431,12,17,1,14,30,2,430,152,3,"CIN","PIT",10,36,"False","outdoors","grass",52,82,21,-6,"PIT",46,"2020-11-15",FALSE,26,FALSE,26,FALSE,26,FALSE,26,FALSE,26,FALSE,26
"821","LVR",16,25,154,0,0,0,0,25,81,41,203,4,56,22,16,154,0,115,0,2,39,66,27,39,"LVR","DEN",0,0,0,0,1,0,219,3,5,2,120,83,6,213,64,2,"DEN","LVR",12,37,"False","dome","grass",72,45,0,-3,"LVR",50,"2020-11-15",FALSE,25,FALSE,25,FALSE,25,FALSE,25,FALSE,25,FALSE,25
"822","DEN",23,47,257,1,4,2,10,27,37,19,66,0,29,45,23,257,1,124,1,0,19,68,49,19,"DEN","LVR",0,0,0,0,0,0,397,11,13,7,28,38,7,393,64,6,"DEN","LVR",12,37,"False","dome","grass",72,45,0,-3,"LVR",50,"2020-11-15",TRUE,-25,TRUE,-25,TRUE,-25,TRUE,-25,TRUE,-25,TRUE,-25
"823","SEA",22,37,248,0,2,6,28,39,57,22,113,1,35,35,22,248,0,161,1,7,15,65,50,15,"SEA","LAR",0,0,0,0,0,0,367,8,13,3,85,28,0,346,143,1,"SEA","LAR",16,23,"False","dome","matrixturf",72,45,0,-3,"LAR",55,"2020-11-15",FALSE,-7,FALSE,-7,FALSE,-7,FALSE,-7,FALSE,-7,FALSE,-7
"824","LAR",27,37,302,0,0,3,19,39,96,29,106,3,53,36,27,302,0,146,1,2,27,69,42,27,"LAR","SEA",0,0,0,1,0,0,277,4,21,3,63,43,2,277,162,3,"SEA","LAR",16,23,"False","dome","matrixturf",72,45,0,-3,"LAR",55,"2020-11-15",FALSE,7,FALSE,7,FALSE,7,FALSE,7,FALSE,7,FALSE,7
"825","MIN",25,36,292,2,1,1,6,54,100,33,99,0,17,32,25,292,2,131,1,0,33,70,37,33,"MIN","CHI",0,0,0,0,0,1,296,3,7,2,55,44,5,240,147,3,"MIN","CHI",19,13,"False","outdoors","grass",44,59,11,-3,"MIN",44,"2020-11-16",FALSE,6,FALSE,6,FALSE,6,FALSE,6,FALSE,6,FALSE,6
"826","CHI",16,31,124,0,1,2,16,42,93,17,41,0,14,29,16,124,0,90,0,1,16,50,34,16,"CHI","MIN",0,1,0,0,0,0,231,10,13,0,23,18,2,236,59,0,"MIN","CHI",19,13,"False","outdoors","grass",44,59,11,-3,"MIN",44,"2020-11-16",FALSE,-6,FALSE,-6,FALSE,-6,FALSE,-6,FALSE,-6,FALSE,-6
"827","ARI",29,42,269,2,0,3,12,25,102,18,57,1,31,39,29,269,2,127,0,2,16,63,47,16,"ARI","SEA",0,0,0,0,0,0,284,6,16,8,32,25,2,267,136,0,"ARI","SEA",21,28,"False","outdoors","fieldturf",48,74,11,-3,"SEA",56,"2020-11-19",FALSE,-7,FALSE,-7,FALSE,-7,FALSE,-7,FALSE,-7,FALSE,-7
"828","SEA",23,28,197,2,0,3,15,25,119,31,165,1,52,27,23,197,2,88,0,7,24,62,38,24,"SEA","ARI",0,0,0,0,0,0,188,1,10,5,92,73,6,169,101,3,"ARI","SEA",21,28,"False","outdoors","fieldturf",48,74,11,-3,"SEA",56,"2020-11-19",FALSE,7,FALSE,7,FALSE,7,FALSE,7,FALSE,7,FALSE,7
"829","CAR",24,35,258,1,2,1,0,52,117,34,116,1,45,35,24,258,1,95,0,0,34,70,36,34,"CAR","DET",0,0,0,0,0,1,235,6,14,2,59,57,1,234,123,3,"DET","CAR",0,20,"False","outdoors","grass",65,67,7,-3,"DET",47,"2020-11-22",FALSE,20,FALSE,20,FALSE,20,FALSE,20,FALSE,20,FALSE,20
"830","DET",18,33,178,0,0,5,33,35,70,17,40,0,18,32,18,178,0,93,0,1,16,55,39,16,"DET","CAR",0,0,0,0,0,0,192,5,13,3,19,21,0,192,93,4,"DET","CAR",0,20,"False","outdoors","grass",65,67,7,-3,"DET",47,"2020-11-22",TRUE,-20,TRUE,-20,TRUE,-20,TRUE,-20,TRUE,-20,TRUE,-20
"831","PHI",21,35,235,2,2,5,26,32,75,25,106,0,33,34,21,235,2,114,1,0,25,65,40,25,"PHI","CLE",0,0,0,0,0,0,244,5,8,3,66,40,1,247,105,0,"PHI","CLE",17,22,"False","outdoors","grass",38,88,8,-2,"CLE",45,"2020-11-22",FALSE,-5,FALSE,-5,FALSE,-5,FALSE,-5,FALSE,-5,FALSE,-5
"832","CLE",12,22,204,0,0,3,17,43,86,40,137,1,70,18,12,204,0,129,1,0,40,65,25,40,"CLE","PHI",0,0,0,0,1,0,260,5,7,3,48,89,6,260,42,1,"PHI","CLE",17,22,"False","outdoors","grass",38,88,8,-2,"CLE",45,"2020-11-22",FALSE,5,FALSE,5,FALSE,5,FALSE,5,FALSE,5,FALSE,5
"833","GNB",27,38,311,3,1,1,10,47,110,18,66,1,28,35,27,311,3,176,2,2,16,57,41,16,"GNB","IND",0,0,0,1,0,1,297,6,5,2,55,11,1,288,134,1,"GNB","IND",31,34,"True","retractable roof (closed)","fieldturf",72,45,0,-1,"IND",52,"2020-11-22",FALSE,-3,FALSE,-3,FALSE,-3,FALSE,-3,FALSE,-3,FALSE,-3
"834","IND",24,36,288,3,1,1,8,45,107,37,140,0,53,35,24,288,3,171,1,0,37,74,37,37,"IND","GNB",1,0,0,0,0,0,263,2,8,2,83,57,2,259,164,0,"GNB","IND",31,34,"True","retractable roof (closed)","fieldturf",72,45,0,-1,"IND",52,"2020-11-22",FALSE,3,FALSE,3,FALSE,3,FALSE,3,FALSE,3,FALSE,3
"835","MIA",23,38,200,1,1,6,33,38,143,17,56,0,26,37,23,200,1,111,0,1,16,61,45,16,"MIA","DEN",0,0,0,0,0,0,304,6,16,4,54,2,0,312,79,3,"MIA","DEN",13,20,"False","outdoors","grass",45,19,7,-4,"MIA",46,"2020-11-22",FALSE,-7,FALSE,-7,FALSE,-7,FALSE,-7,FALSE,-7,FALSE,-7
"836","DEN",18,30,270,0,1,0,0,61,75,33,189,2,59,30,18,270,0,143,1,1,32,63,31,32,"DEN","MIA",0,0,0,0,0,1,329,8,13,3,149,40,1,329,140,0,"MIA","DEN",13,20,"False","outdoors","grass",45,19,7,-4,"MIA",46,"2020-11-22",FALSE,7,FALSE,7,FALSE,7,FALSE,7,FALSE,7,FALSE,7
"837","NWE",26,40,365,1,0,2,16,50,102,24,86,1,37,38,26,365,1,192,0,0,24,66,42,24,"NWE","HOU",0,0,0,1,0,1,239,6,18,11,64,22,2,239,193,1,"NWE","HOU",20,27,"False","retractable roof (closed)","grass",72,45,0,-2,"NWE",49,"2020-11-22",FALSE,-7,FALSE,-7,FALSE,-7,FALSE,-7,FALSE,-7,FALSE,-7
"838","HOU",28,37,344,2,0,0,0,44,121,19,55,1,17,37,28,344,2,148,0,6,13,56,43,13,"HOU","NWE",0,0,0,1,0,0,314,5,4,8,44,11,1,314,167,2,"NWE","HOU",20,27,"False","retractable roof (closed)","grass",72,45,0,-2,"NWE",49,"2020-11-22",FALSE,7,FALSE,7,FALSE,7,FALSE,7,FALSE,7,FALSE,7
"839","PIT",32,46,267,2,1,0,0,31,89,27,106,1,33,46,32,267,2,122,0,0,27,73,46,27,"PIT","JAX",0,0,0,0,0,1,372,8,19,0,40,66,2,371,111,1,"PIT","JAX",27,3,"False","outdoors","grass",72,84,3,-11,"PIT",47,"2020-11-22",FALSE,24,FALSE,24,FALSE,24,FALSE,24,FALSE,24,FALSE,24
"840","JAX",16,37,151,0,4,2,18,19,15,17,73,0,18,33,16,151,0,97,0,0,17,56,39,17,"JAX","PIT",0,0,0,0,0,0,335,12,17,4,37,36,0,308,59,1,"PIT","JAX",27,3,"False","outdoors","grass",72,84,3,-11,"PIT",47,"2020-11-22",TRUE,-24,TRUE,-24,TRUE,-24,TRUE,-24,TRUE,-24,TRUE,-24
"841","MIN",22,30,314,3,0,2,9,51,140,29,125,1,26,28,22,314,3,149,2,1,28,61,33,28,"MIN","DAL",0,0,0,1,1,1,262,4,12,5,80,45,3,260,136,2,"DAL","MIN",31,28,"False","dome","sportturf",72,45,0,-7,"MIN",49,"2020-11-22",FALSE,-3,FALSE,-3,FALSE,-3,FALSE,-3,FALSE,-3,FALSE,-3
"842","DAL",22,32,203,3,1,1,7,32,104,31,180,1,73,31,22,203,3,111,0,1,30,64,34,30,"DAL","MIN",1,0,0,0,1,0,206,3,8,1,104,76,0,201,80,3,"DAL","MIN",31,28,"False","dome","sportturf",72,45,0,-7,"MIN",49,"2020-11-22",FALSE,3,FALSE,3,FALSE,3,FALSE,3,FALSE,3,FALSE,3
"843","NOR",18,23,233,0,0,3,23,44,108,36,166,3,64,23,18,233,0,119,1,4,32,62,30,32,"NOR","ATL",0,0,0,0,0,1,142,1,8,2,121,45,2,141,103,2,"ATL","NOR",9,24,"False","dome","astroturf",72,45,0,-3,"NOR",49,"2020-11-22",FALSE,15,FALSE,15,FALSE,15,FALSE,15,FALSE,15,FALSE,15
"844","ATL",19,37,232,0,2,8,36,46,48,14,52,0,22,34,19,232,0,127,0,0,14,59,45,14,"ATL","NOR",0,0,0,0,0,0,401,7,20,2,30,22,1,354,52,3,"ATL","NOR",9,24,"False","dome","astroturf",72,45,0,-3,"NOR",49,"2020-11-22",TRUE,-15,TRUE,-15,TRUE,-15,TRUE,-15,TRUE,-15,TRUE,-15
"845","LVR",23,31,275,3,1,0,0,29,119,26,89,1,36,29,23,275,3,138,0,2,24,57,33,24,"LVR","KAN",0,0,0,0,0,0,237,2,10,3,60,29,0,225,155,3,"KAN","LVR",35,31,"False","dome","grass",72,45,0,-7,"KAN",56,"2020-11-22",FALSE,-4,FALSE,-4,FALSE,-4,FALSE,-4,FALSE,-4,FALSE,-4
"846","KAN",35,46,352,2,1,0,0,26,186,27,108,3,39,44,35,352,2,115,0,2,25,73,48,25,"KAN","LVR",0,0,0,1,0,2,349,3,9,1,65,43,0,328,138,2,"KAN","LVR",35,31,"False","dome","grass",72,45,0,-7,"KAN",56,"2020-11-22",FALSE,4,FALSE,4,FALSE,4,FALSE,4,FALSE,4,FALSE,4
"847","TEN",23,32,266,2,1,2,16,57,199,34,173,1,55,32,23,266,2,126,0,2,32,68,36,32,"TEN","BAL",1,0,0,0,1,1,200,7,19,2,63,110,1,200,139,1,"TEN","BAL",30,24,"True","outdoors","grass",53,67,6,-6,"BAL",50,"2020-11-22",FALSE,6,FALSE,6,FALSE,6,FALSE,6,FALSE,6,FALSE,6
"848","BAL",17,29,186,1,1,1,9,31,74,33,129,1,30,28,17,186,1,89,0,3,30,63,33,30,"BAL","TEN",2,0,0,0,0,0,288,3,5,2,77,52,0,278,104,2,"TEN","BAL",30,24,"True","outdoors","grass",53,67,6,-6,"BAL",50,"2020-11-22",FALSE,-6,FALSE,-6,FALSE,-6,FALSE,-6,FALSE,-6,FALSE,-6
"849","LAC",37,49,366,3,0,3,19,54,116,26,29,0,6,48,37,366,3,167,1,2,24,78,54,24,"LAC","NYJ",0,0,0,1,0,1,328,7,20,7,-11,40,0,309,170,2,"NYJ","LAC",28,34,"False","dome","matrixturf",72,45,0,-10,"LAC",47,"2020-11-22",FALSE,6,FALSE,6,FALSE,6,FALSE,6,FALSE,6,FALSE,6
"850","NYJ",15,30,205,2,1,1,9,49,80,24,96,2,27,28,15,205,2,142,0,1,23,55,32,23,"NYJ","LAC",0,0,0,0,0,0,381,7,6,3,71,25,0,364,47,1,"NYJ","LAC",28,34,"False","dome","matrixturf",72,45,0,-10,"LAC",47,"2020-11-22",FALSE,-6,FALSE,-6,FALSE,-6,FALSE,-6,FALSE,-6,FALSE,-6
"851","WAS",17,25,166,1,1,2,5,42,83,34,164,1,45,24,17,166,1,95,0,0,34,61,27,34,"WAS","CIN",0,0,0,0,0,0,143,3,9,1,100,64,2,138,97,1,"CIN","WAS",9,20,"False","outdoors","grass",57,63,7,-2,"WAS",48,"2020-11-22",FALSE,11,FALSE,11,FALSE,11,FALSE,11,FALSE,11,FALSE,11
"852","CIN",25,44,233,1,1,4,31,39,90,18,70,0,46,44,25,233,1,106,1,2,16,66,50,16,"CIN","WAS",0,0,0,0,0,0,421,9,24,3,43,27,0,420,89,3,"CIN","WAS",9,20,"False","outdoors","grass",57,63,7,-2,"WAS",48,"2020-11-22",TRUE,-11,TRUE,-11,TRUE,-11,TRUE,-11,TRUE,-11,TRUE,-11
"853","LAR",39,51,376,3,2,0,0,37,99,20,37,0,31,49,39,376,3,139,0,0,20,71,51,20,"LAR","TAM",0,0,0,1,0,2,265,6,20,3,16,21,0,255,200,2,"LAR","TAM",27,24,"False","outdoors","grass",69,65,5,-4,"TAM",47,"2020-11-23",FALSE,3,FALSE,3,FALSE,3,FALSE,3,FALSE,3,FALSE,3
"854","TAM",26,48,216,2,2,1,7,18,62,18,42,1,13,47,26,216,2,77,0,0,18,67,49,18,"TAM","LAR",0,0,0,0,0,0,420,13,9,0,27,15,0,419,83,4,"LAR","TAM",27,24,"False","outdoors","grass",69,65,5,-4,"TAM",47,"2020-11-23",FALSE,-3,FALSE,-3,FALSE,-3,FALSE,-3,FALSE,-3,FALSE,-3
"855","WAS",20,27,177,1,1,3,21,48,202,36,182,3,64,24,20,177,1,76,0,1,35,66,31,35,"WAS","DAL",0,0,0,0,1,0,120,0,9,3,128,54,1,114,82,1,"WAS","DAL",41,16,"False","retractable roof (closed)","fieldturf",72,45,0,-2,"DAL",46,"2020-11-26",FALSE,25,FALSE,25,FALSE,25,FALSE,25,FALSE,25,FALSE,25
"856","DAL",25,35,215,1,1,4,28,54,84,18,60,0,23,34,25,215,1,102,1,2,16,57,41,16,"DAL","WAS",0,0,0,0,0,1,209,4,17,0,25,35,1,208,72,2,"WAS","DAL",41,16,"False","retractable roof (closed)","fieldturf",72,45,0,-2,"DAL",46,"2020-11-26",TRUE,-25,TRUE,-25,TRUE,-25,TRUE,-25,TRUE,-25,TRUE,-25
"857","HOU",17,25,318,4,0,2,11,40,150,23,77,0,31,23,17,318,4,111,1,3,20,50,30,20,"HOU","DET",2,0,0,1,0,1,319,2,6,6,60,17,1,282,115,1,"HOU","DET",41,25,"False","dome","fieldturf",72,45,0,-3,"HOU",52,"2020-11-26",FALSE,16,FALSE,16,FALSE,16,FALSE,16,FALSE,16,FALSE,16
"858","DET",28,43,295,1,1,4,16,51,124,29,109,2,35,42,28,295,1,146,2,1,28,76,48,28,"DET","HOU",2,0,0,0,0,0,348,5,22,4,69,40,3,330,162,2,"HOU","DET",41,25,"False","dome","fieldturf",72,45,0,-3,"HOU",52,"2020-11-26",TRUE,-16,TRUE,-16,TRUE,-16,TRUE,-16,TRUE,-16,TRUE,-16
"859","LVR",25,39,240,0,1,5,37,48,143,14,40,0,27,37,25,240,0,109,4,1,13,58,45,13,"LVR","ATL",0,0,0,0,0,0,253,8,17,6,22,18,0,243,141,1,"LVR","ATL",6,43,"False","retractable roof (closed)","fieldturf",72,45,0,-3,"LVR",53,"2020-11-29",TRUE,-37,TRUE,-37,TRUE,-37,TRUE,-37,TRUE,-37,TRUE,-37
"860","ATL",22,39,185,2,1,1,6,17,75,32,125,1,54,37,22,185,2,95,0,1,31,72,41,31,"ATL","LVR",0,0,0,0,0,0,221,7,10,5,63,62,0,220,100,2,"LVR","ATL",6,43,"False","retractable roof (closed)","fieldturf",72,45,0,-3,"LVR",53,"2020-11-29",FALSE,37,FALSE,37,FALSE,37,FALSE,37,FALSE,37,FALSE,37
"861","LAC",31,52,316,1,1,3,25,55,75,24,76,1,47,51,31,316,1,126,0,0,24,79,55,24,"LAC","BUF",2,0,0,1,0,0,312,8,28,5,51,25,0,310,150,4,"LAC","BUF",17,27,"False","outdoors","astroturf",48,52,7,-4,"BUF",51,"2020-11-29",TRUE,-10,TRUE,-10,TRUE,-10,TRUE,-10,TRUE,-10,TRUE,-10
"862","BUF",19,25,177,2,1,3,17,64,246,30,172,1,65,24,19,177,2,93,2,1,29,58,29,29,"BUF","LAC",0,0,0,0,0,0,106,3,7,0,91,81,1,117,74,0,"LAC","BUF",17,27,"False","outdoors","astroturf",48,52,7,-4,"BUF",51,"2020-11-29",FALSE,10,FALSE,10,FALSE,10,FALSE,10,FALSE,10,FALSE,10
"863","CIN",17,29,136,1,1,2,21,18,67,15,40,0,20,27,17,136,1,79,2,2,13,46,33,13,"CIN","NYG",0,0,0,0,0,0,202,4,5,1,26,14,1,202,78,2,"NYG","CIN",19,17,"False","outdoors","grass",52,50,4,-6,"NYG",45,"2020-11-29",FALSE,-2,FALSE,-2,FALSE,-2,FALSE,-2,FALSE,-2,FALSE,-2
"864","NYG",22,38,244,0,0,0,0,68,188,42,142,1,45,37,22,244,0,104,1,5,37,80,43,37,"NYG","CIN",0,0,0,0,0,1,316,7,13,1,70,72,2,319,64,2,"NYG","CIN",19,17,"False","outdoors","grass",52,50,4,-6,"NYG",45,"2020-11-29",FALSE,2,FALSE,2,FALSE,2,FALSE,2,FALSE,2,FALSE,2
"865","TEN",13,22,221,1,0,1,1,69,108,45,229,4,55,20,13,221,1,138,0,0,45,68,23,45,"TEN","IND",0,1,0,0,1,0,153,4,7,5,127,102,3,128,118,0,"TEN","IND",45,26,"False","retractable roof (closed)","fieldturf",72,45,0,-3,"IND",51,"2020-11-29",FALSE,19,FALSE,19,FALSE,19,FALSE,19,FALSE,19,FALSE,19
"866","IND",24,44,295,2,1,2,15,50,124,21,56,2,25,42,24,295,2,158,0,1,20,67,47,20,"IND","TEN",0,0,0,0,0,0,339,13,12,4,38,18,0,330,164,1,"TEN","IND",45,26,"False","retractable roof (closed)","fieldturf",72,45,0,-3,"IND",51,"2020-11-29",TRUE,-19,TRUE,-19,TRUE,-19,TRUE,-19,TRUE,-19,TRUE,-19
"867","DEN",1,9,13,0,2,1,1,13,0,33,100,0,49,8,1,13,0,13,0,1,32,43,11,32,"DEN","NOR",0,0,0,0,0,0,134,4,5,1,35,65,1,131,16,0,"NOR","DEN",31,3,"False","outdoors","grass",38,33,6,-17,"NOR",36,"2020-11-29",TRUE,-28,TRUE,-28,TRUE,-28,TRUE,-28,TRUE,-28,TRUE,-28
"868","NOR",9,16,78,0,1,3,15,24,43,44,229,4,73,14,9,78,0,52,0,2,42,63,21,42,"NOR","DEN",0,0,0,0,1,0,105,3,3,4,177,52,0,102,46,0,"NOR","DEN",31,3,"False","outdoors","grass",38,33,6,-17,"NOR",36,"2020-11-29",FALSE,28,FALSE,28,FALSE,28,FALSE,28,FALSE,28,FALSE,28
"869","CHI",26,46,242,3,2,3,13,20,74,16,121,0,74,44,26,242,3,102,1,1,15,65,50,15,"CHI","GNB",2,0,0,0,1,0,400,10,7,3,76,45,0,379,94,1,"CHI","GNB",25,41,"False","outdoors","grass",37,59,13,-7,"GNB",44,"2020-11-29",TRUE,-16,TRUE,-16,TRUE,-16,TRUE,-16,TRUE,-16,TRUE,-16
"870","GNB",21,29,211,4,0,0,0,39,132,39,182,1,50,29,21,211,4,102,0,2,37,68,31,37,"GNB","CHI",0,0,0,0,0,0,244,3,11,2,100,82,2,244,122,2,"CHI","GNB",25,41,"False","outdoors","grass",37,59,13,-7,"GNB",44,"2020-11-29",FALSE,16,FALSE,16,FALSE,16,FALSE,16,FALSE,16,FALSE,16
"871","JAX",20,35,235,2,0,0,0,46,96,25,140,1,37,33,20,235,2,111,0,1,24,60,36,24,"JAX","CLE",0,0,0,0,1,0,354,7,8,0,66,74,5,356,117,1,"CLE","JAX",27,25,"False","outdoors","grass",70,83,1,-7,"CLE",48,"2020-11-29",FALSE,-2,FALSE,-2,FALSE,-2,FALSE,-2,FALSE,-2,FALSE,-2
"872","CLE",19,29,258,2,0,2,6,27,116,33,207,1,60,27,19,258,2,106,1,1,32,64,32,32,"CLE","JAX",0,0,0,0,1,1,235,7,10,2,106,101,6,208,117,0,"CLE","JAX",27,25,"False","outdoors","grass",70,83,1,-7,"CLE",48,"2020-11-29",FALSE,2,FALSE,2,FALSE,2,FALSE,2,FALSE,2,FALSE,2
"873","CAR",19,36,267,1,1,0,0,41,74,28,107,0,49,32,19,267,1,127,0,2,26,64,38,26,"CAR","MIN",0,0,0,0,0,0,303,4,9,3,48,59,3,296,135,2,"CAR","MIN",27,28,"False","dome","sportturf",72,45,0,-3,"MIN",50,"2020-11-29",FALSE,-1,FALSE,-1,FALSE,-1,FALSE,-1,FALSE,-1,FALSE,-1
"874","MIN",34,45,307,3,0,2,16,25,115,24,96,0,39,43,34,307,3,99,3,2,22,71,49,22,"MIN","CAR",2,0,0,1,0,0,366,5,16,3,62,34,1,352,78,1,"CAR","MIN",27,28,"False","dome","sportturf",72,45,0,-3,"MIN",50,"2020-11-29",FALSE,1,FALSE,1,FALSE,1,FALSE,1,FALSE,1,FALSE,1
"875","ARI",23,34,170,0,1,2,10,19,67,34,138,2,38,34,23,170,0,86,0,3,31,70,39,31,"ARI","NWE",0,0,0,0,0,0,229,8,9,0,106,32,0,229,75,1,"ARI","NWE",17,20,"False","outdoors","grass",52,40,8,-1,"ARI",51,"2020-11-29",FALSE,-3,FALSE,-3,FALSE,-3,FALSE,-3,FALSE,-3,FALSE,-3
"876","NWE",9,18,84,0,2,3,15,17,23,30,110,2,38,17,9,84,0,33,0,0,30,51,21,30,"NWE","ARI",0,0,0,0,0,0,105,5,10,1,63,47,2,105,49,1,"ARI","NWE",17,20,"False","outdoors","grass",52,40,8,-1,"ARI",51,"2020-11-29",FALSE,3,FALSE,3,FALSE,3,FALSE,3,FALSE,3,FALSE,3
"877","MIA",24,39,257,2,0,4,16,25,97,25,104,0,49,39,24,257,2,122,2,0,25,68,43,25,"MIA","NYJ",0,0,0,0,0,1,275,9,28,11,65,39,1,275,104,0,"MIA","NYJ",20,3,"False","outdoors","fieldturf ",54,32,2,-7,"MIA",46,"2020-11-29",FALSE,17,FALSE,17,FALSE,17,FALSE,17,FALSE,17,FALSE,17
"878","NYJ",16,27,197,0,2,3,24,37,51,23,87,0,25,27,16,197,0,97,0,2,21,53,32,21,"NYJ","MIA",0,0,0,0,0,0,317,5,13,9,49,38,3,316,79,2,"MIA","NYJ",20,3,"False","outdoors","fieldturf ",54,32,2,-7,"MIA",46,"2020-11-29",TRUE,-17,TRUE,-17,TRUE,-17,TRUE,-17,TRUE,-17,TRUE,-17
"879","LAR",19,31,198,0,2,2,16,33,52,28,126,1,82,30,19,198,0,104,2,4,24,61,37,24,"LAR","SFO",0,0,0,0,0,0,256,9,9,0,102,24,0,251,125,1,"SFO","LAR",23,20,"False","dome","matrixturf",72,45,0,-5,"LAR",45,"2020-11-29",FALSE,-3,FALSE,-3,FALSE,-3,FALSE,-3,FALSE,-3,FALSE,-3
"880","SFO",24,35,252,0,1,2,19,33,77,33,112,1,45,34,24,252,0,123,2,0,33,70,37,33,"SFO","LAR",0,0,0,0,0,1,172,3,5,3,70,42,0,171,175,3,"SFO","LAR",23,20,"False","dome","matrixturf",72,45,0,-5,"LAR",45,"2020-11-29",FALSE,3,FALSE,3,FALSE,3,FALSE,3,FALSE,3,FALSE,3
"881","KAN",37,50,462,3,0,2,6,75,164,20,87,0,37,46,37,462,3,149,1,2,18,72,54,18,"KAN","TAM",0,0,0,1,0,1,486,6,9,6,60,27,1,456,156,1,"KAN","TAM",27,24,"False","outdoors","grass",81,50,5,-3,"KAN",56,"2020-11-29",FALSE,3,FALSE,3,FALSE,3,FALSE,3,FALSE,3,FALSE,3
"882","TAM",27,41,345,3,2,1,3,48,96,13,75,0,39,41,27,345,3,191,0,0,13,55,42,13,"TAM","KAN",0,0,0,1,0,1,392,12,18,2,23,52,1,392,141,1,"KAN","TAM",27,24,"False","outdoors","grass",81,50,5,-3,"KAN",56,"2020-11-29",FALSE,-3,FALSE,-3,FALSE,-3,FALSE,-3,FALSE,-3,FALSE,-3
"883","PHI",26,46,221,2,1,6,41,39,165,14,70,0,39,42,26,221,2,114,0,3,11,66,55,11,"PHI","SEA",1,0,0,0,0,0,330,10,23,3,35,35,1,323,110,2,"SEA","PHI",23,17,"False","outdoors","grass",60,94,16,-6,"SEA",50,"2020-11-30",FALSE,-6,FALSE,-6,FALSE,-6,FALSE,-6,FALSE,-6,FALSE,-6
"884","SEA",22,31,230,1,0,2,5,52,102,30,76,1,35,30,22,230,1,98,0,2,28,63,35,28,"SEA","PHI",0,0,0,0,0,1,247,7,4,2,36,40,0,241,89,1,"SEA","PHI",23,17,"False","outdoors","grass",60,94,16,-6,"SEA",50,"2020-11-30",FALSE,6,FALSE,6,FALSE,6,FALSE,6,FALSE,6,FALSE,6
"885","BAL",9,18,110,1,1,3,20,78,150,28,129,1,73,18,9,110,1,84,1,1,27,49,22,27,"BAL","PIT",0,0,0,0,0,0,136,7,8,2,64,65,1,135,83,0,"BAL","PIT",14,19,"False","outdoors","grass",36,68,14,-10,"ERROR - abbrev_team",42,"2020-12-02",FALSE,-5,FALSE,-5,FALSE,-5,FALSE,-5,FALSE,-5,FALSE,-5
"886","PIT",36,51,266,1,1,0,0,27,81,20,68,0,15,51,36,266,1,125,1,0,20,71,51,20,"PIT","BAL",0,0,0,0,0,0,241,5,18,4,26,42,0,239,135,4,"BAL","PIT",14,19,"False","outdoors","grass",36,68,14,-10,"ERROR - abbrev_team",42,"2020-12-02",FALSE,5,FALSE,5,FALSE,5,FALSE,5,FALSE,5,FALSE,5
"887","ATL",19,39,273,1,0,3,11,35,80,21,70,0,35,37,19,273,1,110,1,0,21,63,42,21,"ATL","NOR",0,0,0,0,0,1,453,10,9,2,48,22,3,395,56,1,"NOR","ATL",21,16,"False","retractable roof (closed)","fieldturf",72,45,0,-2,"NOR",46,"2020-12-06",FALSE,-5,FALSE,-5,FALSE,-5,FALSE,-5,FALSE,-5,FALSE,-5
"888","NOR",27,37,232,2,0,2,15,21,107,36,207,1,105,37,27,232,2,84,1,4,32,75,43,32,"NOR","ATL",0,0,0,0,0,1,300,5,18,0,135,72,4,300,50,2,"NOR","ATL",21,16,"False","retractable roof (closed)","fieldturf",72,45,0,-2,"NOR",46,"2020-12-06",FALSE,5,FALSE,5,FALSE,5,FALSE,5,FALSE,5,FALSE,5
"889","DET",27,42,402,3,1,2,2,49,109,22,60,2,18,41,27,402,3,175,0,0,22,66,44,22,"DET","CHI",0,0,0,1,0,1,571,9,6,5,28,32,2,524,68,1,"DET","CHI",34,30,"False","outdoors","grass",35,80,5,-3,"CHI",44,"2020-12-06",FALSE,4,FALSE,4,FALSE,4,FALSE,4,FALSE,4,FALSE,4
"890","CHI",26,34,267,1,0,2,18,21,108,31,140,3,32,33,26,267,1,107,1,1,30,67,37,30,"CHI","DET",0,0,0,0,0,0,212,4,11,0,89,51,2,212,150,2,"DET","CHI",34,30,"False","outdoors","grass",35,80,5,-3,"CHI",44,"2020-12-06",FALSE,-4,FALSE,-4,FALSE,-4,FALSE,-4,FALSE,-4,FALSE,-4
"891","LAR",37,47,351,1,0,1,7,30,104,31,119,3,53,44,37,351,1,172,0,0,31,79,48,31,"LAR","ARI",0,0,0,1,0,0,167,5,15,9,72,47,1,152,256,1,"LAR","ARI",38,28,"False","retractable roof (closed)","grass",72,45,0,-2,"LAR",49,"2020-12-06",FALSE,10,FALSE,10,FALSE,10,FALSE,10,FALSE,10,FALSE,10
"892","ARI",21,39,173,3,1,2,33,59,80,21,92,1,47,36,21,173,3,104,1,1,20,62,42,20,"ARI","LAR",0,0,0,0,0,0,240,11,11,4,49,43,0,222,87,0,"LAR","ARI",38,28,"False","retractable roof (closed)","grass",72,45,0,-2,"LAR",49,"2020-12-06",TRUE,-10,TRUE,-10,TRUE,-10,TRUE,-10,TRUE,-10,TRUE,-10
"893","GNB",25,34,295,3,0,2,7,42,128,25,149,1,91,32,25,295,3,169,0,0,25,61,36,25,"GNB","PHI",0,0,0,0,1,1,364,3,7,3,24,125,2,318,133,2,"PHI","GNB",16,30,"False","outdoors","grass",34,64,9,-8,"GNB",50,"2020-12-06",FALSE,14,FALSE,14,FALSE,14,FALSE,14,FALSE,14,FALSE,14
"894","PHI",11,27,188,1,1,7,27,75,125,25,117,0,61,25,11,188,1,127,0,7,18,59,41,18,"PHI","GNB",0,1,0,0,0,0,269,9,10,4,59,58,0,268,35,1,"PHI","GNB",16,30,"False","outdoors","grass",34,64,9,-8,"GNB",50,"2020-12-06",TRUE,-14,TRUE,-14,TRUE,-14,TRUE,-14,TRUE,-14,TRUE,-14
"895","IND",27,35,285,2,0,3,23,39,119,29,109,1,32,35,27,285,2,144,0,0,29,67,38,29,"IND","HOU",0,0,0,0,0,1,189,3,14,1,56,53,5,189,161,2,"IND","HOU",26,20,"False","retractable roof (closed)","grass",72,45,0,-3,"IND",50,"2020-12-06",FALSE,6,FALSE,6,FALSE,6,FALSE,6,FALSE,6,FALSE,6
"896","HOU",26,38,341,0,1,5,33,64,85,19,90,2,34,37,26,341,0,133,1,5,14,62,48,14,"HOU","IND",0,0,0,1,0,2,394,4,6,5,45,45,3,391,106,0,"IND","HOU",26,20,"False","retractable roof (closed)","grass",72,45,0,-3,"IND",50,"2020-12-06",FALSE,-6,FALSE,-6,FALSE,-6,FALSE,-6,FALSE,-6,FALSE,-6
"897","KAN",25,40,318,1,0,1,5,30,95,22,134,0,78,40,25,318,1,144,0,3,19,63,44,19,"KAN","DEN",0,0,0,1,0,1,378,5,12,5,106,28,0,379,152,5,"DEN","KAN",16,22,"False","outdoors","astroturf",41,70,9,-13,"KAN",51,"2020-12-06",FALSE,6,FALSE,6,FALSE,6,FALSE,6,FALSE,6,FALSE,6
"898","DEN",15,28,151,2,2,0,0,37,63,33,179,0,84,27,15,151,2,100,0,1,32,61,29,32,"DEN","KAN",0,0,0,0,1,0,234,8,13,2,128,51,1,224,74,1,"DEN","KAN",16,22,"False","outdoors","astroturf",41,70,9,-13,"KAN",51,"2020-12-06",FALSE,-6,FALSE,-6,FALSE,-6,FALSE,-6,FALSE,-6,FALSE,-6
"899","CIN",17,27,193,1,2,6,37,94,170,17,40,0,17,27,17,193,1,120,0,1,16,50,34,16,"CIN","MIA",0,0,0,0,0,0,162,6,12,0,10,30,1,162,155,1,"CIN","MIA",7,19,"False","outdoors","grass",81,64,5,-10,"MIA",43,"2020-12-06",TRUE,-12,TRUE,-12,TRUE,-12,TRUE,-12,TRUE,-12,TRUE,-12
"900","MIA",26,39,296,1,0,0,0,35,97,28,110,0,45,38,26,296,1,135,1,1,27,67,40,27,"MIA","CIN",0,0,0,0,0,0,298,8,16,2,62,48,0,298,151,1,"CIN","MIA",7,19,"False","outdoors","grass",81,64,5,-10,"MIA",43,"2020-12-06",FALSE,12,FALSE,12,FALSE,12,FALSE,12,FALSE,12,FALSE,12
"901","MIN",28,43,305,3,1,4,30,40,99,38,145,0,31,40,28,305,3,119,1,1,37,85,48,37,"MIN","JAX",0,0,0,1,1,1,328,5,19,1,79,66,1,303,147,1,"JAX","MIN",24,27,"True","dome","sportturf",72,45,0,-10,"MIN",51,"2020-12-06",FALSE,3,FALSE,3,FALSE,3,FALSE,3,FALSE,3,FALSE,3
"902","JAX",28,42,280,1,2,2,14,34,73,25,124,1,40,41,28,280,1,145,2,3,22,69,47,22,"JAX","MIN",2,0,0,0,0,0,351,9,9,3,73,51,0,351,92,0,"JAX","MIN",24,27,"True","dome","sportturf",72,45,0,-10,"MIN",51,"2020-12-06",FALSE,-3,FALSE,-3,FALSE,-3,FALSE,-3,FALSE,-3,FALSE,-3
"903","NYJ",14,23,186,2,1,3,16,25,97,34,206,2,60,20,14,186,2,114,2,2,32,60,28,32,"NYJ","LVR",2,0,0,0,1,0,201,4,9,2,118,88,5,139,116,1,"LVR","NYJ",31,28,"False","outdoors","fieldturf ",39,46,18,-7,"LVR",48,"2020-12-06",FALSE,-3,FALSE,-3,FALSE,-3,FALSE,-3,FALSE,-3,FALSE,-3
"904","LVR",28,47,381,3,1,2,13,46,97,25,72,1,25,46,28,381,3,128,1,2,23,74,51,23,"LVR","NYJ",0,0,0,1,0,1,499,13,28,3,45,27,0,498,170,2,"LVR","NYJ",31,28,"False","outdoors","fieldturf ",39,46,18,-7,"LVR",48,"2020-12-06",FALSE,3,FALSE,3,FALSE,3,FALSE,3,FALSE,3,FALSE,3
"905","CLE",26,34,340,4,0,0,0,81,238,36,118,1,40,32,26,340,4,195,1,2,34,70,36,34,"CLE","TEN",0,0,0,1,0,0,212,0,13,2,71,47,5,208,190,2,"CLE","TEN",41,35,"False","outdoors","grass",52,68,1,-4,"TEN",54,"2020-12-06",FALSE,6,FALSE,6,FALSE,6,FALSE,6,FALSE,6,FALSE,6
"906","TEN",29,45,389,3,1,3,20,43,104,18,62,1,11,42,29,389,3,153,2,0,18,66,48,18,"TEN","CLE",1,0,0,1,0,1,487,5,5,4,46,16,0,436,132,4,"CLE","TEN",41,35,"False","outdoors","grass",52,68,1,-4,"TEN",54,"2020-12-06",FALSE,-6,FALSE,-6,FALSE,-6,FALSE,-6,FALSE,-6,FALSE,-6
"907","NWE",14,22,130,2,0,1,4,53,236,43,165,2,39,21,14,130,2,120,0,3,40,66,26,40,"NWE","LAC",0,1,0,0,0,0,154,4,10,2,80,85,4,163,76,2,"NWE","LAC",45,0,"False","dome","matrixturf",72,45,0,-2,"LAC",46,"2020-12-06",FALSE,45,FALSE,45,FALSE,45,FALSE,45,FALSE,45,FALSE,45
"908","LAC",26,53,209,0,2,3,21,24,43,15,70,0,17,52,26,209,0,121,0,0,15,71,56,15,"LAC","NWE",0,0,0,0,0,0,329,17,5,14,45,25,1,328,129,1,"NWE","LAC",45,0,"False","dome","matrixturf",72,45,0,-2,"LAC",46,"2020-12-06",TRUE,-45,TRUE,-45,TRUE,-45,TRUE,-45,TRUE,-45,TRUE,-45
"909","NYG",13,22,105,1,1,2,5,22,67,31,190,1,84,22,13,105,1,70,0,1,30,55,25,30,"NYG","SEA",2,0,0,0,1,0,184,4,11,2,118,72,3,183,28,2,"NYG","SEA",17,12,"False","outdoors","fieldturf",51,83,4,-11,"SEA",48,"2020-12-06",FALSE,5,FALSE,5,FALSE,5,FALSE,5,FALSE,5,FALSE,5
"910","SEA",27,43,263,1,1,5,47,28,78,22,111,0,31,41,27,263,1,116,1,6,16,70,54,16,"SEA","NYG",0,0,0,0,0,0,380,5,15,6,87,24,2,306,108,4,"NYG","SEA",17,12,"False","outdoors","fieldturf",51,83,4,-11,"SEA",48,"2020-12-06",FALSE,-5,FALSE,-5,FALSE,-5,FALSE,-5,FALSE,-5,FALSE,-5
"911","WAS",31,46,296,1,0,3,23,31,92,21,45,1,26,44,31,296,1,103,0,0,21,70,49,21,"WAS","PIT",0,0,0,0,0,0,265,4,14,5,22,23,0,264,168,3,"WAS","PIT",23,17,"False","outdoors","grass",34,58,10,-6,"ERROR - abbrev_team",43,"2020-12-07",FALSE,6,FALSE,6,FALSE,6,FALSE,6,FALSE,6,FALSE,6
"912","PIT",33,53,305,2,1,0,0,50,82,14,21,0,14,53,33,305,2,146,0,0,14,67,53,14,"PIT","WAS",0,0,0,1,0,0,325,5,9,4,11,10,0,324,149,6,"WAS","PIT",23,17,"False","outdoors","grass",34,58,10,-6,"ERROR - abbrev_team",43,"2020-12-07",FALSE,-6,FALSE,-6,FALSE,-6,FALSE,-6,FALSE,-6,FALSE,-6
"913","SFO",26,39,316,3,2,0,0,49,95,21,86,0,40,39,26,316,3,151,0,0,21,60,39,21,"SFO","BUF",0,0,0,1,0,0,266,7,10,7,19,67,3,266,133,4,"BUF","SFO",34,24,"False","retractable roof (closed)","grass",72,45,0,-1,"SFO",48,"2020-12-07",TRUE,-10,TRUE,-10,TRUE,-10,TRUE,-10,TRUE,-10,TRUE,-10
"914","BUF",32,40,375,4,0,1,7,35,139,27,81,0,28,37,32,375,4,130,1,2,25,68,43,25,"BUF","SFO",0,0,0,1,0,1,294,3,12,3,34,47,0,272,129,0,"BUF","SFO",34,24,"False","retractable roof (closed)","grass",72,45,0,-1,"SFO",48,"2020-12-07",FALSE,10,FALSE,10,FALSE,10,FALSE,10,FALSE,10,FALSE,10
"915","DAL",31,48,285,2,1,1,8,28,85,28,111,0,38,45,31,285,2,113,0,0,28,77,49,28,"DAL","BAL",0,0,0,0,0,0,453,10,14,4,53,58,2,386,124,1,"DAL","BAL",17,34,"False","outdoors","grass",38,54,9,-9,"ERROR - abbrev_team",45,"2020-12-08",TRUE,-17,TRUE,-17,TRUE,-17,TRUE,-17,TRUE,-17,TRUE,-17
"916","BAL",12,17,107,2,1,0,0,38,101,37,294,2,110,17,12,107,2,86,0,5,32,54,22,32,"BAL","DAL",0,0,0,0,1,0,94,4,0,2,173,121,4,94,51,0,"DAL","BAL",17,34,"False","outdoors","grass",38,54,9,-9,"ERROR - abbrev_team",45,"2020-12-08",FALSE,17,FALSE,17,FALSE,17,FALSE,17,FALSE,17,FALSE,17
"917","NWE",14,23,146,0,1,6,33,38,131,29,107,0,39,23,14,146,0,88,0,2,27,58,31,27,"NWE","LAR",0,0,0,0,0,0,142,5,10,1,84,23,0,142,50,2,"NWE","LAR",3,24,"False","dome","matrixturf",72,45,0,-5,"LAR",43,"2020-12-10",TRUE,-21,TRUE,-21,TRUE,-21,TRUE,-21,TRUE,-21,TRUE,-21
"918","LAR",16,25,137,1,1,1,5,25,74,36,186,1,46,24,16,137,1,90,0,1,35,62,27,35,"LAR","NWE",0,0,0,0,1,0,114,5,5,4,126,60,1,114,74,3,"NWE","LAR",3,24,"False","dome","matrixturf",72,45,0,-5,"LAR",43,"2020-12-10",FALSE,21,FALSE,21,FALSE,21,FALSE,21,FALSE,21,FALSE,21
"919","PIT",21,37,187,2,2,1,10,20,65,17,47,0,18,37,21,187,2,87,0,0,17,55,38,17,"PIT","BUF",2,0,0,0,0,0,242,5,14,6,14,33,2,241,116,4,"PIT","BUF",15,26,"False","outdoors","astroturf",35,71,11,-2,"BUF",48,"2020-12-13",TRUE,-11,TRUE,-11,TRUE,-11,TRUE,-11,TRUE,-11,TRUE,-11
"920","BUF",24,43,238,2,1,1,8,23,77,27,104,0,39,42,24,238,2,79,1,2,25,71,46,25,"BUF","PIT",0,0,0,0,0,1,455,11,27,8,35,69,3,454,130,2,"PIT","BUF",15,26,"False","outdoors","astroturf",35,71,11,-2,"BUF",48,"2020-12-13",FALSE,11,FALSE,11,FALSE,11,FALSE,11,FALSE,11,FALSE,11
"921","DEN",21,27,280,4,0,1,11,49,149,30,96,0,30,27,21,280,4,186,1,2,28,58,30,28,"DEN","CAR",0,0,0,0,0,0,170,4,17,3,56,40,1,170,156,0,"DEN","CAR",32,27,"False","outdoors","grass",70,67,7,-4,"CAR",46,"2020-12-13",FALSE,5,FALSE,5,FALSE,5,FALSE,5,FALSE,5,FALSE,5
"922","CAR",30,40,283,0,0,4,38,32,94,21,125,3,51,39,30,283,0,114,0,2,19,65,46,19,"CAR","DEN",0,0,0,0,0,0,236,5,9,5,98,27,1,230,161,2,"DEN","CAR",32,27,"False","outdoors","grass",70,67,7,-4,"CAR",46,"2020-12-13",FALSE,-5,FALSE,-5,FALSE,-5,FALSE,-5,FALSE,-5,FALSE,-5
"923","HOU",21,30,219,1,0,7,64,48,101,27,108,0,35,27,21,219,1,125,2,6,21,64,43,21,"HOU","CHI",0,0,0,0,0,0,200,3,9,4,78,30,2,185,119,2,"HOU","CHI",7,36,"False","outdoors","grass",34,70,1,-1,"HOU",46,"2020-12-13",TRUE,-29,TRUE,-29,TRUE,-29,TRUE,-29,TRUE,-29,TRUE,-29
"924","CHI",24,33,267,3,0,3,26,35,126,23,169,1,108,33,24,267,3,103,0,3,20,59,39,20,"CHI","HOU",0,0,0,0,1,1,144,4,12,2,55,114,7,144,190,2,"HOU","CHI",7,36,"False","outdoors","grass",34,70,1,-1,"HOU",46,"2020-12-13",FALSE,29,FALSE,29,FALSE,29,FALSE,29,FALSE,29,FALSE,29
"925","CIN",28,38,222,1,0,2,14,26,155,30,101,0,28,38,28,222,1,94,3,2,28,70,42,28,"CIN","DAL",0,0,0,0,0,0,153,6,2,2,81,20,1,153,145,2,"DAL","CIN",30,7,"False","outdoors","grass",44,73,5,-3,"DAL",44,"2020-12-13",TRUE,-23,TRUE,-23,TRUE,-23,TRUE,-23,TRUE,-23,TRUE,-23
"926","DAL",16,23,185,2,0,2,14,32,122,25,101,0,57,22,16,185,2,104,0,0,25,50,25,25,"DAL","CIN",0,0,0,0,0,0,186,1,10,0,50,51,1,164,65,1,"DAL","CIN",30,7,"False","outdoors","grass",44,73,5,-3,"DAL",44,"2020-12-13",FALSE,23,FALSE,23,FALSE,23,FALSE,23,FALSE,23,FALSE,23
"927","DET",27,40,273,1,0,4,31,46,164,15,51,2,27,38,27,273,1,138,0,1,14,59,45,14,"DET","GNB",0,0,0,0,0,0,239,5,14,0,32,19,0,244,155,2,"GNB","DET",31,24,"False","dome","fieldturf",72,45,0,-9,"GNB",55,"2020-12-13",FALSE,-7,FALSE,-7,FALSE,-7,FALSE,-7,FALSE,-7,FALSE,-7
"928","GNB",26,33,290,3,0,0,0,56,133,31,120,1,26,31,26,290,3,135,0,4,27,64,37,27,"GNB","DET",0,0,0,0,0,1,210,1,4,0,55,65,0,198,171,0,"GNB","DET",31,24,"False","dome","fieldturf",72,45,0,-9,"GNB",55,"2020-12-13",FALSE,7,FALSE,7,FALSE,7,FALSE,7,FALSE,7,FALSE,7
"929","TEN",19,24,212,2,0,1,7,37,131,40,249,2,78,23,19,212,2,94,1,0,40,65,25,40,"TEN","JAX",0,0,0,0,1,1,197,1,6,0,180,69,2,191,73,1,"TEN","JAX",31,10,"False","outdoors","grass",69,83,2,-7,"TEN",52,"2020-12-13",FALSE,21,FALSE,21,FALSE,21,FALSE,21,FALSE,21,FALSE,21
"930","JAX",31,54,263,1,1,0,0,49,131,15,91,0,62,49,31,263,1,147,0,2,13,69,56,13,"JAX","TEN",0,0,0,0,0,0,455,10,8,5,28,63,0,417,129,2,"TEN","JAX",31,10,"False","outdoors","grass",69,83,2,-7,"TEN",52,"2020-12-13",TRUE,-21,TRUE,-21,TRUE,-21,TRUE,-21,TRUE,-21,TRUE,-21
"931","KAN",24,34,393,2,3,3,39,44,91,24,94,1,63,34,24,393,2,187,1,2,22,61,39,22,"KAN","MIA",0,1,0,1,0,1,318,5,12,2,67,27,2,318,205,2,"KAN","MIA",33,27,"False","outdoors","grass",81,56,8,-7,"KAN",52,"2020-12-13",FALSE,6,FALSE,6,FALSE,6,FALSE,6,FALSE,6,FALSE,6
"932","MIA",28,49,316,2,1,4,29,29,122,24,80,1,27,46,28,316,2,137,0,6,18,77,59,18,"MIA","KAN",0,0,0,1,0,0,466,9,18,2,52,28,1,470,110,2,"KAN","MIA",33,27,"False","outdoors","grass",81,56,8,-7,"KAN",52,"2020-12-13",FALSE,-6,FALSE,-6,FALSE,-6,FALSE,-6,FALSE,-6,FALSE,-6
"933","ARI",24,35,244,1,0,1,13,41,97,43,159,1,59,32,24,244,1,117,0,8,35,79,44,35,"ARI","NYG",0,0,0,0,0,1,191,6,7,4,73,86,4,179,128,0,"ARI","NYG",26,7,"False","outdoors","fieldturf ",59,58,15,-3,"ARI",47,"2020-12-13",FALSE,19,FALSE,19,FALSE,19,FALSE,19,FALSE,19,FALSE,19
"934","NYG",13,24,145,0,0,8,64,53,153,17,78,1,34,24,13,145,0,106,3,0,17,49,32,17,"NYG","ARI",0,0,0,0,0,0,271,5,8,3,27,51,5,271,30,1,"ARI","NYG",26,7,"False","outdoors","fieldturf ",59,58,15,-3,"ARI",47,"2020-12-13",TRUE,-19,TRUE,-19,TRUE,-19,TRUE,-19,TRUE,-19,TRUE,-19
"935","NOR",28,38,291,2,1,5,29,37,102,20,96,1,34,37,28,291,2,139,1,3,17,63,46,17,"NOR","PHI",0,0,0,0,0,0,253,7,8,4,65,31,0,239,113,2,"NOR","PHI",21,24,"False","outdoors","grass",57,49,10,-7,"NOR",43,"2020-12-13",FALSE,-3,FALSE,-3,FALSE,-3,FALSE,-3,FALSE,-3,FALSE,-3
"936","PHI",17,30,167,1,0,0,0,39,83,36,246,2,128,26,17,167,1,116,1,4,32,66,34,32,"PHI","NOR",0,0,0,0,2,0,172,6,12,3,142,104,0,152,120,0,"NOR","PHI",21,24,"False","outdoors","grass",57,49,10,-7,"NOR",43,"2020-12-13",FALSE,3,FALSE,3,FALSE,3,FALSE,3,FALSE,3,FALSE,3
"937","IND",19,28,244,2,0,0,0,41,118,31,212,2,98,27,19,244,2,158,0,0,31,59,28,31,"IND","LVR",0,0,0,0,1,0,255,3,6,2,117,95,1,250,105,0,"IND","LVR",44,27,"False","dome","grass",72,45,0,-2,"IND",52,"2020-12-13",FALSE,17,FALSE,17,FALSE,17,FALSE,17,FALSE,17,FALSE,17
"938","LVR",32,46,345,2,2,0,0,76,203,22,79,1,35,45,32,345,2,160,1,2,20,68,48,20,"LVR","IND",0,0,0,1,0,1,325,5,4,6,56,23,0,318,159,4,"IND","LVR",44,27,"False","dome","grass",72,45,0,-2,"IND",52,"2020-12-13",TRUE,-17,TRUE,-17,TRUE,-17,TRUE,-17,TRUE,-17,TRUE,-17
"939","LAC",36,44,243,2,1,1,3,25,95,26,105,0,26,44,36,243,2,93,0,0,26,71,45,26,"LAC","ATL",0,0,0,0,0,0,241,6,13,7,48,57,4,241,145,0,"ATL","LAC",17,20,"False","dome","matrixturf",72,45,0,-1,"LAC",49,"2020-12-13",FALSE,3,FALSE,3,FALSE,3,FALSE,3,FALSE,3,FALSE,3
"940","ATL",22,33,263,2,3,2,14,74,215,20,70,0,25,32,22,263,2,127,0,1,19,55,36,19,"ATL","LAC",0,0,0,0,0,1,327,2,5,3,46,24,0,326,111,3,"ATL","LAC",17,20,"False","dome","matrixturf",72,45,0,-1,"LAC",49,"2020-12-13",FALSE,-3,FALSE,-3,FALSE,-3,FALSE,-3,FALSE,-3,FALSE,-3
"941","NYJ",14,26,132,0,0,3,16,34,68,23,69,0,31,23,14,132,0,107,1,1,22,52,30,22,"NYJ","SEA",0,0,0,0,0,0,245,4,10,2,39,30,0,223,45,1,"NYJ","SEA",3,40,"False","outdoors","fieldturf",43,90,8,-16,"SEA",50,"2020-12-13",TRUE,-37,TRUE,-37,TRUE,-37,TRUE,-37,TRUE,-37,TRUE,-37
"942","SEA",25,32,239,4,1,1,3,34,216,36,174,1,77,32,25,239,4,124,0,0,36,69,33,36,"SEA","NYJ",0,0,0,0,0,0,227,4,10,3,92,82,1,226,105,2,"NYJ","SEA",3,40,"False","outdoors","fieldturf",43,90,8,-16,"SEA",50,"2020-12-13",FALSE,37,FALSE,37,FALSE,37,FALSE,37,FALSE,37,FALSE,37
"943","WAS",15,32,108,0,1,2,13,26,135,28,98,0,29,29,15,108,0,62,0,0,28,62,34,28,"WAS","SFO",0,0,0,0,0,0,197,12,8,6,28,70,4,189,61,0,"WAS","SFO",23,15,"False","retractable roof (closed)","grass",72,45,0,-3,"SFO",43,"2020-12-13",FALSE,8,FALSE,8,FALSE,8,FALSE,8,FALSE,8,FALSE,8
"944","SFO",25,45,260,1,1,4,24,22,70,27,108,1,37,44,25,260,1,101,2,0,27,76,49,27,"SFO","WAS",2,0,0,0,0,1,268,5,23,7,39,69,2,268,131,4,"WAS","SFO",23,15,"False","retractable roof (closed)","grass",72,45,0,-3,"SFO",43,"2020-12-13",FALSE,-8,FALSE,-8,FALSE,-8,FALSE,-8,FALSE,-8,FALSE,-8
"945","MIN",24,37,225,1,0,6,52,25,90,33,162,1,36,35,24,225,1,96,1,4,29,76,47,29,"MIN","TAM",2,0,0,0,1,0,248,7,14,8,108,54,4,234,126,2,"MIN","TAM",14,26,"False","outdoors","grass",78,63,5,-7,"TAM",52,"2020-12-13",TRUE,-12,TRUE,-12,TRUE,-12,TRUE,-12,TRUE,-12,TRUE,-12
"946","TAM",15,23,196,2,0,0,0,48,120,26,107,1,27,22,15,196,2,127,0,0,26,49,23,26,"TAM","MIN",0,0,0,0,0,0,228,4,7,1,70,37,0,227,57,1,"MIN","TAM",14,26,"False","outdoors","grass",78,63,5,-7,"TAM",52,"2020-12-13",FALSE,12,FALSE,12,FALSE,12,FALSE,12,FALSE,12,FALSE,12
"947","BAL",12,21,176,1,0,4,22,57,156,32,231,5,84,19,12,176,1,115,0,5,27,57,30,27,"BAL","CLE",1,0,0,0,1,0,226,3,4,0,133,98,0,211,62,3,"BAL","CLE",47,42,"False","outdoors","grass",34,51,18,-3,"BAL",46,"2020-12-14",FALSE,5,FALSE,5,FALSE,5,FALSE,5,FALSE,5,FALSE,5
"948","CLE",29,48,355,2,1,0,0,49,204,28,138,4,31,44,29,355,2,137,0,5,23,76,53,23,"CLE","BAL",2,0,0,1,0,0,446,9,23,3,57,81,0,426,142,2,"BAL","CLE",47,42,"False","outdoors","grass",34,51,18,-3,"BAL",46,"2020-12-14",FALSE,-5,FALSE,-5,FALSE,-5,FALSE,-5,FALSE,-5,FALSE,-5
"949","LAC",22,32,314,2,0,1,8,53,121,29,96,2,56,32,22,314,2,164,0,1,28,62,34,28,"LAC","LVR",0,0,0,1,0,0,359,5,7,5,44,52,0,358,91,2,"LAC","LVR",30,27,"True","dome","grass",72,45,0,-3,"LVR",52,"2020-12-17",FALSE,3,FALSE,3,FALSE,3,FALSE,3,FALSE,3,FALSE,3
"950","LVR",20,33,279,1,1,1,3,65,179,41,173,2,50,30,20,279,1,124,0,4,37,75,38,37,"LVR","LAC",0,0,0,0,0,1,310,7,4,4,88,85,2,305,103,1,"LAC","LVR",30,27,"True","dome","grass",72,45,0,-3,"LVR",52,"2020-12-17",FALSE,-3,FALSE,-3,FALSE,-3,FALSE,-3,FALSE,-3,FALSE,-3
"951","DEN",20,32,132,1,0,3,17,19,81,28,140,2,42,32,20,132,1,66,1,4,24,63,39,24,"DEN","BUF",0,0,0,0,0,0,125,3,10,3,105,35,2,125,64,2,"BUF","DEN",48,19,"False","outdoors","grass",47,22,24,-5,"BUF",49,"2020-12-19",TRUE,-29,TRUE,-29,TRUE,-29,TRUE,-29,TRUE,-29,TRUE,-29
"952","BUF",28,40,359,2,0,1,7,55,114,24,182,3,101,38,28,359,2,158,0,2,22,65,43,22,"BUF","DEN",0,0,0,1,0,2,404,9,18,6,96,86,3,392,118,0,"BUF","DEN",48,19,"False","outdoors","grass",47,22,24,-5,"BUF",49,"2020-12-19",FALSE,29,FALSE,29,FALSE,29,FALSE,29,FALSE,29,FALSE,29
"953","CAR",21,35,258,0,0,3,9,40,82,27,115,1,43,34,21,258,0,114,1,3,24,65,41,24,"CAR","GNB",0,0,0,0,0,1,238,5,10,3,84,31,0,242,141,2,"CAR","GNB",16,24,"False","outdoors","grass",33,85,5,-8,"GNB",51,"2020-12-19",FALSE,-8,FALSE,-8,FALSE,-8,FALSE,-8,FALSE,-8,FALSE,-8
"954","GNB",20,29,143,1,0,5,47,22,91,27,195,2,80,26,20,143,1,67,0,3,24,61,37,24,"GNB","CAR",0,0,0,0,1,0,123,2,10,5,154,41,1,123,106,3,"CAR","GNB",16,24,"False","outdoors","grass",33,85,5,-8,"GNB",51,"2020-12-19",FALSE,8,FALSE,8,FALSE,8,FALSE,8,FALSE,8,FALSE,8
"955","ATL",34,49,356,3,0,3,24,33,110,13,37,0,25,48,34,356,3,146,0,1,12,65,53,12,"ATL","TAM",0,0,0,1,0,1,431,3,23,2,27,10,2,417,119,2,"TAM","ATL",31,27,"False","retractable roof (closed)","fieldturf",72,45,0,-6,"TAM",49,"2020-12-20",FALSE,-4,FALSE,-4,FALSE,-4,FALSE,-4,FALSE,-4,FALSE,-4
"956","TAM",31,45,390,2,0,3,25,46,110,18,51,2,19,43,31,390,2,170,0,0,18,66,48,18,"TAM","ATL",0,0,0,1,0,1,349,10,21,5,9,42,0,320,195,3,"TAM","ATL",31,27,"False","retractable roof (closed)","fieldturf",72,45,0,-6,"TAM",49,"2020-12-20",FALSE,4,FALSE,4,FALSE,4,FALSE,4,FALSE,4,FALSE,4
"957","HOU",33,41,373,2,0,5,31,38,120,21,83,0,29,38,33,373,2,161,2,3,18,67,49,18,"HOU","IND",0,0,0,1,0,1,313,3,7,9,59,24,0,293,140,1,"HOU","IND",20,27,"False","retractable roof (closed)","fieldturf",72,45,0,-7,"IND",52,"2020-12-20",FALSE,-7,FALSE,-7,FALSE,-7,FALSE,-7,FALSE,-7,FALSE,-7
"958","IND",22,29,228,2,0,1,5,41,164,23,127,1,38,29,22,228,2,121,0,0,23,53,30,23,"IND","HOU",0,0,0,0,0,0,199,4,9,2,60,67,1,199,103,1,"HOU","IND",20,27,"False","retractable roof (closed)","fieldturf",72,45,0,-7,"IND",52,"2020-12-20",FALSE,7,FALSE,7,FALSE,7,FALSE,7,FALSE,7,FALSE,7
"959","PHI",24,44,338,3,0,6,33,42,102,29,117,1,17,40,24,338,3,215,0,5,24,79,55,24,"PHI","ARI",0,0,0,1,0,0,477,11,25,3,67,50,2,379,173,0,"PHI","ARI",26,33,"False","retractable roof (closed)","grass",72,45,0,-6,"ARI",49,"2020-12-20",FALSE,-7,FALSE,-7,FALSE,-7,FALSE,-7,FALSE,-7,FALSE,-7
"960","ARI",28,37,432,3,1,1,9,71,246,30,103,1,34,37,28,432,3,221,2,2,28,68,40,28,"ARI","PHI",0,0,0,1,0,1,364,5,10,4,47,56,5,364,177,0,"PHI","ARI",26,33,"False","retractable roof (closed)","grass",72,45,0,-6,"ARI",49,"2020-12-20",FALSE,7,FALSE,7,FALSE,7,FALSE,7,FALSE,7,FALSE,7
"961","SFO",26,43,319,3,2,2,11,74,224,36,150,1,45,41,26,319,3,186,2,1,35,81,46,35,"SFO","DAL",0,0,0,0,0,0,334,7,13,3,93,57,2,334,120,2,"SFO","DAL",33,41,"False","retractable roof (closed)","fieldturf",72,45,0,-4,"SFO",46,"2020-12-20",FALSE,-8,FALSE,-8,FALSE,-8,FALSE,-8,FALSE,-8,FALSE,-8
"962","DAL",20,34,221,2,0,2,17,57,213,22,87,2,61,32,20,221,2,127,0,2,20,58,38,20,"DAL","SFO",0,1,0,0,0,0,206,7,16,3,25,62,2,187,148,1,"SFO","DAL",33,41,"False","retractable roof (closed)","fieldturf",72,45,0,-4,"SFO",46,"2020-12-20",FALSE,8,FALSE,8,FALSE,8,FALSE,8,FALSE,8,FALSE,8
"963","NWE",17,27,209,0,0,3,23,35,86,22,117,0,34,25,17,209,0,101,1,2,20,52,32,20,"NWE","MIA",0,0,0,0,0,1,227,7,10,2,83,34,1,223,87,0,"NWE","MIA",12,22,"False","outdoors","grass",79,65,9,-1,"NWE",40,"2020-12-20",TRUE,-10,TRUE,-10,TRUE,-10,TRUE,-10,TRUE,-10,TRUE,-10
"964","MIA",20,26,145,0,1,2,12,15,73,42,250,3,85,25,20,145,0,76,0,1,41,70,29,41,"MIA","NWE",2,0,0,0,1,0,98,3,6,2,204,46,6,97,77,1,"NWE","MIA",12,22,"False","outdoors","grass",79,65,9,-1,"NWE",40,"2020-12-20",FALSE,10,FALSE,10,FALSE,10,FALSE,10,FALSE,10,FALSE,10
"965","CHI",15,21,202,1,1,1,4,35,97,42,199,2,46,21,15,202,1,113,0,4,38,64,26,38,"CHI","MIN",0,0,0,0,1,0,167,3,8,1,128,71,3,167,99,0,"CHI","MIN",33,27,"False","dome","sportturf",72,45,0,-2,"MIN",47,"2020-12-20",FALSE,6,FALSE,6,FALSE,6,FALSE,6,FALSE,6,FALSE,6
"966","MIN",24,35,271,2,1,3,22,30,98,28,158,1,31,30,24,271,2,124,0,3,25,66,41,25,"MIN","CHI",0,0,0,0,1,1,206,4,10,8,92,66,1,160,144,1,"CHI","MIN",33,27,"False","dome","sportturf",72,45,0,-2,"MIN",47,"2020-12-20",FALSE,-6,FALSE,-6,FALSE,-6,FALSE,-6,FALSE,-6,FALSE,-6
"967","KAN",26,47,254,3,0,4,22,23,92,41,179,1,51,44,26,254,3,111,1,3,38,92,54,38,"KAN","NOR",2,0,0,0,0,0,422,7,7,7,107,72,2,405,128,3,"KAN","NOR",32,29,"False","dome","astroturf",72,45,0,-2,"KAN",54,"2020-12-20",FALSE,3,FALSE,3,FALSE,3,FALSE,3,FALSE,3,FALSE,3
"968","NOR",15,34,234,3,1,1,9,51,84,17,60,1,16,33,15,234,3,168,0,0,17,52,35,17,"NOR","KAN",0,0,0,0,0,0,272,5,5,0,32,28,1,248,139,4,"KAN","NOR",32,29,"False","dome","astroturf",72,45,0,-2,"KAN",54,"2020-12-20",FALSE,-3,FALSE,-3,FALSE,-3,FALSE,-3,FALSE,-3,FALSE,-3
"969","CLE",27,32,297,2,0,1,11,22,126,30,106,1,55,30,27,297,2,127,0,2,28,63,35,28,"CLE","NYG",0,0,0,0,0,0,235,2,13,6,77,29,1,227,107,0,"CLE","NYG",20,6,"False","outdoors","fieldturf ",36,82,0,-6,"CLE",45,"2020-12-20",FALSE,14,FALSE,14,FALSE,14,FALSE,14,FALSE,14,FALSE,14
"970","NYG",19,32,221,0,0,1,7,35,122,21,74,0,30,32,19,221,0,127,0,1,20,54,34,20,"NYG","CLE",0,0,0,0,0,0,298,6,5,4,62,12,0,298,85,2,"CLE","NYG",20,6,"False","outdoors","fieldturf ",36,82,0,-6,"CLE",45,"2020-12-20",TRUE,-14,TRUE,-14,TRUE,-14,TRUE,-14,TRUE,-14,TRUE,-14
"971","TEN",21,27,273,3,0,1,5,75,145,38,195,3,58,26,21,273,3,173,0,1,37,66,29,37,"TEN","DET",0,0,0,0,1,1,246,3,12,1,88,107,1,226,131,0,"DET","TEN",25,46,"False","outdoors","grass",46,86,5,-9,"TEN",54,"2020-12-20",FALSE,21,FALSE,21,FALSE,21,FALSE,21,FALSE,21,FALSE,21
"972","DET",27,38,307,1,1,0,0,65,167,27,123,2,52,37,27,307,1,187,2,2,25,65,40,25,"DET","TEN",0,0,0,0,0,1,353,6,12,2,91,32,2,353,112,2,"DET","TEN",25,46,"False","outdoors","grass",46,86,5,-9,"TEN",54,"2020-12-20",TRUE,-21,TRUE,-21,TRUE,-21,TRUE,-21,TRUE,-21,TRUE,-21
"973","NYJ",22,31,207,1,0,2,11,24,99,31,93,1,27,27,22,207,1,107,0,2,29,64,35,29,"NYJ","LAR",0,0,0,0,0,0,143,1,12,4,39,54,0,120,119,1,"NYJ","LAR",23,20,"False","dome","matrixturf",72,45,0,-17,"LAR",44,"2020-12-20",FALSE,3,FALSE,3,FALSE,3,FALSE,3,FALSE,3,FALSE,3
"974","LAR",22,34,209,2,1,3,20,44,89,19,114,0,62,30,22,209,2,106,0,1,18,56,38,18,"LAR","NYJ",0,0,0,0,0,0,199,4,12,2,70,44,0,183,114,3,"NYJ","LAR",23,20,"False","dome","matrixturf",72,45,0,-17,"LAR",44,"2020-12-20",FALSE,-3,FALSE,-3,FALSE,-3,FALSE,-3,FALSE,-3,FALSE,-3
"975","BAL",19,26,250,3,1,1,0,52,189,37,159,2,55,26,19,250,3,156,0,1,36,64,28,36,"BAL","JAX",0,0,0,0,0,0,254,4,9,0,92,67,1,254,97,0,"JAX","BAL",14,40,"False","outdoors","grass",39,78,3,-13,"BAL",49,"2020-12-20",FALSE,26,FALSE,26,FALSE,26,FALSE,26,FALSE,26,FALSE,26
"976","JAX",22,29,226,2,0,5,21,28,120,22,62,0,39,27,22,226,2,141,1,1,21,56,35,21,"JAX","BAL",0,0,0,0,0,0,225,3,18,2,24,38,1,222,90,0,"JAX","BAL",14,40,"False","outdoors","grass",39,78,3,-13,"BAL",49,"2020-12-20",TRUE,-26,TRUE,-26,TRUE,-26,TRUE,-26,TRUE,-26,TRUE,-26
"977","SEA",18,27,121,1,1,0,0,15,73,26,181,1,112,26,18,121,1,60,0,3,23,53,30,23,"SEA","WAS",0,0,0,0,0,0,139,6,8,4,83,98,4,120,59,0,"SEA","WAS",20,15,"False","outdoors","grass",43,69,8,-6,"SEA",44,"2020-12-20",FALSE,5,FALSE,5,FALSE,5,FALSE,5,FALSE,5,FALSE,5
"978","WAS",38,55,295,1,2,4,26,30,72,20,84,1,27,53,38,295,1,103,0,3,17,79,62,17,"WAS","SEA",0,0,0,0,0,1,368,6,20,2,56,28,0,333,139,4,"SEA","WAS",20,15,"False","outdoors","grass",43,69,8,-6,"SEA",44,"2020-12-20",FALSE,-5,FALSE,-5,FALSE,-5,FALSE,-5,FALSE,-5,FALSE,-5
"979","PIT",20,38,170,1,1,1,12,37,62,23,86,1,32,38,20,170,1,114,2,0,23,62,39,23,"PIT","CIN",0,0,0,0,0,0,307,10,15,2,36,50,1,307,105,0,"PIT","CIN",17,27,"False","outdoors","grass",43,63,10,-14,"PIT",40,"2020-12-21",TRUE,-10,TRUE,-10,TRUE,-10,TRUE,-10,TRUE,-10,TRUE,-10
"980","CIN",7,13,89,1,0,2,11,30,101,41,152,2,47,13,7,89,1,62,0,1,40,56,16,40,"CIN","PIT",0,0,0,0,0,0,179,2,6,0,72,80,0,179,24,0,"PIT","CIN",17,27,"False","outdoors","grass",43,63,10,-14,"PIT",40,"2020-12-21",FALSE,10,FALSE,10,FALSE,10,FALSE,10,FALSE,10,FALSE,10
"981","MIN",27,41,291,3,0,2,17,25,110,17,90,2,32,38,27,291,3,93,0,0,17,60,43,17,"MIN","NOR",0,0,0,0,0,0,191,5,17,3,58,32,0,191,164,1,"MIN","NOR",33,52,"False","dome","astroturf",72,45,0,-6,"NOR",48,"2020-12-25",TRUE,-19,TRUE,-19,TRUE,-19,TRUE,-19,TRUE,-19,TRUE,-19
"982","NOR",21,28,319,0,2,0,0,51,164,45,264,7,88,28,21,319,0,187,0,0,45,73,28,45,"NOR","MIN",0,0,0,1,1,0,259,2,6,1,130,134,5,259,149,2,"MIN","NOR",33,52,"False","dome","astroturf",72,45,0,-6,"NOR",48,"2020-12-25",FALSE,19,FALSE,19,FALSE,19,FALSE,19,FALSE,19,FALSE,19
"983","SFO",13,22,182,3,0,3,11,27,125,30,227,0,77,21,13,182,3,99,1,0,30,55,25,30,"SFO","ARI",0,0,0,0,1,0,145,2,8,2,144,83,3,133,109,4,"SFO","ARI",20,12,"False","retractable roof (closed)","grass",72,45,0,-5,"ARI",48,"2020-12-26",FALSE,8,FALSE,8,FALSE,8,FALSE,8,FALSE,8,FALSE,8
"984","ARI",31,50,247,0,1,3,17,45,66,27,120,1,40,46,31,247,0,130,1,5,22,80,58,22,"ARI","SFO",0,0,0,0,0,0,406,6,18,1,88,32,1,409,96,3,"SFO","ARI",20,12,"False","retractable roof (closed)","grass",72,45,0,-5,"ARI",48,"2020-12-26",FALSE,-8,FALSE,-8,FALSE,-8,FALSE,-8,FALSE,-8,FALSE,-8
"985","TAM",31,42,491,6,0,2,14,82,289,26,111,1,38,41,31,491,6,231,0,1,25,70,45,25,"TAM","DET",0,0,0,1,0,1,467,9,11,2,88,23,1,466,162,0,"TAM","DET",47,7,"False","dome","fieldturf",72,45,0,-9,"TAM",54,"2020-12-26",FALSE,40,FALSE,40,FALSE,40,FALSE,40,FALSE,40,FALSE,40
"986","DET",21,31,152,0,1,4,39,54,196,15,73,0,41,30,21,152,0,91,1,1,14,50,36,14,"DET","TAM",0,0,0,0,0,0,166,5,11,2,64,9,0,158,89,0,"TAM","DET",47,7,"False","dome","fieldturf",72,45,0,-9,"TAM",54,"2020-12-26",TRUE,-40,TRUE,-40,TRUE,-40,TRUE,-40,TRUE,-40,TRUE,-40
"987","LVR",21,34,336,1,0,3,22,85,104,24,104,1,44,30,21,336,1,159,0,0,24,61,37,24,"LVR","MIA",0,0,0,1,0,2,318,6,16,5,60,44,1,307,149,0,"MIA","LVR",26,25,"False","dome","grass",72,45,0,-3,"MIA",48,"2020-12-26",FALSE,-1,FALSE,-1,FALSE,-1,FALSE,-1,FALSE,-1,FALSE,-1
"988","MIA",26,35,276,2,0,3,23,73,236,25,130,0,66,34,26,276,2,166,0,2,23,63,40,23,"MIA","LVR",0,0,0,0,0,0,233,5,17,2,86,44,3,217,138,1,"MIA","LVR",26,25,"False","dome","grass",72,45,0,-3,"MIA",48,"2020-12-26",FALSE,1,FALSE,1,FALSE,1,FALSE,1,FALSE,1,FALSE,1
"989","DAL",22,30,377,3,1,2,15,69,134,34,151,1,66,30,22,377,3,221,0,1,33,66,33,33,"DAL","PHI",0,0,0,1,1,2,238,5,7,0,74,77,4,238,225,1,"PHI","DAL",17,37,"False","retractable roof (closed)","fieldturf",72,45,0,-3,"PHI",50,"2020-12-27",FALSE,20,FALSE,20,FALSE,20,FALSE,20,FALSE,20,FALSE,20
"990","PHI",21,39,342,1,2,3,16,81,70,29,151,1,44,34,21,342,1,246,1,6,23,71,48,23,"PHI","DAL",0,0,0,1,0,0,376,7,5,6,95,56,0,324,129,2,"PHI","DAL",17,37,"False","retractable roof (closed)","fieldturf",72,45,0,-3,"PHI",50,"2020-12-27",TRUE,-20,TRUE,-20,TRUE,-20,TRUE,-20,TRUE,-20,TRUE,-20
"991","TEN",11,26,121,1,2,2,17,19,80,27,156,1,58,25,11,121,1,72,0,2,25,55,30,25,"TEN","GNB",0,0,0,0,0,0,212,4,7,2,84,72,4,197,38,0,"TEN","GNB",14,40,"False","outdoors","grass",28,88,15,-3,"GNB",52,"2020-12-27",TRUE,-26,TRUE,-26,TRUE,-26,TRUE,-26,TRUE,-26,TRUE,-26
"992","GNB",21,25,231,4,1,1,17,32,128,37,234,2,102,24,21,231,4,110,0,2,35,63,28,35,"GNB","TEN",0,0,0,0,1,1,178,2,14,1,54,180,5,158,108,0,"TEN","GNB",14,40,"False","outdoors","grass",28,88,15,-3,"GNB",52,"2020-12-27",FALSE,26,FALSE,26,FALSE,26,FALSE,26,FALSE,26,FALSE,26
"993","CIN",29,38,371,2,0,0,0,42,166,33,169,2,67,38,29,371,2,161,0,0,33,71,38,33,"CIN","HOU",0,0,0,1,0,0,329,3,12,0,68,101,9,329,187,2,"CIN","HOU",37,31,"False","retractable roof (closed)","grass",72,45,0,-7,"HOU",46,"2020-12-27",FALSE,6,FALSE,6,FALSE,6,FALSE,6,FALSE,6,FALSE,6
"994","HOU",24,33,324,3,0,1,2,50,133,17,166,1,62,33,24,324,3,173,1,3,14,51,37,14,"HOU","CIN",0,0,0,1,1,1,339,5,6,2,98,68,4,339,123,1,"CIN","HOU",37,31,"False","retractable roof (closed)","grass",72,45,0,-7,"HOU",46,"2020-12-27",FALSE,-6,FALSE,-6,FALSE,-6,FALSE,-6,FALSE,-6,FALSE,-6
"995","CHI",24,36,265,2,1,1,2,30,137,33,128,3,53,36,24,265,2,106,0,2,31,70,39,31,"CHI","JAX",0,0,0,0,0,1,294,9,13,6,80,48,3,294,138,2,"CHI","JAX",41,17,"False","outdoors","grass",55,60,5,-9,"CHI",47,"2020-12-27",FALSE,24,FALSE,24,FALSE,24,FALSE,24,FALSE,24,FALSE,24
"996","JAX",24,37,211,2,2,1,8,34,75,16,76,0,30,36,24,211,2,113,0,0,16,54,38,16,"JAX","CHI",0,0,0,0,0,0,239,4,4,4,42,34,2,251,69,1,"CHI","JAX",41,17,"False","outdoors","grass",55,60,5,-9,"CHI",47,"2020-12-27",TRUE,-24,TRUE,-24,TRUE,-24,TRUE,-24,TRUE,-24,TRUE,-24
"997","ATL",27,35,300,2,0,4,23,54,121,23,90,0,29,34,27,300,2,155,1,0,23,62,39,23,"ATL","KAN",0,0,0,1,0,1,228,6,19,2,53,37,0,228,150,0,"ATL","KAN",14,17,"False","outdoors","astroturf",49,44,8,-11,"KAN",54,"2020-12-27",FALSE,-3,FALSE,-3,FALSE,-3,FALSE,-3,FALSE,-3,FALSE,-3
"998","KAN",24,45,278,2,2,0,0,31,79,21,117,0,55,42,24,278,2,139,0,2,19,66,47,19,"KAN","ATL",0,0,0,0,0,0,352,11,19,4,58,59,1,310,170,2,"ATL","KAN",14,17,"False","outdoors","astroturf",49,44,8,-11,"KAN",54,"2020-12-27",FALSE,3,FALSE,3,FALSE,3,FALSE,3,FALSE,3,FALSE,3
"999","CLE",28,53,285,0,0,4,31,28,68,18,45,2,26,50,28,285,0,126,2,0,18,75,57,18,"CLE","NYJ",0,0,0,0,0,0,412,9,15,7,13,32,0,401,120,2,"CLE","NYJ",16,23,"False","outdoors","fieldturf ",37,42,5,-6,"CLE",45,"2020-12-27",FALSE,-7,FALSE,-7,FALSE,-7,FALSE,-7,FALSE,-7,FALSE,-7
"1000","NYJ",17,33,218,3,0,2,16,73,245,34,131,0,54,28,17,218,3,116,0,3,31,69,38,31,"NYJ","CLE",0,0,0,0,0,0,318,8,6,5,85,46,0,288,125,0,"CLE","NYJ",16,23,"False","outdoors","fieldturf ",37,42,5,-6,"CLE",45,"2020-12-27",FALSE,7,FALSE,7,FALSE,7,FALSE,7,FALSE,7,FALSE,7
"1001","PIT",34,49,341,3,0,1,9,39,109,14,22,1,16,49,34,341,3,137,0,0,14,64,50,14,"PIT","IND",0,0,0,1,0,0,345,7,5,1,16,6,0,345,134,2,"IND","PIT",24,28,"False","outdoors","grass",37,65,6,-1,"IND",43,"2020-12-27",FALSE,4,FALSE,4,FALSE,4,FALSE,4,FALSE,4,FALSE,4
"1002","IND",21,34,270,1,1,5,32,42,84,28,127,2,38,34,21,270,1,153,1,0,28,67,39,28,"IND","PIT",0,0,0,0,0,0,379,8,10,3,73,54,6,379,131,1,"IND","PIT",24,28,"False","outdoors","grass",37,65,6,-1,"IND",43,"2020-12-27",FALSE,-4,FALSE,-4,FALSE,-4,FALSE,-4,FALSE,-4,FALSE,-4
"1003","NYG",24,41,252,1,0,6,37,20,84,12,54,0,34,41,24,252,1,110,0,1,11,59,48,11,"NYG","BAL",0,0,0,0,0,0,386,9,28,9,24,30,2,385,108,1,"NYG","BAL",13,27,"False","outdoors","grass",38,48,3,-10,"BAL",43,"2020-12-27",TRUE,-14,TRUE,-14,TRUE,-14,TRUE,-14,TRUE,-14,TRUE,-14
"1004","BAL",17,26,183,2,0,0,0,27,111,40,249,1,84,23,17,183,2,95,1,3,37,66,29,37,"BAL","NYG",0,0,0,0,0,0,181,5,5,7,164,85,6,173,66,2,"NYG","BAL",13,27,"False","outdoors","grass",38,48,3,-10,"BAL",43,"2020-12-27",FALSE,14,FALSE,14,FALSE,14,FALSE,14,FALSE,14,FALSE,14
"1005","DEN",24,47,264,0,2,2,1,27,50,28,133,1,53,43,24,264,0,107,0,2,26,77,51,26,"DEN","LAC",0,0,0,0,0,0,533,7,4,5,84,49,0,481,100,9,"DEN","LAC",16,19,"False","dome","matrixturf",72,45,0,-2,"LAC",47,"2020-12-27",FALSE,-3,FALSE,-3,FALSE,-3,FALSE,-3,FALSE,-3,FALSE,-3
"1006","LAC",21,33,253,1,0,2,26,29,97,20,89,0,42,33,21,253,1,137,0,3,17,55,38,17,"LAC","DEN",0,0,0,0,0,0,208,7,8,0,55,34,3,208,129,2,"DEN","LAC",16,19,"False","dome","matrixturf",72,45,0,-2,"LAC",47,"2020-12-27",FALSE,3,FALSE,3,FALSE,3,FALSE,3,FALSE,3,FALSE,3
"1007","LAR",24,43,234,0,1,3,18,26,61,29,118,0,48,41,24,234,0,96,0,6,23,75,52,23,"LAR","SEA",0,0,0,0,0,0,283,10,11,8,89,29,0,278,78,2,"LAR","SEA",9,20,"False","outdoors","fieldturf",45,89,2,-1,"SEA",47,"2020-12-27",TRUE,-11,TRUE,-11,TRUE,-11,TRUE,-11,TRUE,-11,TRUE,-11
"1008","SEA",20,32,225,1,0,5,28,45,93,24,95,1,33,29,20,225,1,145,0,2,22,61,39,22,"SEA","LAR",0,0,0,0,0,0,318,6,14,5,72,23,0,297,82,0,"LAR","SEA",9,20,"False","outdoors","fieldturf",45,89,2,-1,"SEA",47,"2020-12-27",FALSE,11,FALSE,11,FALSE,11,FALSE,11,FALSE,11,FALSE,11
"1009","CAR",19,28,197,1,1,4,30,44,85,35,113,1,69,28,19,197,1,84,1,2,33,67,34,33,"CAR","WAS",0,0,0,0,0,1,290,3,11,1,38,75,6,290,66,0,"CAR","WAS",20,13,"False","outdoors","grass",41,46,6,-1,"CAR",41,"2020-12-27",FALSE,7,FALSE,7,FALSE,7,FALSE,7,FALSE,7,FALSE,7
"1010","WAS",26,47,291,1,2,3,13,79,139,19,108,0,53,47,26,291,1,156,2,3,16,69,53,16,"WAS","CAR",0,0,0,0,0,0,490,12,5,5,64,44,3,490,170,3,"CAR","WAS",20,13,"False","outdoors","grass",41,46,6,-1,"CAR",41,"2020-12-27",FALSE,-7,FALSE,-7,FALSE,-7,FALSE,-7,FALSE,-7,FALSE,-7
"1011","BUF",30,40,344,4,0,0,0,73,330,31,130,1,47,38,30,344,4,171,0,1,30,71,41,30,"BUF","NWE",0,0,0,1,0,1,397,6,10,5,68,62,1,386,142,2,"BUF","NWE",38,9,"False","outdoors","grass",41,90,4,-7,"BUF",47,"2020-12-28",FALSE,29,FALSE,29,FALSE,29,FALSE,29,FALSE,29,FALSE,29
"1012","NWE",9,21,78,0,0,3,22,31,107,24,145,1,74,18,9,78,0,42,0,2,22,48,26,22,"NWE","BUF",0,0,0,0,0,0,176,6,11,5,52,93,4,164,46,2,"BUF","NWE",38,9,"False","outdoors","grass",41,90,4,-7,"BUF",47,"2020-12-28",TRUE,-29,TRUE,-29,TRUE,-29,TRUE,-29,TRUE,-29,TRUE,-29
"1013","BUF",24,38,388,4,2,1,11,88,208,25,78,2,33,37,24,388,4,183,0,1,24,64,40,24,"BUF","MIA",0,1,0,0,0,1,451,8,21,7,42,36,2,459,115,1,"MIA","BUF",26,56,"False","outdoors","astroturf",35,93,1,-3,"MIA",43,"2021-01-03",FALSE,30,FALSE,30,FALSE,30,FALSE,30,FALSE,30,FALSE,30
"1014","MIA",36,59,393,1,3,1,9,63,181,20,70,2,32,59,36,393,1,188,1,2,18,80,62,18,"MIA","BUF",0,0,0,1,0,1,440,12,14,2,55,15,0,440,215,2,"MIA","BUF",26,56,"False","outdoors","astroturf",35,93,1,-3,"MIA",43,"2021-01-03",TRUE,-30,TRUE,-30,TRUE,-30,TRUE,-30,TRUE,-30,TRUE,-30
"1015","CAR",18,37,271,0,5,3,25,75,65,20,74,1,31,36,18,271,0,120,0,1,19,60,41,19,"CAR","NOR",0,0,0,0,0,2,502,7,18,2,52,22,1,502,46,4,"NOR","CAR",33,7,"False","outdoors","grass",57,80,2,-6,"NOR",47,"2021-01-03",TRUE,-26,TRUE,-26,TRUE,-26,TRUE,-26,TRUE,-26,TRUE,-26
"1016","NOR",22,32,201,3,0,2,10,27,116,30,156,1,54,29,22,201,3,98,0,0,30,64,34,30,"NOR","CAR",0,0,0,0,1,0,201,5,11,1,107,49,1,194,83,1,"NOR","CAR",33,7,"False","outdoors","grass",57,80,2,-6,"NOR",47,"2021-01-03",FALSE,26,FALSE,26,FALSE,26,FALSE,26,FALSE,26,FALSE,26
"1017","CHI",33,42,252,0,1,1,4,53,81,31,108,1,27,41,33,252,0,111,1,2,29,74,45,29,"CHI","GNB",0,0,0,0,0,0,261,3,6,5,96,12,0,251,123,0,"GNB","CHI",35,16,"False","outdoors","grass",32,85,7,-4,"GNB",48,"2021-01-03",TRUE,-19,TRUE,-19,TRUE,-19,TRUE,-19,TRUE,-19,TRUE,-19
"1018","GNB",19,24,240,4,0,1,3,72,147,19,79,1,35,24,19,240,4,156,1,1,18,44,26,18,"GNB","CHI",0,0,0,0,0,0,172,2,4,0,65,14,1,172,154,1,"GNB","CHI",35,16,"False","outdoors","grass",32,85,7,-4,"GNB",48,"2021-01-03",FALSE,19,FALSE,19,FALSE,19,FALSE,19,FALSE,19,FALSE,19
"1019","BAL",11,19,121,3,1,0,0,51,191,54,404,2,159,19,11,121,3,80,0,5,49,73,24,49,"BAL","CIN",0,0,0,0,1,0,191,5,3,0,221,183,1,191,45,0,"BAL","CIN",38,3,"False","outdoors","grass",39,79,10,-13,"BAL",46,"2021-01-03",FALSE,35,FALSE,35,FALSE,35,FALSE,35,FALSE,35,FALSE,35
"1020","CIN",6,21,48,0,2,0,0,21,0,19,147,0,89,20,6,48,0,41,0,0,19,40,21,19,"CIN","BAL",0,0,0,0,0,0,155,7,10,1,50,97,2,158,33,1,"BAL","CIN",38,3,"False","outdoors","grass",39,79,10,-13,"BAL",46,"2021-01-03",TRUE,-35,TRUE,-35,TRUE,-35,TRUE,-35,TRUE,-35,TRUE,-35
"1021","CLE",17,27,196,1,0,4,30,42,97,31,192,2,90,26,17,196,1,113,0,4,27,62,35,27,"CLE","PIT",0,0,0,0,1,0,246,4,11,2,128,64,3,209,60,1,"PIT","CLE",22,24,"False","outdoors","grass",38,91,7,-10,"CLE",44,"2021-01-03",FALSE,2,FALSE,2,FALSE,2,FALSE,2,FALSE,2,FALSE,2
"1022","PIT",26,44,317,2,1,1,8,50,168,20,85,0,35,42,26,317,2,139,0,1,19,65,46,19,"PIT","CLE",0,0,0,1,0,1,418,8,11,11,45,40,4,407,108,4,"PIT","CLE",22,24,"False","outdoors","grass",38,91,7,-10,"CLE",44,"2021-01-03",FALSE,-2,FALSE,-2,FALSE,-2,FALSE,-2,FALSE,-2,FALSE,-2
"1023","JAX",26,42,261,2,0,6,31,21,95,17,53,0,14,40,26,261,2,111,1,0,17,65,48,17,"JAX","IND",0,0,0,0,0,0,295,3,9,2,27,26,2,295,85,4,"JAX","IND",14,28,"False","retractable roof (closed)","fieldturf",72,45,0,-15,"IND",47,"2021-01-03",TRUE,-14,TRUE,-14,TRUE,-14,TRUE,-14,TRUE,-14,TRUE,-14
"1024","IND",17,27,164,1,1,0,0,25,76,37,273,2,79,26,17,164,1,78,0,0,37,64,27,37,"IND","JAX",2,0,0,0,1,0,167,4,4,3,187,86,4,163,117,3,"JAX","IND",14,28,"False","retractable roof (closed)","fieldturf",72,45,0,-15,"IND",47,"2021-01-03",FALSE,14,FALSE,14,FALSE,14,FALSE,14,FALSE,14,FALSE,14
"1025","DEN",25,41,339,2,0,2,15,92,103,32,122,1,41,40,25,339,2,206,0,1,31,75,44,31,"DEN","LVR",2,0,0,1,0,1,293,10,19,6,58,64,0,286,216,0,"LVR","DEN",32,31,"False","outdoors","grass",53,19,10,-2,"LVR",50,"2021-01-03",FALSE,-1,FALSE,-1,FALSE,-1,FALSE,-1,FALSE,-1,FALSE,-1
"1026","LVR",24,38,371,2,2,3,12,57,91,23,106,2,36,35,24,371,2,202,2,0,23,64,41,23,"LVR","DEN",2,0,0,1,0,1,379,7,6,4,36,70,1,363,123,0,"LVR","DEN",32,31,"False","outdoors","grass",53,19,10,-2,"LVR",50,"2021-01-03",FALSE,1,FALSE,1,FALSE,1,FALSE,1,FALSE,1,FALSE,1
"1027","MIN",28,40,405,3,0,3,22,40,127,31,125,2,43,38,28,405,3,206,0,0,31,74,43,31,"MIN","DET",0,0,0,1,0,1,271,4,16,3,50,75,7,260,210,1,"MIN","DET",37,35,"False","dome","fieldturf",72,45,0,-3,"MIN",53,"2021-01-03",FALSE,2,FALSE,2,FALSE,2,FALSE,2,FALSE,2,FALSE,2
"1028","DET",20,31,293,3,1,1,5,43,114,22,129,2,59,31,20,293,3,122,0,2,20,54,34,20,"DET","MIN",0,0,0,0,0,1,443,3,10,3,42,87,6,442,83,2,"MIN","DET",37,35,"False","dome","fieldturf",72,45,0,-3,"MIN",53,"2021-01-03",FALSE,-2,FALSE,-2,FALSE,-2,FALSE,-2,FALSE,-2,FALSE,-2
"1029","TEN",18,27,216,1,0,2,12,52,103,41,288,4,63,27,18,216,1,91,1,2,39,70,31,39,"TEN","HOU",0,0,0,0,1,1,311,4,15,1,186,102,5,310,57,2,"TEN","HOU",41,38,"False","retractable roof (closed)","grass",72,45,0,-7,"TEN",55,"2021-01-03",FALSE,3,FALSE,3,FALSE,3,FALSE,3,FALSE,3,FALSE,3
"1030","HOU",29,40,385,3,1,4,24,62,234,17,96,1,33,40,29,385,3,167,0,3,14,61,47,14,"HOU","TEN",0,0,0,1,0,1,416,8,14,4,56,40,0,415,95,2,"TEN","HOU",41,38,"False","retractable roof (closed)","grass",72,45,0,-7,"TEN",55,"2021-01-03",FALSE,-3,FALSE,-3,FALSE,-3,FALSE,-3,FALSE,-3,FALSE,-3
"1031","LAC",22,31,302,3,0,3,21,48,134,35,135,2,58,30,22,302,3,161,0,1,34,69,35,34,"LAC","KAN",2,0,0,1,0,1,243,2,9,3,83,52,3,228,173,2,"LAC","KAN",38,21,"False","outdoors","astroturf",35,88,6,-7,"LAC",43,"2021-01-03",FALSE,17,FALSE,17,FALSE,17,FALSE,17,FALSE,17,FALSE,17
"1032","KAN",23,32,218,2,0,1,1,37,111,17,51,1,16,31,23,218,2,118,1,0,17,50,33,17,"KAN","LAC",0,0,0,0,0,0,147,6,5,1,26,25,1,137,181,0,"LAC","KAN",38,21,"False","outdoors","astroturf",35,88,6,-7,"LAC",43,"2021-01-03",TRUE,-17,TRUE,-17,TRUE,-17,TRUE,-17,TRUE,-17,TRUE,-17
"1033","NYJ",23,34,266,1,2,3,27,53,76,25,111,1,37,33,23,266,1,155,0,0,25,62,37,25,"NYJ","NWE",0,0,0,0,0,0,241,4,11,3,48,63,0,241,157,0,"NYJ","NWE",14,28,"False","outdoors","grass",33,75,5,-3,"NWE",41,"2021-01-03",TRUE,-14,TRUE,-14,TRUE,-14,TRUE,-14,TRUE,-14,TRUE,-14
"1034","NWE",22,31,261,4,0,3,23,50,285,29,166,0,73,30,22,261,4,141,0,0,29,63,34,29,"NWE","NYJ",0,0,0,0,0,0,195,4,15,2,59,107,3,195,134,1,"NYJ","NWE",14,28,"False","outdoors","grass",33,75,5,-3,"NWE",41,"2021-01-03",FALSE,14,FALSE,14,FALSE,14,FALSE,14,FALSE,14,FALSE,14
"1035","DAL",29,47,244,0,1,6,45,21,66,27,108,1,35,44,29,244,0,92,0,4,23,80,57,23,"DAL","NYG",0,0,0,0,0,0,258,9,14,2,62,46,1,228,126,3,"DAL","NYG",19,23,"False","outdoors","fieldturf ",33,85,6,-1,"DAL",44,"2021-01-03",FALSE,-4,FALSE,-4,FALSE,-4,FALSE,-4,FALSE,-4,FALSE,-4
"1036","NYG",17,25,229,2,1,2,18,33,106,28,125,1,60,25,17,229,2,118,1,2,26,55,29,26,"NYG","DAL",0,0,0,0,0,1,287,4,7,1,83,42,1,287,68,2,"DAL","NYG",19,23,"False","outdoors","fieldturf ",33,85,6,-1,"DAL",44,"2021-01-03",FALSE,4,FALSE,4,FALSE,4,FALSE,4,FALSE,4,FALSE,4
"1037","WAS",22,32,162,2,2,3,17,18,75,27,103,0,37,29,22,162,2,67,0,0,27,62,35,27,"WAS","PHI",0,0,0,0,0,0,101,6,7,7,55,48,3,77,97,1,"WAS","PHI",20,14,"False","outdoors","grass",38,92,10,-6,"WAS",44,"2021-01-03",FALSE,6,FALSE,6,FALSE,6,FALSE,6,FALSE,6,FALSE,6
"1038","PHI",13,33,119,0,2,3,21,55,158,29,118,2,48,29,13,119,0,95,1,5,24,65,41,24,"PHI","WAS",0,0,0,0,0,0,276,12,15,5,91,27,2,251,43,2,"WAS","PHI",20,14,"False","outdoors","grass",38,92,10,-6,"WAS",44,"2021-01-03",FALSE,-6,FALSE,-6,FALSE,-6,FALSE,-6,FALSE,-6,FALSE,-6
"1039","ARI",19,27,192,1,1,4,26,45,177,18,48,0,34,27,19,192,1,114,0,0,18,49,31,18,"ARI","LAR",0,0,0,0,0,0,213,3,7,0,17,31,1,213,144,0,"ARI","LAR",7,18,"False","dome","matrixturf",72,45,0,-1,"LAR",42,"2021-01-03",TRUE,-11,TRUE,-11,TRUE,-11,TRUE,-11,TRUE,-11,TRUE,-11
"1040","LAR",22,38,231,0,1,2,8,38,64,30,110,0,36,37,22,231,0,133,1,2,28,70,42,28,"LAR","ARI",0,0,0,0,0,0,358,10,18,3,65,45,0,358,93,1,"ARI","LAR",7,18,"False","dome","matrixturf",72,45,0,-1,"LAR",42,"2021-01-03",FALSE,11,FALSE,11,FALSE,11,FALSE,11,FALSE,11,FALSE,11
"1041","SEA",20,36,181,2,0,2,22,29,87,27,121,1,40,32,20,181,2,98,0,4,23,65,42,23,"SEA","SFO",0,0,0,0,0,0,324,7,18,5,81,40,0,286,114,2,"SEA","SFO",26,23,"False","retractable roof (closed)","grass",72,45,0,-7,"SEA",44,"2021-01-03",FALSE,3,FALSE,3,FALSE,3,FALSE,3,FALSE,3,FALSE,3
"1042","SFO",25,37,273,1,0,3,31,45,98,24,86,1,25,35,25,273,1,156,1,1,23,64,41,23,"SFO","SEA",0,0,0,0,0,0,288,6,9,2,52,34,1,262,102,2,"SEA","SFO",26,23,"False","retractable roof (closed)","grass",72,45,0,-7,"SEA",44,"2021-01-03",FALSE,-3,FALSE,-3,FALSE,-3,FALSE,-3,FALSE,-3,FALSE,-3
"1043","ATL",29,44,265,2,0,1,7,26,97,26,127,1,78,41,29,265,2,125,2,0,26,71,45,26,"ATL","TAM",0,0,0,0,0,0,227,6,21,4,32,95,2,219,125,2,"ATL","TAM",27,44,"False","outdoors","grass",65,77,4,-7,"TAM",51,"2021-01-03",TRUE,-17,TRUE,-17,TRUE,-17,TRUE,-17,TRUE,-17,TRUE,-17
"1044","TAM",26,41,399,4,1,1,8,47,117,22,94,1,24,38,26,399,4,162,0,1,21,64,43,21,"TAM","ATL",0,0,0,1,0,2,449,9,14,4,40,54,2,434,182,2,"ATL","TAM",27,44,"False","outdoors","grass",65,77,4,-7,"TAM",51,"2021-01-03",FALSE,17,FALSE,17,FALSE,17,FALSE,17,FALSE,17,FALSE,17
"1045","IND",27,46,309,2,0,0,0,32,93,30,163,1,63,43,27,309,2,148,0,0,30,76,46,30,"IND","BUF",2,0,0,1,0,0,352,8,15,2,45,118,1,302,115,4,"IND","BUF",24,27,"False","outdoors","astroturf",34,59,6,-7,"BUF",50,"2021-01-09",FALSE,-3,FALSE,-3,FALSE,-3,FALSE,-3,FALSE,-3,FALSE,-3
"1046","BUF",26,35,324,2,0,2,23,37,121,21,96,1,37,34,26,324,2,116,0,3,18,58,40,18,"BUF","IND",0,0,0,1,0,1,368,5,9,4,61,35,0,368,65,2,"IND","BUF",24,27,"False","outdoors","astroturf",34,59,6,-7,"BUF",50,"2021-01-09",FALSE,3,FALSE,3,FALSE,3,FALSE,3,FALSE,3,FALSE,3
"1047","LAR",12,25,184,1,0,3,15,59,157,43,164,1,31,24,12,184,1,121,0,1,42,71,29,42,"LAR","SEA",0,0,0,0,1,0,268,5,9,1,69,95,1,249,62,1,"LAR","SEA",30,20,"False","outdoors","fieldturf",39,91,1,-3,"SEA",42,"2021-01-09",FALSE,10,FALSE,10,FALSE,10,FALSE,10,FALSE,10,FALSE,10
"1048","SEA",11,27,174,2,1,5,32,51,72,25,136,0,44,26,11,174,2,110,0,4,21,57,36,21,"SEA","LAR",0,0,0,0,0,0,392,9,11,1,97,39,1,394,40,2,"LAR","SEA",30,20,"False","outdoors","fieldturf",39,91,1,-3,"SEA",42,"2021-01-09",TRUE,-10,TRUE,-10,TRUE,-10,TRUE,-10,TRUE,-10,TRUE,-10
"1049","TAM",22,40,381,2,0,3,16,36,104,29,142,1,53,38,22,381,2,159,1,0,29,72,43,29,"TAM","WAS",0,0,0,1,0,1,461,12,18,1,93,49,0,431,119,1,"TAM","WAS",31,23,"False","outdoors","grass",40,47,10,-10,"TAM",45,"2021-01-09",FALSE,8,FALSE,8,FALSE,8,FALSE,8,FALSE,8,FALSE,8
"1050","WAS",26,44,306,1,1,2,17,36,78,23,86,2,31,41,26,306,1,113,0,6,17,69,52,17,"WAS","TAM",0,0,0,1,0,1,385,6,13,2,60,26,1,386,91,3,"TAM","WAS",31,23,"False","outdoors","grass",40,47,10,-10,"TAM",45,"2021-01-09",FALSE,-8,FALSE,-8,FALSE,-8,FALSE,-8,FALSE,-8,FALSE,-8
"1051","CHI",19,29,199,1,0,1,8,28,96,19,48,0,20,27,19,199,1,114,0,3,16,49,33,16,"CHI","NOR",0,0,0,0,0,0,278,3,9,1,35,13,0,264,58,2,"CHI","NOR",9,21,"False","dome","astroturf",72,45,0,-11,"NOR",48,"2021-01-10",TRUE,-12,TRUE,-12,TRUE,-12,TRUE,-12,TRUE,-12,TRUE,-12
"1052","NOR",28,39,265,2,0,1,3,38,107,35,123,1,39,36,28,265,2,125,1,0,35,75,40,35,"NOR","CHI",0,0,0,0,0,0,185,3,6,1,79,44,1,184,160,0,"CHI","NOR",9,21,"False","dome","astroturf",72,45,0,-11,"NOR",48,"2021-01-10",FALSE,12,FALSE,12,FALSE,12,FALSE,12,FALSE,12,FALSE,12
"1053","BAL",17,24,179,0,1,5,14,28,74,35,236,2,83,24,17,179,0,55,0,1,34,64,30,34,"BAL","TEN",0,0,0,0,1,1,225,5,4,3,202,34,2,225,73,0,"BAL","TEN",20,13,"False","outdoors","grass",33,63,1,-3,"BAL",53,"2021-01-10",FALSE,7,FALSE,7,FALSE,7,FALSE,7,FALSE,7,FALSE,7
"1054","TEN",18,26,165,1,1,1,7,35,83,22,51,0,17,26,18,165,1,88,0,1,21,49,28,21,"TEN","BAL",0,0,0,0,0,0,188,4,10,2,35,16,1,188,70,0,"BAL","TEN",20,13,"False","outdoors","grass",33,63,1,-3,"BAL",53,"2021-01-10",FALSE,-7,FALSE,-7,FALSE,-7,FALSE,-7,FALSE,-7,FALSE,-7
"1055","PIT",47,68,501,4,4,0,0,33,85,16,52,1,22,68,47,501,4,138,0,0,16,84,68,16,"PIT","CLE",2,0,0,1,0,2,565,14,7,6,20,32,1,565,183,4,"CLE","PIT",48,37,"False","outdoors","grass",34,72,1,-5,"PIT",47,"2021-01-10",TRUE,-11,TRUE,-11,TRUE,-11,TRUE,-11,TRUE,-11,TRUE,-11
"1056","CLE",21,34,263,3,0,0,0,40,115,31,127,2,39,34,21,263,3,132,0,2,29,65,36,29,"CLE","PIT",0,0,0,0,0,0,231,4,20,2,62,65,3,231,170,3,"CLE","PIT",48,37,"False","outdoors","grass",34,72,1,-5,"PIT",47,"2021-01-10",FALSE,11,FALSE,11,FALSE,11,FALSE,11,FALSE,11,FALSE,11
"1057","BAL",20,37,222,0,1,4,32,60,121,32,150,0,59,35,20,222,0,106,0,6,26,73,47,26,"BAL","BUF",0,0,0,0,0,0,277,8,17,4,85,65,2,288,78,2,"BAL","BUF",3,17,"False","outdoors","astroturf",34,81,13,-2,"BUF",49,"2021-01-16",TRUE,-14,TRUE,-14,TRUE,-14,TRUE,-14,TRUE,-14,TRUE,-14
"1058","BUF",23,37,206,1,0,2,18,21,86,16,32,0,21,35,23,206,1,71,0,1,15,55,40,15,"BUF","BAL",0,0,0,0,0,1,372,8,11,3,14,18,0,322,98,2,"BAL","BUF",3,17,"False","outdoors","astroturf",34,81,13,-2,"BUF",49,"2021-01-16",FALSE,14,FALSE,14,FALSE,14,FALSE,14,FALSE,14,FALSE,14
"1059","LAR",21,27,174,1,0,4,26,28,105,19,96,1,19,26,21,174,1,77,0,1,18,50,32,18,"LAR","GNB",2,0,0,0,0,0,142,0,7,2,55,41,2,141,52,2,"LAR","GNB",18,32,"False","outdoors","grass",35,69,13,-7,"GNB",45,"2021-01-16",TRUE,-14,TRUE,-14,TRUE,-14,TRUE,-14,TRUE,-14,TRUE,-14
"1060","GNB",23,36,296,2,0,0,0,58,108,36,188,2,81,34,23,296,2,165,0,1,35,72,37,35,"GNB","LAR",0,0,0,0,0,0,330,5,10,3,93,95,4,317,149,2,"LAR","GNB",18,32,"False","outdoors","grass",35,69,13,-7,"GNB",45,"2021-01-16",FALSE,14,FALSE,14,FALSE,14,FALSE,14,FALSE,14,FALSE,14
"1061","KAN",27,38,321,1,1,1,6,66,166,24,123,1,54,37,27,321,1,126,0,2,22,63,41,22,"KAN","CLE",0,0,0,0,0,2,261,7,8,0,63,60,1,260,170,1,"CLE","KAN",17,22,"False","outdoors","astroturf",40,62,13,-7,"KAN",55,"2021-01-17",FALSE,5,FALSE,5,FALSE,5,FALSE,5,FALSE,5,FALSE,5
"1062","CLE",23,37,204,1,1,1,8,27,74,22,112,1,39,34,23,204,1,91,1,0,22,60,38,22,"CLE","KAN",0,0,0,0,0,0,188,5,20,2,44,68,2,176,91,3,"CLE","KAN",17,22,"False","outdoors","astroturf",40,62,13,-7,"KAN",55,"2021-01-17",FALSE,-5,FALSE,-5,FALSE,-5,FALSE,-5,FALSE,-5,FALSE,-5
"1063","TAM",18,33,199,2,0,1,10,29,92,35,127,1,22,33,18,199,2,117,0,0,35,69,34,35,"TAM","NOR",0,0,0,0,0,0,318,8,7,6,89,38,1,318,95,2,"TAM","NOR",30,20,"False","dome","astroturf",72,45,0,-2,"NOR",53,"2021-01-17",FALSE,10,FALSE,10,FALSE,10,FALSE,10,FALSE,10,FALSE,10
"1064","NOR",20,35,190,2,3,0,0,72,196,25,104,0,26,35,20,190,2,98,1,0,25,60,35,25,"NOR","TAM",0,0,0,0,0,0,205,7,18,5,47,57,3,205,90,1,"TAM","NOR",30,20,"False","dome","astroturf",72,45,0,-2,"NOR",53,"2021-01-17",TRUE,-10,TRUE,-10,TRUE,-10,TRUE,-10,TRUE,-10,TRUE,-10
"1065","TAM",20,36,280,3,3,1,5,52,73,24,76,1,29,35,20,280,3,178,0,0,24,61,37,24,"TAM","GNB",0,0,0,0,0,1,416,10,8,0,15,61,2,415,103,4,"TAM","GNB",31,26,"False","outdoors","grass",29,75,10,-3,"GNB",53,"2021-01-24",FALSE,5,FALSE,5,FALSE,5,FALSE,5,FALSE,5,FALSE,5
"1066","GNB",33,48,346,3,1,5,32,50,101,16,67,0,33,46,33,346,3,149,1,0,16,69,53,16,"GNB","TAM",0,0,0,1,0,1,335,8,23,2,29,38,0,308,178,2,"TAM","GNB",31,26,"False","outdoors","grass",29,75,10,-3,"GNB",53,"2021-01-24",FALSE,-5,FALSE,-5,FALSE,-5,FALSE,-5,FALSE,-5,FALSE,-5
"1067","BUF",28,48,287,2,1,4,53,34,80,18,129,0,37,44,28,287,2,119,0,5,13,70,57,13,"BUF","KAN",0,0,0,0,0,0,342,8,18,3,99,30,1,347,132,3,"BUF","KAN",24,38,"False","outdoors","astroturf",40,70,7,-3,"KAN",55,"2021-01-24",TRUE,-14,TRUE,-14,TRUE,-14,TRUE,-14,TRUE,-14,TRUE,-14
"1068","KAN",29,38,325,3,0,1,0,71,127,25,114,2,77,38,29,325,3,111,1,0,25,64,39,25,"KAN","BUF",0,0,0,1,0,2,208,3,9,0,67,47,0,208,185,3,"BUF","KAN",24,38,"False","outdoors","astroturf",40,70,7,-3,"KAN",55,"2021-01-24",FALSE,14,FALSE,14,FALSE,14,FALSE,14,FALSE,14,FALSE,14
"1069","KAN",26,49,270,0,2,3,27,33,52,17,107,0,45,46,26,270,0,114,0,4,13,69,56,13,"KAN","TAM",0,0,0,0,0,1,382,7,6,11,57,50,1,358,139,5,"TAM","KAN",31,9,"False","outdoors","grass",63,78,9,-3,"KAN",54,"2021-02-07",TRUE,-22,TRUE,-22,TRUE,-22,TRUE,-22,TRUE,-22,TRUE,-22
"1070","TAM",21,29,201,3,0,1,6,31,125,33,145,1,37,29,21,201,3,110,0,0,33,63,30,33,"TAM","KAN",0,0,0,0,0,0,176,4,7,3,61,84,4,176,129,3,"TAM","KAN",31,9,"False","outdoors","grass",63,78,9,-3,"KAN",54,"2021-02-07",FALSE,22,FALSE,22,FALSE,22,FALSE,22,FALSE,22,FALSE,22
"1071","DAL",42,58,403,3,1,1,12,31,101,18,60,0,31,57,42,403,3,121,0,3,15,77,62,15,"DAL","TAM",0,0,0,1,0,2,385,9,32,2,38,22,0,372,198,2,"DAL","TAM",29,31,"False","outdoors","grass ",82,85,9,-8,"TAM",52,"2021-09-09",FALSE,-2,FALSE,-2,FALSE,-2,FALSE,-2,FALSE,-2,FALSE,-2
"1072","TAM",32,50,379,4,2,0,0,47,97,14,52,0,18,45,32,379,4,119,2,0,14,64,50,14,"TAM","DAL",0,0,0,1,0,2,454,7,11,1,26,26,1,378,176,3,"DAL","TAM",29,31,"False","outdoors","grass ",82,85,9,-8,"TAM",52,"2021-09-09",FALSE,2,FALSE,2,FALSE,2,FALSE,2,FALSE,2,FALSE,2
"1073","PHI",27,35,264,3,0,1,3,28,126,31,173,1,45,32,27,264,3,128,0,3,28,67,39,28,"PHI","ATL",1,0,0,0,0,0,128,2,14,4,151,22,1,107,172,0,"PHI","ATL",32,6,"False","retractable roof (open)","fieldturf",72,45,0,-3,"ATL",49,"2021-09-12",FALSE,26,FALSE,26,FALSE,26,FALSE,26,FALSE,26,FALSE,26
"1074","ATL",21,35,164,0,0,3,28,18,71,26,124,0,42,33,21,164,0,73,0,1,25,64,39,25,"ATL","PHI",0,0,0,0,0,0,179,9,4,3,85,39,2,185,67,1,"PHI","ATL",32,6,"False","retractable roof (open)","fieldturf",72,45,0,-3,"ATL",49,"2021-09-12",TRUE,-26,TRUE,-26,TRUE,-26,TRUE,-26,TRUE,-26,TRUE,-26
"1075","PIT",18,32,188,1,0,2,11,24,83,21,75,0,51,32,18,188,1,114,0,1,20,55,35,20,"PIT","BUF",0,0,0,0,0,0,196,9,10,4,50,25,1,196,85,0,"PIT","BUF",23,16,"False","outdoors","a_turf",73,79,17,-6,"BUF",48,"2021-09-12",FALSE,7,FALSE,7,FALSE,7,FALSE,7,FALSE,7,FALSE,7
"1076","BUF",30,51,270,1,0,3,16,37,79,25,117,0,40,48,30,270,1,96,1,1,24,79,55,24,"BUF","PIT",0,0,0,0,0,0,492,9,1,11,83,34,2,448,95,3,"PIT","BUF",23,16,"False","outdoors","a_turf",73,79,17,-6,"BUF",48,"2021-09-12",FALSE,-7,FALSE,-7,FALSE,-7,FALSE,-7,FALSE,-7,FALSE,-7
"1077","CAR",24,35,279,1,0,1,9,57,102,27,111,1,37,33,24,279,1,142,1,0,27,63,36,27,"CAR","NYJ",0,0,0,0,0,0,273,7,12,5,70,41,0,274,147,1,"NYJ","CAR",14,19,"False","outdoors","grass ",81,51,0,-4,"CAR",45,"2021-09-12",FALSE,5,FALSE,5,FALSE,5,FALSE,5,FALSE,5,FALSE,5
"1078","NYJ",20,37,258,2,1,6,51,40,82,17,43,0,23,36,20,258,2,140,0,0,17,60,43,17,"NYJ","CAR",1,0,0,0,0,0,360,5,11,7,19,24,1,360,102,3,"NYJ","CAR",14,19,"False","outdoors","grass ",81,51,0,-4,"CAR",45,"2021-09-12",FALSE,-5,FALSE,-5,FALSE,-5,FALSE,-5,FALSE,-5,FALSE,-5
"1079","MIN",37,50,362,2,0,3,26,45,219,22,67,1,23,47,37,362,2,150,1,0,22,75,53,22,"MIN","CIN",0,0,0,1,0,0,308,6,20,7,36,31,1,303,175,2,"MIN","CIN",24,27,"True","outdoors","fieldturf ",81,54,15,-3,"MIN",47,"2021-09-12",FALSE,-3,FALSE,-3,FALSE,-3,FALSE,-3,FALSE,-3,FALSE,-3
"1080","CIN",20,27,261,2,0,5,44,50,128,36,149,1,32,26,20,261,2,152,0,0,36,68,32,36,"CIN","MIN",0,0,0,0,1,1,220,5,10,3,97,52,7,220,124,0,"MIN","CIN",24,27,"True","outdoors","fieldturf ",81,54,15,-3,"MIN",47,"2021-09-12",FALSE,3,FALSE,3,FALSE,3,FALSE,3,FALSE,3,FALSE,3
"1081","SEA",18,23,254,4,0,3,13,69,152,27,140,0,71,21,18,254,4,159,1,2,25,53,28,25,"SEA","IND",0,0,0,0,0,1,231,2,4,0,57,83,5,208,112,0,"SEA","IND",28,16,"False","retractable roof (closed)","fieldturf ",72,45,0,-3,"SEA",49,"2021-09-12",FALSE,12,FALSE,12,FALSE,12,FALSE,12,FALSE,12,FALSE,12
"1082","IND",25,38,251,2,0,3,28,24,102,30,113,0,28,35,25,251,2,113,1,3,27,71,44,27,"IND","SEA",0,0,0,0,0,0,216,6,11,3,69,44,5,183,148,2,"SEA","IND",28,16,"False","retractable roof (closed)","fieldturf ",72,45,0,-3,"SEA",49,"2021-09-12",TRUE,-12,TRUE,-12,TRUE,-12,TRUE,-12,TRUE,-12,TRUE,-12
"1083","SFO",18,26,319,2,0,1,8,84,251,28,131,2,57,23,18,319,2,161,2,1,27,55,28,27,"SFO","DET",0,0,0,1,1,1,165,1,14,2,89,42,2,165,190,2,"SFO","DET",41,33,"False","dome","fieldturf ",72,45,0,-9,"SFO",45,"2021-09-12",FALSE,8,FALSE,8,FALSE,8,FALSE,8,FALSE,8,FALSE,8
"1084","DET",38,57,338,3,1,3,24,43,92,24,116,1,55,56,38,338,3,149,0,3,21,84,63,21,"DET","SFO",4,0,0,1,0,0,341,12,6,1,97,19,1,339,190,3,"SFO","DET",41,33,"False","dome","fieldturf ",72,45,0,-9,"SFO",45,"2021-09-12",FALSE,-8,FALSE,-8,FALSE,-8,FALSE,-8,FALSE,-8,FALSE,-8
"1085","JAX",28,51,332,3,3,1,13,41,70,16,76,0,27,50,28,332,3,162,0,0,16,68,52,16,"JAX","HOU",0,0,0,1,0,0,412,13,6,3,45,31,0,419,141,5,"JAX","HOU",21,37,"False","retractable roof (closed)","astroturf",72,45,0,-3,"JAX",45,"2021-09-12",TRUE,-16,TRUE,-16,TRUE,-16,TRUE,-16,TRUE,-16,TRUE,-16
"1086","HOU",21,33,291,2,0,1,2,52,112,41,160,2,53,32,21,291,2,128,0,3,38,75,37,38,"HOU","JAX",0,0,0,0,0,1,318,7,11,7,68,92,2,297,102,2,"JAX","HOU",21,37,"False","retractable roof (closed)","astroturf",72,45,0,-3,"JAX",45,"2021-09-12",FALSE,16,FALSE,16,FALSE,16,FALSE,16,FALSE,16,FALSE,16
"1087","CLE",21,28,321,0,1,2,17,44,97,26,153,4,57,27,21,321,0,183,1,1,25,56,31,25,"CLE","KAN",1,0,0,1,0,0,284,4,8,3,100,53,2,272,160,0,"CLE","KAN",29,33,"False","outdoors","grass ",88,43,8,-5,"KAN",54,"2021-09-12",FALSE,-4,FALSE,-4,FALSE,-4,FALSE,-4,FALSE,-4,FALSE,-4
"1088","KAN",27,36,337,3,0,2,13,75,131,23,73,1,29,34,27,337,3,132,0,3,20,61,41,20,"KAN","CLE",0,0,0,1,0,1,335,6,10,3,59,14,0,318,136,0,"CLE","KAN",29,33,"False","outdoors","grass ",88,43,8,-5,"KAN",54,"2021-09-12",FALSE,4,FALSE,4,FALSE,4,FALSE,4,FALSE,4,FALSE,4
"1089","GNB",20,35,201,0,2,2,15,63,138,15,43,0,18,33,20,201,0,151,1,0,15,52,37,15,"GNB","NOR",0,0,0,0,0,0,335,11,5,3,23,20,1,331,85,0,"GNB","NOR",3,38,"False","outdoors","grass ",86,57,9,-3,"GNB",49,"2021-09-12",TRUE,-35,TRUE,-35,TRUE,-35,TRUE,-35,TRUE,-35,TRUE,-35
"1090","NOR",15,21,151,5,0,0,0,58,210,39,170,0,40,20,15,151,5,110,0,3,36,60,24,36,"NOR","GNB",0,0,0,0,0,0,152,2,5,0,102,68,0,146,58,3,"GNB","NOR",3,38,"False","outdoors","grass ",86,57,9,-3,"GNB",49,"2021-09-12",FALSE,35,FALSE,35,FALSE,35,FALSE,35,FALSE,35,FALSE,35
"1091","MIA",16,27,202,1,1,2,17,36,79,23,74,1,33,27,16,202,1,105,0,0,23,52,29,23,"MIA","NWE",0,0,0,0,0,0,251,5,5,3,30,44,1,250,109,3,"MIA","NWE",17,16,"False","outdoors","fieldturf ",81,58,15,-3,"NWE",43,"2021-09-12",FALSE,1,FALSE,1,FALSE,1,FALSE,1,FALSE,1,FALSE,1
"1092","NWE",29,39,281,1,0,1,13,26,102,30,125,0,58,38,29,281,1,135,2,0,30,70,40,30,"NWE","MIA",0,0,0,0,1,0,247,2,21,3,63,62,2,232,119,2,"MIA","NWE",17,16,"False","outdoors","fieldturf ",81,58,15,-3,"NWE",43,"2021-09-12",FALSE,-1,FALSE,-1,FALSE,-1,FALSE,-1,FALSE,-1,FALSE,-1
"1093","NYG",22,37,267,1,0,2,13,42,90,20,60,1,19,36,22,267,1,125,1,5,15,59,44,15,"NYG","DEN",0,0,0,0,0,1,306,7,7,0,35,25,0,306,69,3,"DEN","NYG",27,13,"False","outdoors","fieldturf ",82,56,19,-3,"DEN",41,"2021-09-12",TRUE,-14,TRUE,-14,TRUE,-14,TRUE,-14,TRUE,-14,TRUE,-14
"1094","DEN",28,36,264,2,0,2,9,25,115,28,165,1,90,35,28,264,2,119,1,3,25,66,41,25,"DEN","NYG",0,0,0,0,1,0,312,2,18,3,104,61,1,301,87,2,"DEN","NYG",27,13,"False","outdoors","fieldturf ",82,56,19,-3,"DEN",41,"2021-09-12",FALSE,14,FALSE,14,FALSE,14,FALSE,14,FALSE,14,FALSE,14
"1095","ARI",21,32,289,4,1,2,9,38,121,33,136,1,32,32,21,289,4,150,0,1,32,67,35,32,"ARI","TEN",0,0,0,0,0,0,262,6,7,5,100,36,3,262,151,1,"ARI","TEN",38,13,"False","outdoors","grass ",82,55,8,-3,"TEN",53,"2021-09-12",FALSE,25,FALSE,25,FALSE,25,FALSE,25,FALSE,25,FALSE,25
"1096","TEN",22,36,218,1,1,6,56,45,166,22,89,1,45,36,22,218,1,112,2,1,21,64,43,21,"TEN","ARI",0,0,0,0,0,0,274,7,13,1,65,24,0,274,81,0,"ARI","TEN",38,13,"False","outdoors","grass ",82,55,8,-3,"TEN",53,"2021-09-12",TRUE,-25,TRUE,-25,TRUE,-25,TRUE,-25,TRUE,-25,TRUE,-25
"1097","CHI",29,40,216,0,1,3,28,28,160,26,134,2,57,40,29,216,0,89,1,2,24,69,45,24,"CHI","LAR",0,0,0,0,1,0,169,4,16,3,40,94,3,168,99,2,"CHI","LAR",14,34,"False","dome","matrixturf",72,45,0,-8,"LAR",46,"2021-09-12",TRUE,-20,TRUE,-20,TRUE,-20,TRUE,-20,TRUE,-20,TRUE,-20
"1098","LAR",20,26,321,3,0,1,9,67,156,23,74,1,25,26,20,321,3,214,0,0,23,50,27,23,"LAR","CHI",0,0,0,1,0,1,228,4,8,0,47,27,0,228,140,1,"CHI","LAR",14,34,"False","dome","matrixturf",72,45,0,-8,"LAR",46,"2021-09-12",FALSE,20,FALSE,20,FALSE,20,FALSE,20,FALSE,20,FALSE,20
"1099","LAC",31,47,337,1,1,2,3,23,85,29,90,1,36,46,31,337,1,121,1,0,29,78,49,29,"LAC","WAS",0,0,0,1,0,1,364,6,16,3,46,44,0,369,127,4,"LAC","WAS",20,16,"False","outdoors","grass ",81,49,4,-1,"WAS",45,"2021-09-12",FALSE,4,FALSE,4,FALSE,4,FALSE,4,FALSE,4,FALSE,4
"1100","WAS",14,21,135,1,0,1,2,40,175,27,126,0,51,20,14,135,1,78,1,4,23,49,26,23,"WAS","LAC",0,0,0,0,0,0,113,3,5,1,69,57,0,116,46,2,"LAC","WAS",20,16,"False","outdoors","grass ",81,49,4,-1,"WAS",45,"2021-09-12",FALSE,-4,FALSE,-4,FALSE,-4,FALSE,-4,FALSE,-4,FALSE,-4
"1101","BAL",19,30,235,1,0,3,18,49,98,34,189,2,79,29,19,235,1,124,2,6,28,67,39,28,"BAL","LVR",0,0,0,0,0,0,242,6,3,2,59,130,4,232,101,2,"BAL","LVR",27,33,"True","dome","grass",72,45,0,-4,"BAL",50,"2021-09-13",FALSE,-6,FALSE,-6,FALSE,-6,FALSE,-6,FALSE,-6,FALSE,-6
"1102","LVR",34,56,435,2,1,3,26,37,89,21,82,2,56,52,34,435,2,187,0,2,19,80,61,19,"LVR","BAL",0,0,0,1,0,1,544,9,22,6,51,31,3,534,169,5,"BAL","LVR",27,33,"True","dome","grass",72,45,0,-4,"BAL",50,"2021-09-13",FALSE,6,FALSE,6,FALSE,6,FALSE,6,FALSE,6,FALSE,6
"1103","NYG",22,32,249,1,0,4,21,33,102,28,163,1,94,32,22,249,1,114,0,2,26,64,38,26,"NYG","WAS",0,0,0,0,0,0,359,3,17,10,116,47,3,359,41,3,"NYG","WAS",29,30,"False","outdoors","grass ",71,94,0,-3,"WAS",40,"2021-09-16",FALSE,-1,FALSE,-1,FALSE,-1,FALSE,-1,FALSE,-1,FALSE,-1
"1104","WAS",34,46,336,2,1,1,16,56,99,22,87,1,22,44,34,336,2,155,0,2,20,69,49,20,"WAS","NYG",0,0,0,1,0,1,344,6,7,7,51,36,5,340,152,1,"NYG","WAS",29,30,"False","outdoors","grass ",71,94,0,-3,"WAS",40,"2021-09-16",FALSE,1,FALSE,1,FALSE,1,FALSE,1,FALSE,1,FALSE,1
"1105","NOR",11,22,111,0,2,4,31,27,26,17,48,1,33,21,11,111,0,90,0,2,15,43,28,15,"NOR","CAR",0,0,0,0,0,0,159,7,11,6,22,26,4,166,47,2,"NOR","CAR",7,26,"False","outdoors","grass ",83,65,4,-3,"NOR",44,"2021-09-19",TRUE,-19,TRUE,-19,TRUE,-19,TRUE,-19,TRUE,-19,TRUE,-19
"1106","CAR",26,38,305,2,1,2,11,32,99,33,89,1,32,36,26,305,2,127,0,1,32,73,41,32,"CAR","NOR",0,0,0,1,0,0,270,5,12,6,33,56,6,265,155,1,"NOR","CAR",7,26,"False","outdoors","grass ",83,65,4,-3,"NOR",44,"2021-09-19",FALSE,19,FALSE,19,FALSE,19,FALSE,19,FALSE,19,FALSE,19
"1107","CIN",19,30,207,2,3,5,28,42,66,20,69,0,10,29,19,207,2,97,1,0,20,55,35,20,"CIN","CHI",0,0,0,0,0,0,227,3,5,2,33,36,2,221,80,1,"CIN","CHI",17,20,"False","outdoors","grass ",80,52,0,-1,"CHI",44,"2021-09-19",FALSE,-3,FALSE,-3,FALSE,-3,FALSE,-3,FALSE,-3,FALSE,-3
"1108","CHI",15,24,116,1,1,3,33,38,145,34,123,0,41,23,15,116,1,57,0,6,28,61,33,28,"CHI","CIN",0,0,0,0,0,0,175,4,10,1,73,50,4,175,31,1,"CIN","CHI",17,20,"False","outdoors","grass ",80,52,0,-1,"CHI",44,"2021-09-19",FALSE,3,FALSE,3,FALSE,3,FALSE,3,FALSE,3,FALSE,3
"1109","HOU",18,29,227,2,1,1,7,67,202,28,82,1,38,28,18,227,2,163,1,1,27,58,31,27,"HOU","CLE",0,0,0,0,0,0,272,5,6,0,22,60,3,250,134,2,"HOU","CLE",21,31,"False","outdoors","grass ",75,66,12,-13,"CLE",48,"2021-09-19",TRUE,-10,TRUE,-10,TRUE,-10,TRUE,-10,TRUE,-10,TRUE,-10
"1110","CLE",19,21,213,1,1,2,14,33,105,34,156,3,45,21,19,213,1,128,1,5,29,57,28,29,"CLE","HOU",0,0,0,0,0,0,131,2,4,0,66,90,3,131,123,0,"HOU","CLE",21,31,"False","outdoors","grass ",75,66,12,-13,"CLE",48,"2021-09-19",FALSE,10,FALSE,10,FALSE,10,FALSE,10,FALSE,10,FALSE,10
"1111","LAR",19,30,278,2,1,1,8,44,101,29,101,1,33,29,19,278,2,105,1,1,28,60,32,28,"LAR","IND",0,0,1,0,0,1,218,4,8,1,65,36,1,220,152,3,"LAR","IND",27,24,"False","retractable roof (closed)","fieldturf ",72,45,0,-3,"LAR",48,"2021-09-19",FALSE,3,FALSE,3,FALSE,3,FALSE,3,FALSE,3,FALSE,3
"1112","IND",22,36,272,1,2,3,27,52,103,26,109,0,38,35,22,272,1,122,0,5,21,65,44,21,"IND","LAR",2,0,0,0,0,1,294,8,12,2,87,22,0,282,122,2,"LAR","IND",27,24,"False","retractable roof (closed)","fieldturf ",72,45,0,-3,"LAR",48,"2021-09-19",FALSE,-3,FALSE,-3,FALSE,-3,FALSE,-3,FALSE,-3,FALSE,-3
"1113","MIN",22,32,244,3,0,1,2,64,122,27,177,0,51,32,22,244,3,133,0,2,25,60,35,25,"MIN","ARI",0,0,0,0,1,0,203,3,17,2,109,68,0,202,133,3,"MIN","ARI",33,34,"False","retractable roof (closed)","grass ",72,45,0,-3,"ARI",50,"2021-09-19",FALSE,-1,FALSE,-1,FALSE,-1,FALSE,-1,FALSE,-1,FALSE,-1
"1114","ARI",29,36,400,3,2,3,29,77,117,21,103,1,35,34,29,400,3,204,0,2,19,60,41,19,"ARI","MIN",0,0,0,1,0,1,296,1,6,6,61,42,2,271,191,1,"MIN","ARI",33,34,"False","retractable roof (closed)","grass ",72,45,0,-3,"ARI",50,"2021-09-19",FALSE,1,FALSE,1,FALSE,1,FALSE,1,FALSE,1,FALSE,1
"1115","JAX",14,33,118,1,2,1,4,25,37,16,75,0,29,33,14,118,1,92,0,2,14,50,36,14,"JAX","DEN",0,0,0,0,0,0,405,13,10,6,50,25,1,404,39,0,"DEN","JAX",23,13,"False","outdoors","grass ",80,87,7,-6,"DEN",45,"2021-09-19",TRUE,-10,TRUE,-10,TRUE,-10,TRUE,-10,TRUE,-10,TRUE,-10
"1116","DEN",26,34,328,2,0,3,26,55,125,30,96,0,26,34,26,328,2,164,0,1,29,67,38,29,"DEN","JAX",0,0,0,1,0,1,389,5,10,8,48,48,4,389,131,0,"DEN","JAX",23,13,"False","outdoors","grass ",80,87,7,-6,"DEN",45,"2021-09-19",FALSE,10,FALSE,10,FALSE,10,FALSE,10,FALSE,10,FALSE,10
"1117","BUF",17,33,179,2,1,1,8,41,75,30,143,3,72,29,17,179,2,120,1,2,28,64,36,28,"BUF","MIA",0,0,0,0,0,0,314,6,10,0,103,40,5,259,76,0,"BUF","MIA",35,0,"False","outdoors","grass ",89,59,7,-3,"BUF",47,"2021-09-19",FALSE,35,FALSE,35,FALSE,35,FALSE,35,FALSE,35,FALSE,35
"1118","MIA",25,44,182,0,1,6,30,31,99,20,71,0,44,42,25,182,0,75,2,3,17,70,53,17,"MIA","BUF",0,0,0,0,0,0,206,6,14,4,43,28,0,205,84,5,"BUF","MIA",35,0,"False","outdoors","grass ",89,59,7,-3,"BUF",47,"2021-09-19",TRUE,-35,TRUE,-35,TRUE,-35,TRUE,-35,TRUE,-35,TRUE,-35
"1119","NYJ",19,33,210,0,4,4,26,35,37,31,152,0,58,33,19,210,0,124,0,2,29,68,39,29,"NYJ","NWE",0,0,0,0,0,0,301,9,8,5,112,40,1,301,76,0,"NWE","NYJ",25,6,"False","outdoors","fieldturf ",72,49,13,-6,"NWE",43,"2021-09-19",TRUE,-19,TRUE,-19,TRUE,-19,TRUE,-19,TRUE,-19,TRUE,-19
"1120","NWE",22,30,186,0,0,3,27,32,89,24,101,2,51,28,22,186,0,122,0,0,24,57,33,24,"NWE","NYJ",0,0,0,0,0,0,120,2,4,2,49,52,3,111,132,2,"NWE","NYJ",25,6,"False","outdoors","fieldturf ",72,49,13,-6,"NWE",43,"2021-09-19",FALSE,19,FALSE,19,FALSE,19,FALSE,19,FALSE,19,FALSE,19
"1121","PHI",12,24,190,0,0,2,13,91,119,29,151,1,43,24,12,190,0,139,0,5,24,55,31,24,"PHI","SFO",1,0,0,0,0,1,338,5,9,1,133,18,10,338,105,0,"SFO","PHI",17,11,"False","outdoors","grass ",76,42,13,-3,"SFO",49,"2021-09-19",FALSE,-6,FALSE,-6,FALSE,-6,FALSE,-6,FALSE,-6,FALSE,-6
"1122","SFO",22,30,189,1,0,0,0,40,100,38,117,1,54,30,22,189,1,101,0,3,35,68,33,35,"SFO","PHI",0,0,0,0,0,0,119,4,2,0,99,18,2,119,127,3,"SFO","PHI",17,11,"False","outdoors","grass ",76,42,13,-3,"SFO",49,"2021-09-19",FALSE,6,FALSE,6,FALSE,6,FALSE,6,FALSE,6,FALSE,6
"1123","PIT",27,40,295,1,1,2,3,52,87,14,39,1,15,40,27,295,1,149,0,0,14,56,42,14,"PIT","LVR",0,0,0,0,0,1,385,5,2,4,19,20,4,385,157,1,"LVR","PIT",26,17,"False","outdoors","grass ",77,60,4,-6,"PIT",47,"2021-09-19",FALSE,-9,FALSE,-9,FALSE,-9,FALSE,-9,FALSE,-9,FALSE,-9
"1124","LVR",28,37,382,2,0,2,9,61,126,25,52,0,25,37,28,382,2,188,0,1,24,64,40,24,"LVR","PIT",0,0,0,1,0,1,308,5,8,8,27,25,4,308,154,0,"LVR","PIT",26,17,"False","outdoors","grass ",77,60,4,-6,"PIT",47,"2021-09-19",FALSE,9,FALSE,9,FALSE,9,FALSE,9,FALSE,9,FALSE,9
"1125","KAN",24,31,343,3,1,0,0,46,131,18,62,1,29,30,24,343,3,201,1,1,17,49,32,17,"KAN","BAL",0,0,0,1,0,1,245,4,4,5,47,15,2,259,211,0,"KAN","BAL",35,36,"False","outdoors","grass",82,38,8,-4,"KAN",54,"2021-09-19",FALSE,-1,FALSE,-1,FALSE,-1,FALSE,-1,FALSE,-1,FALSE,-1
"1126","BAL",18,26,239,1,2,1,9,42,78,41,251,3,82,25,18,239,1,99,0,1,40,68,28,40,"BAL","KAN",0,0,0,0,1,1,249,5,12,1,172,79,5,249,119,1,"KAN","BAL",35,36,"False","outdoors","grass",82,38,8,-4,"KAN",54,"2021-09-19",FALSE,1,FALSE,1,FALSE,1,FALSE,1,FALSE,1,FALSE,1
"1127","DAL",23,27,237,0,1,1,10,48,87,31,198,2,65,27,23,237,0,113,0,0,31,59,28,31,"DAL","LAC",0,0,0,0,1,0,137,1,5,0,100,98,2,137,147,0,"DAL","LAC",20,17,"False","dome","matrixturf",72,45,0,-3,"LAC",55,"2021-09-19",FALSE,3,FALSE,3,FALSE,3,FALSE,3,FALSE,3,FALSE,3
"1128","LAC",31,41,338,1,2,2,25,42,87,19,95,0,40,40,31,338,1,140,0,2,17,62,45,17,"LAC","DAL",1,0,0,1,0,1,254,3,9,2,44,51,3,258,168,3,"DAL","LAC",20,17,"False","dome","matrixturf",72,45,0,-3,"LAC",55,"2021-09-19",FALSE,-3,FALSE,-3,FALSE,-3,FALSE,-3,FALSE,-3,FALSE,-3
"1129","SEA",22,31,343,2,0,3,23,68,128,18,77,2,50,31,22,343,2,161,0,2,16,52,36,16,"SEA","TEN",0,0,0,1,0,1,310,7,7,6,54,23,3,309,159,0,"TEN","SEA",33,30,"True","outdoors","fieldturf ",62,70,14,-6,"SEA",54,"2021-09-19",FALSE,-3,FALSE,-3,FALSE,-3,FALSE,-3,FALSE,-3,FALSE,-3
"1130","TEN",27,40,347,0,0,3,27,51,94,40,212,3,82,39,27,347,0,152,1,2,38,83,45,38,"TEN","SEA",0,0,0,1,1,1,402,6,10,0,120,92,1,405,111,5,"TEN","SEA",33,30,"True","outdoors","fieldturf ",62,70,14,-6,"SEA",54,"2021-09-19",FALSE,3,FALSE,3,FALSE,3,FALSE,3,FALSE,3,FALSE,3
"1131","ATL",35,48,300,2,3,1,7,24,119,20,55,1,24,48,35,300,2,128,0,1,19,69,50,19,"ATL","TAM",1,0,0,1,0,0,186,6,17,5,22,33,1,185,187,1,"ATL","TAM",25,48,"False","outdoors","grass ",85,72,0,-12,"TAM",51,"2021-09-19",TRUE,-23,TRUE,-23,TRUE,-23,TRUE,-23,TRUE,-23,TRUE,-23
"1132","TAM",24,36,276,5,0,3,17,26,129,21,82,0,25,35,24,276,5,158,1,1,20,60,40,20,"TAM","ATL",0,0,0,0,0,0,347,8,7,1,44,38,0,350,88,0,"ATL","TAM",25,48,"False","outdoors","grass ",85,72,0,-12,"TAM",51,"2021-09-19",FALSE,23,FALSE,23,FALSE,23,FALSE,23,FALSE,23,FALSE,23
"1133","DET",26,36,246,2,1,1,10,46,97,19,108,0,46,35,26,246,2,133,1,2,17,56,39,17,"DET","GNB",0,0,0,0,0,0,234,6,17,3,105,3,0,240,158,0,"DET","GNB",17,35,"False","outdoors","grass ",73,84,12,-11,"GNB",48,"2021-09-20",TRUE,-18,TRUE,-18,TRUE,-18,TRUE,-18,TRUE,-18,TRUE,-18
"1134","GNB",22,27,255,4,0,3,28,50,145,31,96,1,26,27,22,255,4,107,0,3,28,61,33,28,"GNB","DET",0,0,0,0,0,1,262,4,6,0,61,35,2,262,125,0,"DET","GNB",17,35,"False","outdoors","grass ",73,84,12,-11,"GNB",48,"2021-09-20",FALSE,18,FALSE,18,FALSE,18,FALSE,18,FALSE,18,FALSE,18
"1135","CAR",23,34,304,0,0,3,14,30,95,33,117,3,48,33,23,304,0,153,0,1,32,70,38,32,"CAR","HOU",0,0,0,1,0,1,269,3,7,2,55,62,7,271,113,4,"CAR","HOU",24,9,"False","retractable roof (closed)","astroturf",72,45,0,-9,"CAR",43,"2021-09-23",FALSE,15,FALSE,15,FALSE,15,FALSE,15,FALSE,15,FALSE,15
"1136","HOU",19,28,168,1,0,4,17,30,95,17,42,0,21,25,19,168,1,56,0,0,17,49,32,17,"HOU","CAR",0,0,0,0,0,1,190,4,15,3,16,26,0,190,42,1,"CAR","HOU",24,9,"False","retractable roof (closed)","astroturf",72,45,0,-9,"CAR",43,"2021-09-23",TRUE,-15,TRUE,-15,TRUE,-15,TRUE,-15,TRUE,-15,TRUE,-15
"1137","WAS",14,24,212,2,2,1,0,73,80,25,78,1,28,24,14,212,2,156,1,5,20,50,30,20,"WAS","BUF",0,0,0,0,0,0,165,3,5,6,51,27,1,165,148,3,"WAS","BUF",21,43,"False","outdoors","a_turf",67,40,21,-7,"BUF",45,"2021-09-26",TRUE,-22,TRUE,-22,TRUE,-22,TRUE,-22,TRUE,-22,TRUE,-22
"1138","BUF",33,44,359,4,0,0,0,42,209,33,122,1,50,43,33,359,4,136,0,3,30,77,47,30,"BUF","WAS",0,0,0,1,0,0,407,5,8,9,83,39,2,403,126,3,"WAS","BUF",21,43,"False","outdoors","a_turf",67,40,21,-7,"BUF",45,"2021-09-26",FALSE,22,FALSE,22,FALSE,22,FALSE,22,FALSE,22,FALSE,22
"1139","CLE",19,31,246,1,0,5,43,26,97,42,215,1,72,29,19,246,1,113,0,4,38,78,40,38,"CLE","CHI",0,0,0,0,0,0,306,8,7,3,144,71,4,303,102,0,"CHI","CLE",6,26,"False","outdoors","grass ",70,38,22,-7,"CLE",44,"2021-09-26",FALSE,20,FALSE,20,FALSE,20,FALSE,20,FALSE,20,FALSE,20
"1140","CHI",6,20,68,0,0,9,67,18,41,13,46,0,23,20,6,68,0,49,0,1,12,42,30,12,"CHI","CLE",0,0,0,0,0,0,105,7,5,0,38,8,0,105,48,0,"CHI","CLE",6,26,"False","outdoors","grass ",70,38,22,-7,"CLE",44,"2021-09-26",TRUE,-20,TRUE,-20,TRUE,-20,TRUE,-20,TRUE,-20,TRUE,-20
"1141","NYJ",19,35,160,0,2,5,41,23,42,13,43,0,23,33,19,160,0,114,0,0,13,53,40,13,"NYJ","DEN",0,0,0,0,0,0,270,6,12,8,27,16,4,270,43,4,"NYJ","DEN",0,26,"False","outdoors","grass ",82,13,6,-10,"DEN",41,"2021-09-26",TRUE,-26,TRUE,-26,TRUE,-26,TRUE,-26,TRUE,-26,TRUE,-26
"1142","DEN",19,25,235,0,0,2,12,31,104,37,120,2,43,24,19,235,0,123,1,2,35,64,29,35,"DEN","NYJ",0,0,0,0,0,0,200,4,7,5,79,41,4,189,98,0,"NYJ","DEN",0,26,"False","outdoors","grass ",82,13,6,-10,"DEN",41,"2021-09-26",FALSE,26,FALSE,26,FALSE,26,FALSE,26,FALSE,26,FALSE,26
"1143","BAL",16,31,287,1,1,4,16,41,81,22,116,0,56,27,16,287,1,168,0,5,17,57,40,17,"BAL","DET",0,0,0,0,0,1,529,2,5,5,101,15,0,509,61,2,"BAL","DET",19,17,"False","dome","fieldturf ",72,45,0,-7,"BAL",50,"2021-09-26",FALSE,2,FALSE,2,FALSE,2,FALSE,2,FALSE,2,FALSE,2
"1144","DET",22,31,217,0,0,2,25,24,132,27,93,2,32,28,22,217,0,104,0,1,26,60,34,26,"DET","BAL",0,0,0,0,0,0,132,3,13,3,78,15,1,129,167,1,"BAL","DET",19,17,"False","dome","fieldturf ",72,45,0,-7,"BAL",50,"2021-09-26",FALSE,-2,FALSE,-2,FALSE,-2,FALSE,-2,FALSE,-2,FALSE,-2
"1145","JAX",22,34,219,1,2,3,17,25,68,29,159,1,49,32,22,219,1,80,2,2,27,66,39,27,"JAX","ARI",0,0,0,0,0,0,286,8,9,4,59,100,1,288,84,1,"ARI","JAX",31,19,"False","outdoors","grass ",81,49,4,-7,"ARI",51,"2021-09-26",TRUE,-12,TRUE,-12,TRUE,-12,TRUE,-12,TRUE,-12,TRUE,-12
"1146","ARI",28,34,316,0,1,0,0,36,93,30,91,3,30,34,28,316,0,109,0,3,27,64,37,27,"ARI","JAX",0,0,0,1,0,2,263,4,4,0,48,43,1,263,143,0,"ARI","JAX",31,19,"False","outdoors","grass ",81,49,4,-7,"ARI",51,"2021-09-26",FALSE,12,FALSE,12,FALSE,12,FALSE,12,FALSE,12,FALSE,12
"1147","KAN",27,44,260,3,2,2,9,28,81,30,186,0,55,40,27,260,3,111,2,4,26,76,50,26,"KAN","LAC",0,0,0,0,1,1,383,9,9,10,147,39,0,331,146,3,"LAC","KAN",30,24,"False","outdoors","grass ",81,34,19,-7,"KAN",54,"2021-09-26",FALSE,-6,FALSE,-6,FALSE,-6,FALSE,-6,FALSE,-6,FALSE,-6
"1148","LAC",26,38,281,4,0,1,6,43,125,22,77,0,28,35,26,281,4,122,0,2,20,61,41,20,"LAC","KAN",2,0,0,0,0,1,237,3,10,5,53,24,0,219,150,3,"LAC","KAN",30,24,"False","outdoors","grass ",81,34,19,-7,"KAN",54,"2021-09-26",FALSE,6,FALSE,6,FALSE,6,FALSE,6,FALSE,6,FALSE,6
"1149","SEA",23,32,298,1,0,2,15,39,111,18,106,1,51,28,23,298,1,152,0,3,15,52,37,15,"SEA","MIN",0,0,0,0,0,1,282,4,6,7,71,35,2,235,186,0,"SEA","MIN",17,30,"False","dome","sportturf",72,45,0,-2,"SEA",55,"2021-09-26",TRUE,-13,TRUE,-13,TRUE,-13,TRUE,-13,TRUE,-13,TRUE,-13
"1150","MIN",30,38,323,3,0,1,10,28,128,34,140,0,37,38,30,323,3,104,0,0,34,73,39,34,"MIN","SEA",0,0,0,1,1,1,189,6,11,4,80,60,3,188,169,1,"SEA","MIN",17,30,"False","dome","sportturf",72,45,0,-2,"SEA",55,"2021-09-26",FALSE,13,FALSE,13,FALSE,13,FALSE,13,FALSE,13,FALSE,13
"1151","NOR",13,21,128,2,0,3,18,17,110,38,142,1,40,20,13,128,2,59,0,2,36,62,26,36,"NOR","NWE",0,0,0,0,0,0,208,4,6,0,85,57,6,210,46,0,"NOR","NWE",28,13,"False","outdoors","fieldturf ",73,55,11,-3,"NWE",42,"2021-09-26",FALSE,15,FALSE,15,FALSE,15,FALSE,15,FALSE,15,FALSE,15
"1152","NWE",30,51,270,1,3,2,19,31,55,17,49,0,27,51,30,270,1,104,0,3,14,70,56,14,"NWE","NOR",0,0,0,0,0,0,633,12,14,1,41,8,1,633,87,2,"NOR","NWE",28,13,"False","outdoors","fieldturf ",73,55,11,-3,"NWE",42,"2021-09-26",TRUE,-15,TRUE,-15,TRUE,-15,TRUE,-15,TRUE,-15,TRUE,-15
"1153","ATL",27,36,243,2,0,3,16,28,111,20,69,0,21,36,27,243,2,108,1,0,20,59,39,20,"ATL","NYG",0,0,0,0,0,0,148,5,11,3,28,41,2,148,173,0,"ATL","NYG",17,14,"False","outdoors","fieldturf ",69,45,13,-3,"NYG",47,"2021-09-26",FALSE,3,FALSE,3,FALSE,3,FALSE,3,FALSE,3,FALSE,3
"1154","NYG",24,35,266,0,0,2,20,38,90,27,100,1,35,35,24,266,0,138,1,5,22,64,42,22,"NYG","ATL",1,0,0,0,0,0,238,1,9,2,69,31,1,238,129,2,"ATL","NYG",17,14,"False","outdoors","fieldturf ",69,45,13,-3,"NYG",47,"2021-09-26",FALSE,-3,FALSE,-3,FALSE,-3,FALSE,-3,FALSE,-3,FALSE,-3
"1155","IND",19,37,194,0,0,2,16,36,66,18,87,1,30,34,19,194,0,115,0,0,18,57,39,18,"IND","TEN",0,0,0,0,0,0,198,9,13,6,57,30,1,213,114,2,"IND","TEN",16,25,"False","outdoors","grass ",72,66,4,-5,"TEN",47,"2021-09-26",FALSE,-9,FALSE,-9,FALSE,-9,FALSE,-9,FALSE,-9,FALSE,-9
"1156","TEN",18,27,197,3,2,1,9,26,94,37,180,0,57,26,18,197,3,122,1,3,34,65,31,34,"TEN","IND",0,0,0,0,1,0,176,5,7,0,130,50,1,170,113,2,"IND","TEN",16,25,"False","outdoors","grass ",72,66,4,-5,"TEN",47,"2021-09-26",FALSE,9,FALSE,9,FALSE,9,FALSE,9,FALSE,9,FALSE,9
"1157","CIN",14,18,172,3,1,0,0,34,122,24,96,0,34,18,14,172,3,110,0,2,22,42,20,22,"CIN","PIT",0,0,0,0,0,0,160,2,5,0,37,59,1,160,79,1,"CIN","PIT",24,10,"False","outdoors","grass ",67,42,9,-3,"PIT",43,"2021-09-26",FALSE,14,FALSE,14,FALSE,14,FALSE,14,FALSE,14,FALSE,14
"1158","PIT",38,58,318,1,2,4,21,29,70,15,45,0,25,58,38,318,1,127,0,1,14,77,63,14,"PIT","CIN",0,0,0,1,0,1,314,9,8,3,19,26,1,314,191,8,"CIN","PIT",24,10,"False","outdoors","grass ",67,42,9,-3,"PIT",43,"2021-09-26",TRUE,-14,TRUE,-14,TRUE,-14,TRUE,-14,TRUE,-14,TRUE,-14
"1159","MIA",32,49,215,0,0,2,18,27,74,27,133,2,58,47,32,215,0,65,0,6,21,78,57,21,"MIA","LVR",2,0,0,0,0,0,391,10,8,6,103,30,0,366,73,1,"MIA","LVR",28,31,"True","dome","grass",72,45,0,-4,"LVR",44,"2021-09-26",FALSE,-3,FALSE,-3,FALSE,-3,FALSE,-3,FALSE,-3,FALSE,-3
"1160","LVR",26,43,386,2,1,3,29,34,95,35,140,1,39,40,26,386,2,168,0,0,35,81,46,35,"LVR","MIA",0,0,0,1,1,0,399,9,17,1,90,50,1,403,186,1,"MIA","LVR",28,31,"True","dome","grass",72,45,0,-4,"LVR",44,"2021-09-26",FALSE,3,FALSE,3,FALSE,3,FALSE,3,FALSE,3,FALSE,3
"1161","LAR",27,38,343,4,0,1,12,75,134,24,76,0,25,38,27,343,4,156,0,0,24,63,39,24,"LAR","TAM",0,0,0,1,0,1,359,7,11,3,36,40,3,358,178,1,"TAM","LAR",24,34,"False","dome","matrixturf",72,45,0,-1,"TAM",55,"2021-09-26",FALSE,10,FALSE,10,FALSE,10,FALSE,10,FALSE,10,FALSE,10
"1162","TAM",41,55,432,1,0,3,21,32,103,13,35,2,19,54,41,432,1,181,0,2,11,71,60,11,"TAM","LAR",0,0,0,1,0,1,382,9,13,7,26,9,0,385,238,2,"TAM","LAR",24,34,"False","dome","matrixturf",72,45,0,-1,"TAM",55,"2021-09-26",TRUE,-10,TRUE,-10,TRUE,-10,TRUE,-10,TRUE,-10,TRUE,-10
"1163","GNB",23,33,261,2,0,1,8,47,113,25,100,1,18,31,23,261,2,137,0,0,25,59,34,25,"GNB","SFO",0,0,0,0,0,1,354,5,8,2,51,49,2,355,100,1,"GNB","SFO",30,28,"False","outdoors","grass",69,57,15,-3,"SFO",50,"2021-09-26",FALSE,2,FALSE,2,FALSE,2,FALSE,2,FALSE,2,FALSE,2
"1164","SFO",25,40,257,2,1,4,26,39,87,21,67,2,43,38,25,257,2,105,1,0,21,65,44,21,"SFO","GNB",0,0,0,0,0,0,261,4,9,3,35,32,1,257,114,3,"GNB","SFO",30,28,"False","outdoors","grass",69,57,15,-3,"SFO",50,"2021-09-26",FALSE,-2,FALSE,-2,FALSE,-2,FALSE,-2,FALSE,-2,FALSE,-2
"1165","DAL",21,26,238,3,0,4,18,44,143,41,160,2,33,25,21,238,3,125,1,2,39,71,32,39,"DAL","PHI",0,0,0,0,0,0,232,2,5,4,75,85,2,232,103,0,"PHI","DAL",21,41,"False","retractable roof (open)","matrixturf",72,45,0,-3,"DAL",51,"2021-09-27",FALSE,20,FALSE,20,FALSE,20,FALSE,20,FALSE,20,FALSE,20
"1166","PHI",25,39,326,2,2,2,23,41,86,12,64,0,35,38,25,326,2,211,0,7,5,53,48,5,"PHI","DAL",0,0,0,1,0,0,277,3,9,9,45,19,0,252,230,1,"PHI","DAL",21,41,"False","retractable roof (open)","matrixturf",72,45,0,-3,"DAL",51,"2021-09-27",TRUE,-20,TRUE,-20,TRUE,-20,TRUE,-20,TRUE,-20,TRUE,-20
"1167","JAX",17,24,204,0,0,1,2,52,96,30,139,3,55,22,17,204,0,131,0,3,27,55,28,27,"JAX","CIN",0,0,0,0,0,0,216,2,4,4,98,41,4,197,73,0,"JAX","CIN",21,24,"False","outdoors","fieldturf ",65,84,0,-7,"CIN",46,"2021-09-30",FALSE,-3,FALSE,-3,FALSE,-3,FALSE,-3,FALSE,-3,FALSE,-3
"1168","CIN",25,32,348,2,0,1,6,44,132,22,78,1,19,32,25,348,2,166,0,0,22,55,33,22,"CIN","JAX",0,0,0,1,0,1,212,4,10,2,61,17,2,212,214,1,"JAX","CIN",21,24,"False","outdoors","fieldturf ",65,84,0,-7,"CIN",46,"2021-09-30",FALSE,3,FALSE,3,FALSE,3,FALSE,3,FALSE,3,FALSE,3
"1169","WAS",23,33,290,3,0,1,0,33,127,28,122,1,41,33,23,290,3,173,0,4,24,62,38,24,"WAS","ATL",0,1,0,0,0,1,295,4,9,0,95,27,0,295,144,1,"WAS","ATL",34,30,"False","retractable roof (open)","fieldturf",72,45,0,-2,"WAS",48,"2021-10-03",FALSE,4,FALSE,4,FALSE,4,FALSE,4,FALSE,4,FALSE,4
"1170","ATL",25,42,283,4,0,1,8,42,111,28,99,0,56,40,25,283,4,120,0,1,27,71,44,27,"ATL","WAS",0,0,0,0,0,0,441,7,14,0,60,39,1,404,89,1,"WAS","ATL",34,30,"False","retractable roof (open)","fieldturf",72,45,0,-2,"WAS",48,"2021-10-03",FALSE,-4,FALSE,-4,FALSE,-4,FALSE,-4,FALSE,-4,FALSE,-4
"1171","BUF",21,31,256,2,1,1,5,45,200,40,199,2,64,31,21,256,2,107,0,2,38,72,34,38,"BUF","HOU",0,0,0,0,0,1,271,5,6,2,83,116,1,271,73,0,"HOU","BUF",0,40,"False","outdoors","a_turf",67,93,12,-17,"BUF",47,"2021-10-03",FALSE,40,FALSE,40,FALSE,40,FALSE,40,FALSE,40,FALSE,40
"1172","HOU",11,21,87,0,4,3,26,16,23,18,48,0,28,20,11,87,0,41,1,1,17,42,25,17,"HOU","BUF",0,0,0,0,0,0,180,2,2,4,20,28,1,175,34,0,"HOU","BUF",0,40,"False","outdoors","a_turf",67,93,12,-17,"BUF",47,"2021-10-03",TRUE,-40,TRUE,-40,TRUE,-40,TRUE,-40,TRUE,-40,TRUE,-40
"1173","DET",24,38,299,2,0,4,38,33,105,25,90,0,23,37,24,299,2,137,2,1,24,67,43,24,"DET","CHI",0,0,0,0,0,0,326,8,4,3,59,31,3,326,140,1,"DET","CHI",14,24,"False","outdoors","grass ",72,79,4,-3,"CHI",41,"2021-10-03",TRUE,-10,TRUE,-10,TRUE,-10,TRUE,-10,TRUE,-10,TRUE,-10
"1174","CHI",11,17,209,0,1,1,24,64,82,39,188,3,73,17,11,209,0,106,0,1,38,57,19,38,"CHI","DET",0,0,0,0,1,1,232,5,8,3,115,73,5,232,59,0,"DET","CHI",14,24,"False","outdoors","grass ",72,79,4,-3,"CHI",41,"2021-10-03",FALSE,10,FALSE,10,FALSE,10,FALSE,10,FALSE,10,FALSE,10
"1175","CAR",26,39,301,2,2,5,35,55,85,24,113,2,43,39,26,301,2,146,0,2,22,68,46,22,"CAR","DAL",0,0,0,1,0,1,350,10,10,4,81,32,1,349,193,0,"CAR","DAL",28,36,"False","retractable roof (closed)","matrixturf",72,45,0,-4,"DAL",51,"2021-10-03",FALSE,-8,FALSE,-8,FALSE,-8,FALSE,-8,FALSE,-8,FALSE,-8
"1176","DAL",14,22,188,4,0,0,0,35,130,34,245,1,86,22,14,188,4,101,0,1,33,56,23,33,"DAL","CAR",0,0,0,0,1,0,157,4,14,0,151,94,2,157,90,0,"CAR","DAL",28,36,"False","retractable roof (closed)","matrixturf",72,45,0,-4,"DAL",51,"2021-10-03",FALSE,8,FALSE,8,FALSE,8,FALSE,8,FALSE,8,FALSE,8
"1177","BAL",22,37,316,1,0,3,12,49,96,30,102,1,26,35,22,316,1,146,0,2,28,70,42,28,"BAL","DEN",0,0,0,1,0,0,420,7,27,7,76,26,1,405,97,1,"BAL","DEN",23,7,"False","outdoors","grass ",77,14,11,-1,"BAL",44,"2021-10-03",FALSE,16,FALSE,16,FALSE,16,FALSE,16,FALSE,16,FALSE,16
"1178","DEN",19,37,178,1,1,5,30,51,128,17,106,0,47,37,19,178,1,106,0,1,16,59,43,16,"DEN","BAL",0,0,0,0,0,0,365,13,17,10,40,66,8,365,89,1,"BAL","DEN",23,7,"False","outdoors","grass ",77,14,11,-1,"BAL",44,"2021-10-03",TRUE,-16,TRUE,-16,TRUE,-16,TRUE,-16,TRUE,-16,TRUE,-16
"1179","PIT",26,40,232,1,1,2,12,45,78,16,62,1,11,39,26,232,1,120,1,0,16,58,42,16,"PIT","GNB",0,0,0,0,0,0,294,8,10,2,28,34,1,287,111,1,"PIT","GNB",17,27,"False","outdoors","grass ",67,87,4,-6,"GNB",44,"2021-10-03",TRUE,-10,TRUE,-10,TRUE,-10,TRUE,-10,TRUE,-10,TRUE,-10
"1180","GNB",20,36,248,2,0,3,12,28,95,33,131,1,44,35,20,248,2,129,1,1,32,72,40,32,"GNB","PIT",0,0,0,0,0,0,344,10,9,6,75,56,3,321,133,1,"PIT","GNB",17,27,"False","outdoors","grass ",67,87,4,-6,"GNB",44,"2021-10-03",FALSE,10,FALSE,10,FALSE,10,FALSE,10,FALSE,10,FALSE,10
"1181","IND",24,32,228,2,0,2,18,41,115,33,139,1,67,32,24,228,2,156,1,0,33,67,34,33,"IND","MIA",0,0,0,0,1,0,282,3,7,2,82,57,5,282,69,0,"IND","MIA",27,17,"False","outdoors","grass ",85,57,16,-2,"MIA",42,"2021-10-03",FALSE,10,FALSE,10,FALSE,10,FALSE,10,FALSE,10,FALSE,10
"1182","MIA",20,30,199,2,0,3,31,42,107,16,35,0,17,30,20,199,2,108,2,2,14,49,35,14,"MIA","IND",0,0,0,0,0,0,230,4,4,7,26,9,2,230,59,2,"IND","MIA",27,17,"False","outdoors","grass ",85,57,16,-2,"MIA",42,"2021-10-03",TRUE,-10,TRUE,-10,TRUE,-10,TRUE,-10,TRUE,-10,TRUE,-10
"1183","CLE",15,33,155,0,0,3,12,24,59,38,184,1,56,31,15,155,0,91,0,1,37,74,37,37,"CLE","MIN",1,0,0,0,1,0,346,13,10,4,73,111,3,320,84,0,"CLE","MIN",14,7,"False","dome","sportturf",72,45,0,-1,"CLE",51,"2021-10-03",FALSE,7,FALSE,7,FALSE,7,FALSE,7,FALSE,7,FALSE,7
"1184","MIN",20,38,203,1,1,2,13,31,66,23,65,0,31,36,20,203,1,112,0,1,22,63,41,22,"MIN","CLE",0,0,0,0,0,0,320,12,9,6,38,27,1,293,64,1,"CLE","MIN",14,7,"False","dome","sportturf",72,45,0,-1,"CLE",51,"2021-10-03",FALSE,-7,FALSE,-7,FALSE,-7,FALSE,-7,FALSE,-7,FALSE,-7
"1185","NOR",19,26,235,1,1,0,0,64,149,39,170,2,33,26,19,235,1,142,0,0,39,65,26,39,"NOR","NYG",0,0,0,0,1,0,185,5,10,3,87,83,6,184,125,0,"NYG","NOR",27,21,"True","dome","sportturf",72,45,0,-7,"NOR",41,"2021-10-03",FALSE,-6,FALSE,-6,FALSE,-6,FALSE,-6,FALSE,-6,FALSE,-6
"1186","NYG",28,40,402,2,1,0,0,54,108,20,83,1,41,36,28,402,2,188,0,3,17,60,43,17,"NYG","NOR",1,0,1,1,0,1,375,5,16,3,52,31,1,291,202,2,"NYG","NOR",27,21,"True","dome","sportturf",72,45,0,-7,"NOR",41,"2021-10-03",FALSE,6,FALSE,6,FALSE,6,FALSE,6,FALSE,6,FALSE,6
"1187","TAM",22,43,269,0,0,1,8,28,70,30,120,1,35,43,22,269,0,124,0,1,29,74,45,29,"TAM","NWE",0,0,0,0,0,0,459,13,6,3,73,47,5,459,109,5,"TAM","NWE",19,17,"False","outdoors","fieldturf ",62,84,4,-7,"TAM",49,"2021-10-03",FALSE,2,FALSE,2,FALSE,2,FALSE,2,FALSE,2,FALSE,2
"1188","NWE",33,42,320,2,1,4,25,51,220,8,-1,0,4,42,33,320,2,137,1,0,8,54,46,8,"NWE","TAM",0,0,0,0,0,0,217,1,20,2,-2,1,1,217,171,1,"TAM","NWE",19,17,"False","outdoors","fieldturf ",62,84,4,-7,"TAM",49,"2021-10-03",FALSE,-2,FALSE,-2,FALSE,-2,FALSE,-2,FALSE,-2,FALSE,-2
"1189","TEN",30,49,298,1,0,7,45,27,85,37,177,1,40,49,30,298,1,133,0,1,36,93,57,36,"TEN","NYJ",2,0,0,0,1,0,404,9,14,1,96,81,2,403,183,3,"TEN","NYJ",24,27,"True","outdoors","fieldturf ",78,50,9,-6,"TEN",44,"2021-10-03",FALSE,-3,FALSE,-3,FALSE,-3,FALSE,-3,FALSE,-3,FALSE,-3
"1190","NYJ",21,34,297,2,1,1,8,54,97,25,66,1,34,34,21,297,2,155,0,2,23,60,37,23,"NYJ","TEN",0,0,0,0,0,1,324,11,14,3,17,49,0,324,89,2,"TEN","NYJ",24,27,"True","outdoors","fieldturf ",78,50,9,-6,"TEN",44,"2021-10-03",FALSE,3,FALSE,3,FALSE,3,FALSE,3,FALSE,3,FALSE,3
"1191","KAN",24,30,278,5,1,1,7,44,131,32,200,1,68,30,24,278,5,104,0,4,28,63,35,28,"KAN","PHI",0,0,0,0,1,1,219,5,4,1,124,76,2,219,117,1,"KAN","PHI",42,30,"False","outdoors","grass ",73,69,8,-7,"KAN",54,"2021-10-03",FALSE,12,FALSE,12,FALSE,12,FALSE,12,FALSE,12,FALSE,12
"1192","PHI",32,48,387,2,0,3,29,37,105,19,103,1,42,44,32,387,2,152,0,4,15,70,55,15,"PHI","KAN",0,0,0,1,0,1,329,7,17,10,51,52,6,316,206,2,"KAN","PHI",42,30,"False","outdoors","grass ",73,69,8,-7,"KAN",54,"2021-10-03",TRUE,-12,TRUE,-12,TRUE,-12,TRUE,-12,TRUE,-12,TRUE,-12
"1193","ARI",24,32,268,2,0,3,19,41,120,40,216,2,91,29,24,268,2,130,0,4,36,75,39,36,"ARI","LAR",0,0,0,0,1,0,230,2,7,8,165,51,1,195,140,1,"ARI","LAR",37,20,"False","dome","matrixturf",72,45,0,-4,"LAR",49,"2021-10-03",FALSE,17,FALSE,17,FALSE,17,FALSE,17,FALSE,17,FALSE,17
"1194","LAR",26,41,280,2,1,0,0,35,89,23,121,0,32,41,26,280,2,121,1,2,21,64,43,21,"LAR","ARI",0,0,0,0,0,0,354,11,8,2,90,31,1,354,107,1,"ARI","LAR",37,20,"False","dome","matrixturf",72,45,0,-4,"LAR",49,"2021-10-03",TRUE,-17,TRUE,-17,TRUE,-17,TRUE,-17,TRUE,-17,TRUE,-17
"1195","SEA",16,23,149,2,0,3,20,28,116,28,105,2,43,22,16,149,2,92,0,2,26,54,28,26,"SEA","SFO",0,0,0,0,0,0,125,3,10,6,67,38,1,125,87,1,"SEA","SFO",28,21,"False","outdoors","grass",80,33,0,-2,"SFO",52,"2021-10-03",FALSE,7,FALSE,7,FALSE,7,FALSE,7,FALSE,7,FALSE,7
"1196","SFO",23,41,322,3,1,2,8,102,196,29,143,0,37,39,23,322,3,170,0,5,24,72,48,24,"SFO","SEA",1,0,0,0,0,1,352,6,7,9,95,48,0,354,161,1,"SEA","SFO",28,21,"False","outdoors","grass",80,33,0,-2,"SFO",52,"2021-10-03",FALSE,-7,FALSE,-7,FALSE,-7,FALSE,-7,FALSE,-7,FALSE,-7
"1197","LVR",21,34,196,2,1,4,31,51,84,18,48,0,15,32,21,196,2,117,0,2,16,56,40,16,"LVR","LAC",0,0,0,0,0,0,294,3,7,5,25,23,1,290,64,3,"LVR","LAC",14,28,"False","dome","matrixturf",72,45,0,-3,"LAC",52,"2021-10-04",TRUE,-14,TRUE,-14,TRUE,-14,TRUE,-14,TRUE,-14,TRUE,-14
"1198","LAC",25,39,222,3,0,2,10,34,147,34,168,1,56,38,25,222,3,119,0,1,33,75,42,33,"LAC","LVR",0,0,0,0,1,0,311,8,10,2,87,81,3,305,99,1,"LVR","LAC",14,28,"False","dome","matrixturf",72,45,0,-3,"LAC",52,"2021-10-04",FALSE,14,FALSE,14,FALSE,14,FALSE,14,FALSE,14,FALSE,14
"1199","LAR",25,37,365,1,1,1,7,68,97,29,118,2,43,35,25,365,1,180,0,0,29,67,38,29,"LAR","SEA",0,0,0,1,0,1,469,7,10,2,63,55,3,443,117,1,"LAR","SEA",26,17,"False","outdoors","fieldturf ",56,53,8,-2,"LAR",54,"2021-10-07",FALSE,9,FALSE,9,FALSE,9,FALSE,9,FALSE,9,FALSE,9
"1200","SEA",21,33,283,2,2,2,21,52,172,25,92,0,41,32,21,283,2,157,0,3,22,60,38,22,"SEA","LAR",0,0,0,0,0,0,341,7,6,6,78,14,2,335,112,1,"LAR","SEA",26,17,"False","outdoors","fieldturf ",56,53,8,-2,"LAR",54,"2021-10-07",FALSE,-9,FALSE,-9,FALSE,-9,FALSE,-9,FALSE,-9,FALSE,-9
"1201","NYJ",19,32,192,0,1,2,26,27,63,18,64,2,23,31,19,192,0,118,0,1,17,52,35,17,"NYJ","ATL",2,0,0,0,0,0,276,8,5,5,32,32,0,272,79,1,"NYJ","ATL",20,27,"False","outdoors","grass",63,77,8,-2,"ATL",45,"2021-10-10",FALSE,-7,FALSE,-7,FALSE,-7,FALSE,-7,FALSE,-7,FALSE,-7
"1202","ATL",33,46,342,2,0,0,0,39,149,29,108,1,30,45,33,342,2,142,2,0,29,75,46,29,"ATL","NYJ",0,0,0,1,0,1,354,6,15,8,46,62,2,336,107,1,"NYJ","ATL",20,27,"False","outdoors","grass",63,77,8,-2,"ATL",45,"2021-10-10",FALSE,7,FALSE,7,FALSE,7,FALSE,7,FALSE,7,FALSE,7
"1203","CAR",21,37,177,1,3,3,19,25,44,30,109,0,30,34,21,177,1,95,0,2,28,70,42,28,"CAR","PHI",0,0,0,0,1,0,291,5,7,5,50,59,2,251,70,3,"PHI","CAR",21,18,"False","outdoors","grass ",76,60,13,-3,"CAR",46,"2021-10-10",FALSE,-3,FALSE,-3,FALSE,-3,FALSE,-3,FALSE,-3,FALSE,-3
"1204","PHI",22,37,198,0,1,2,16,53,62,22,91,2,44,34,22,198,0,126,1,1,21,61,40,21,"PHI","CAR",2,0,0,0,0,0,291,4,7,2,68,23,0,214,95,5,"PHI","CAR",21,18,"False","outdoors","grass ",76,60,13,-3,"CAR",46,"2021-10-10",FALSE,3,FALSE,3,FALSE,3,FALSE,3,FALSE,3,FALSE,3
"1205","GNB",27,39,344,2,1,2,11,59,102,22,133,0,74,35,27,344,2,143,0,0,22,63,41,22,"GNB","CIN",0,0,0,1,1,1,348,5,6,7,42,91,1,344,159,0,"GNB","CIN",25,22,"True","outdoors","fieldturf ",76,67,12,-3,"GNB",51,"2021-10-10",FALSE,3,FALSE,3,FALSE,3,FALSE,3,FALSE,3,FALSE,3
"1206","CIN",26,38,281,2,2,3,17,70,85,24,103,1,30,37,26,281,2,124,0,1,23,65,42,23,"CIN","GNB",2,0,0,0,0,1,306,2,7,5,53,50,2,304,125,4,"GNB","CIN",25,22,"True","outdoors","fieldturf ",76,67,12,-3,"GNB",51,"2021-10-10",FALSE,-3,FALSE,-3,FALSE,-3,FALSE,-3,FALSE,-3,FALSE,-3
"1207","SFO",15,29,192,0,1,2,6,26,58,28,152,1,49,28,15,192,0,114,0,4,24,59,35,24,"SFO","ARI",0,0,0,0,0,0,261,6,13,1,66,86,3,260,94,3,"SFO","ARI",10,17,"False","retractable roof (closed)","grass ",72,45,0,-5,"ARI",48,"2021-10-10",FALSE,-7,FALSE,-7,FALSE,-7,FALSE,-7,FALSE,-7,FALSE,-7
"1208","ARI",22,31,239,1,0,2,29,33,104,27,94,1,60,28,22,239,1,117,1,0,27,60,33,27,"ARI","SFO",0,0,0,0,0,0,218,3,6,4,23,71,2,216,118,1,"SFO","ARI",10,17,"False","retractable roof (closed)","grass ",72,45,0,-5,"ARI",48,"2021-10-10",FALSE,7,FALSE,7,FALSE,7,FALSE,7,FALSE,7,FALSE,7
"1209","NYG",21,39,294,1,2,0,0,73,173,25,73,1,38,37,21,294,1,95,0,1,24,64,40,24,"NYG","DAL",0,0,0,0,0,1,394,10,13,5,52,21,2,390,133,2,"NYG","DAL",20,44,"False","retractable roof (closed)","matrixturf",72,45,0,-7,"DAL",52,"2021-10-10",TRUE,-24,TRUE,-24,TRUE,-24,TRUE,-24,TRUE,-24,TRUE,-24
"1210","DAL",23,33,324,3,1,2,10,71,235,39,201,1,48,32,23,324,3,177,1,1,38,74,36,38,"DAL","NYG",0,0,0,1,1,0,287,4,14,2,129,72,0,287,108,1,"NYG","DAL",20,44,"False","retractable roof (closed)","matrixturf",72,45,0,-7,"DAL",52,"2021-10-10",FALSE,24,FALSE,24,FALSE,24,FALSE,24,FALSE,24,FALSE,24
"1211","NWE",23,30,231,1,1,1,5,24,95,30,126,1,68,28,23,231,1,115,1,0,30,61,31,30,"NWE","HOU",0,0,0,0,0,0,235,3,4,2,42,84,0,226,87,0,"NWE","HOU",25,22,"False","retractable roof (closed)","astroturf",72,45,0,-8,"NWE",39,"2021-10-10",FALSE,3,FALSE,3,FALSE,3,FALSE,3,FALSE,3,FALSE,3
"1212","HOU",21,29,312,3,0,3,19,67,141,24,67,0,23,27,21,312,3,172,1,0,24,56,32,24,"HOU","NWE",0,0,0,1,0,1,251,4,9,3,32,35,0,237,160,1,"NWE","HOU",25,22,"False","retractable roof (closed)","astroturf",72,45,0,-8,"NWE",39,"2021-10-10",FALSE,-3,FALSE,-3,FALSE,-3,FALSE,-3,FALSE,-3,FALSE,-3
"1213","TEN",14,22,197,1,0,3,13,26,107,36,184,3,52,21,14,197,1,131,0,1,35,61,26,35,"TEN","JAX",0,0,0,0,1,0,178,4,9,1,121,63,4,162,104,0,"TEN","JAX",37,19,"False","outdoors","grass ",78,71,11,-4,"TEN",48,"2021-10-10",FALSE,18,FALSE,18,FALSE,18,FALSE,18,FALSE,18,FALSE,18
"1214","JAX",23,33,273,1,1,2,17,58,92,31,198,2,81,33,23,273,1,162,1,3,28,66,38,28,"JAX","TEN",0,0,0,0,1,0,258,3,9,3,146,52,6,258,135,0,"TEN","JAX",37,19,"False","outdoors","grass ",78,71,11,-4,"TEN",48,"2021-10-10",TRUE,-18,TRUE,-18,TRUE,-18,TRUE,-18,TRUE,-18,TRUE,-18
"1215","BUF",15,26,315,3,0,0,0,61,139,28,121,1,39,24,15,315,3,193,0,2,26,54,28,26,"BUF","KAN",0,0,0,1,0,1,292,6,8,2,75,46,3,298,112,2,"BUF","KAN",38,20,"False","outdoors","grass ",76,52,0,-2,"KAN",56,"2021-10-10",FALSE,18,FALSE,18,FALSE,18,FALSE,18,FALSE,18,FALSE,18
"1216","KAN",33,54,272,2,2,2,0,26,70,23,120,0,57,50,33,272,2,115,2,7,16,79,63,16,"KAN","BUF",0,0,0,0,0,0,363,10,2,2,93,27,0,307,138,4,"BUF","KAN",38,20,"False","outdoors","grass ",76,52,0,-2,"KAN",56,"2021-10-10",TRUE,-18,TRUE,-18,TRUE,-18,TRUE,-18,TRUE,-18,TRUE,-18
"1217","DET",21,35,203,0,1,4,23,21,64,24,108,1,25,31,21,203,0,95,1,0,24,63,39,24,"DET","MIN",2,0,0,0,0,0,227,6,6,11,75,33,0,230,146,1,"DET","MIN",17,19,"False","dome","sportturf",72,45,0,-10,"MIN",49,"2021-10-10",FALSE,-2,FALSE,-2,FALSE,-2,FALSE,-2,FALSE,-2,FALSE,-2
"1218","MIN",25,34,275,1,1,2,11,37,94,28,120,0,55,31,25,275,1,117,1,1,27,64,37,27,"MIN","DET",0,0,0,0,1,1,254,2,9,15,49,71,3,248,78,3,"DET","MIN",17,19,"False","dome","sportturf",72,45,0,-10,"MIN",49,"2021-10-10",FALSE,2,FALSE,2,FALSE,2,FALSE,2,FALSE,2,FALSE,2
"1219","DEN",24,38,288,2,1,2,20,39,92,18,106,0,68,35,24,288,2,110,0,1,17,58,41,17,"DEN","PIT",0,0,0,0,0,1,336,4,11,5,69,37,0,311,63,2,"DEN","PIT",19,27,"False","outdoors","grass ",71,61,9,-1,"DEN",39,"2021-10-10",FALSE,-8,FALSE,-8,FALSE,-8,FALSE,-8,FALSE,-8,FALSE,-8
"1220","PIT",15,25,253,2,0,1,9,59,120,35,147,1,34,25,15,253,2,146,1,0,35,61,26,35,"PIT","DEN",0,0,0,0,1,1,193,5,9,2,85,62,3,193,150,2,"DEN","PIT",19,27,"False","outdoors","grass ",71,61,9,-1,"DEN",39,"2021-10-10",FALSE,8,FALSE,8,FALSE,8,FALSE,8,FALSE,8,FALSE,8
"1221","CHI",13,21,119,1,0,2,10,26,191,37,143,1,28,20,13,119,1,69,0,1,36,60,24,36,"CHI","LVR",0,0,0,0,0,0,200,5,7,1,122,21,1,200,50,0,"CHI","LVR",20,9,"False","dome","grass",72,45,0,-5,"LVR",45,"2021-10-10",FALSE,11,FALSE,11,FALSE,11,FALSE,11,FALSE,11,FALSE,11
"1222","LVR",22,35,206,0,1,3,18,29,67,22,71,1,28,35,22,206,0,108,0,1,21,60,39,21,"LVR","CHI",0,0,0,0,0,0,319,8,5,1,66,5,0,318,109,2,"CHI","LVR",20,9,"False","dome","grass",72,45,0,-5,"LVR",45,"2021-10-10",TRUE,-11,TRUE,-11,TRUE,-11,TRUE,-11,TRUE,-11,TRUE,-11
"1223","CLE",23,32,305,2,0,1,4,71,122,35,230,3,71,29,23,305,2,164,0,2,33,68,35,33,"CLE","LAC",1,0,0,1,1,1,276,5,9,5,66,164,5,263,195,2,"CLE","LAC",42,47,"False","dome","matrixturf",72,45,0,-2,"LAC",46,"2021-10-10",FALSE,-5,FALSE,-5,FALSE,-5,FALSE,-5,FALSE,-5,FALSE,-5
"1224","LAC",26,43,398,4,0,2,17,72,122,23,112,3,34,42,26,398,4,207,1,3,20,68,48,20,"LAC","CLE",2,0,0,1,0,1,410,10,6,6,65,47,1,377,215,1,"CLE","LAC",42,47,"False","dome","matrixturf",72,45,0,-2,"LAC",46,"2021-10-10",FALSE,5,FALSE,5,FALSE,5,FALSE,5,FALSE,5,FALSE,5
"1225","MIA",27,39,275,2,1,3,13,34,95,9,39,0,26,39,27,275,2,157,1,0,9,51,42,9,"MIA","TAM",0,0,0,0,0,0,250,6,15,5,25,14,2,249,159,4,"MIA","TAM",17,45,"False","outdoors","grass ",84,59,7,-10,"TAM",48,"2021-10-10",TRUE,-28,TRUE,-28,TRUE,-28,TRUE,-28,TRUE,-28,TRUE,-28
"1226","TAM",33,44,452,5,0,2,15,85,263,25,121,1,52,42,33,452,5,196,0,1,24,71,47,24,"TAM","MIA",0,0,0,1,0,2,449,6,10,1,61,60,0,448,238,0,"MIA","TAM",17,45,"False","outdoors","grass ",84,59,7,-10,"TAM",48,"2021-10-10",FALSE,28,FALSE,28,FALSE,28,FALSE,28,FALSE,28,FALSE,28
"1227","NOR",15,30,279,4,1,2,8,72,108,23,98,1,36,28,15,279,4,195,1,2,21,55,34,21,"NOR","WAS",0,0,0,0,0,0,365,8,19,4,61,37,2,342,126,2,"NOR","WAS",33,22,"False","outdoors","grass ",70,78,12,-2,"NOR",43,"2021-10-10",FALSE,11,FALSE,11,FALSE,11,FALSE,11,FALSE,11,FALSE,11
"1228","WAS",20,41,248,0,2,2,6,27,47,33,131,2,61,41,20,248,0,110,0,5,28,76,48,28,"WAS","NOR",0,0,0,0,0,0,398,8,6,4,90,41,2,397,108,1,"NOR","WAS",33,22,"False","outdoors","grass ",70,78,12,-2,"NOR",43,"2021-10-10",TRUE,-11,TRUE,-11,TRUE,-11,TRUE,-11,TRUE,-11,TRUE,-11
"1229","IND",25,35,402,2,0,2,12,76,128,26,123,1,56,34,25,402,2,237,1,1,25,63,38,25,"IND","BAL",0,0,0,1,0,1,204,5,13,1,58,65,2,199,225,1,"IND","BAL",25,31,"True","outdoors","grass",69,75,6,-7,"BAL",46,"2021-10-11",FALSE,-6,FALSE,-6,FALSE,-6,FALSE,-6,FALSE,-6,FALSE,-6
"1230","BAL",37,43,442,4,0,2,5,43,140,25,86,0,25,43,37,442,4,164,1,6,19,70,51,19,"BAL","IND",4,0,0,1,0,2,308,3,7,0,33,53,2,308,175,2,"IND","BAL",25,31,"True","outdoors","grass",69,75,6,-7,"BAL",46,"2021-10-11",FALSE,6,FALSE,6,FALSE,6,FALSE,6,FALSE,6,FALSE,6
"1231","PHI",12,26,115,1,1,2,2,25,55,19,100,2,34,24,12,115,1,72,0,5,14,47,33,14,"PHI","TAM",2,0,0,0,0,0,284,6,9,6,77,23,1,267,38,0,"TAM","PHI",28,22,"False","outdoors","grass ",74,56,8,-7,"TAM",52,"2021-10-14",FALSE,-6,FALSE,-6,FALSE,-6,FALSE,-6,FALSE,-6,FALSE,-6
"1232","TAM",34,42,297,2,1,0,0,27,102,31,102,2,32,42,34,297,2,127,0,0,31,73,42,31,"TAM","PHI",0,0,0,0,0,0,283,6,9,2,48,54,1,283,191,0,"TAM","PHI",28,22,"False","outdoors","grass ",74,56,8,-7,"TAM",52,"2021-10-14",FALSE,6,FALSE,6,FALSE,6,FALSE,6,FALSE,6,FALSE,6
"1233","CAR",17,41,207,1,1,4,19,41,55,23,118,1,48,39,17,207,1,140,2,3,20,68,48,20,"CAR","MIN",2,0,0,0,0,0,423,10,17,11,77,41,0,418,91,7,"MIN","CAR",34,28,"True","outdoors","grass ",62,39,7,-2,"MIN",45,"2021-10-17",FALSE,-6,FALSE,-6,FALSE,-6,FALSE,-6,FALSE,-6,FALSE,-6
"1234","MIN",33,48,373,3,0,0,0,40,112,36,198,1,76,45,33,373,3,146,1,2,34,84,50,34,"MIN","CAR",0,0,0,1,1,1,373,6,15,4,110,88,3,363,183,0,"MIN","CAR",34,28,"True","outdoors","grass ",62,39,7,-2,"MIN",45,"2021-10-17",FALSE,6,FALSE,6,FALSE,6,FALSE,6,FALSE,6,FALSE,6
"1235","GNB",17,23,195,2,0,3,26,41,128,31,154,1,80,21,17,195,2,99,0,2,29,57,28,29,"GNB","CHI",0,0,0,0,0,0,195,3,5,2,86,68,2,166,128,0,"GNB","CHI",24,14,"False","outdoors","grass ",59,39,6,-6,"GNB",44,"2021-10-17",FALSE,10,FALSE,10,FALSE,10,FALSE,10,FALSE,10,FALSE,10
"1236","CHI",16,27,174,1,1,4,37,21,75,26,140,1,41,25,16,174,1,76,0,5,21,57,36,21,"CHI","GNB",0,0,0,0,0,0,327,7,5,3,77,63,1,264,50,2,"GNB","CHI",24,14,"False","outdoors","grass ",59,39,6,-6,"GNB",44,"2021-10-17",TRUE,-10,TRUE,-10,TRUE,-10,TRUE,-10,TRUE,-10,TRUE,-10
"1237","ARI",20,30,229,4,0,2,21,34,129,37,144,0,71,28,20,229,4,103,0,0,37,69,32,37,"ARI","CLE",0,0,0,0,0,0,264,4,13,7,80,64,4,250,76,2,"ARI","CLE",37,14,"False","outdoors","grass ",58,55,23,-3,"CLE",48,"2021-10-17",FALSE,23,FALSE,23,FALSE,23,FALSE,23,FALSE,23,FALSE,23
"1238","CLE",20,31,240,2,1,5,23,63,144,19,73,0,20,31,20,240,2,126,2,3,16,55,39,16,"CLE","ARI",0,0,0,0,0,1,241,4,8,9,47,26,1,241,73,2,"ARI","CLE",37,14,"False","outdoors","grass ",58,55,23,-3,"CLE",48,"2021-10-17",TRUE,-23,TRUE,-23,TRUE,-23,TRUE,-23,TRUE,-23,TRUE,-23
"1239","HOU",29,43,243,0,2,2,14,20,62,29,124,0,68,42,29,243,0,105,1,1,28,74,46,28,"HOU","IND",0,0,0,0,0,0,279,9,13,4,96,28,1,283,113,1,"HOU","IND",3,31,"False","retractable roof (open)","fieldturf ",72,45,0,-10,"IND",43,"2021-10-17",TRUE,-28,TRUE,-28,TRUE,-28,TRUE,-28,TRUE,-28,TRUE,-28
"1240","IND",11,20,223,2,0,2,9,52,127,26,174,2,103,18,11,223,2,178,0,1,25,48,23,25,"IND","HOU",0,0,0,0,1,0,244,3,3,3,78,96,1,235,52,3,"HOU","IND",3,31,"False","retractable roof (open)","fieldturf ",72,45,0,-10,"IND",43,"2021-10-17",FALSE,28,FALSE,28,FALSE,28,FALSE,28,FALSE,28,FALSE,28
"1241","DEN",35,49,334,3,3,5,25,26,84,23,112,0,45,48,35,334,3,114,1,2,21,77,56,21,"DEN","LVR",0,0,0,1,0,0,491,7,4,5,70,42,3,484,121,1,"LVR","DEN",34,24,"False","outdoors","grass ",76,10,8,-4,"DEN",43,"2021-10-17",TRUE,-10,TRUE,-10,TRUE,-10,TRUE,-10,TRUE,-10,TRUE,-10
"1242","LVR",18,27,341,2,0,2,1,51,134,23,86,2,24,25,18,341,2,231,0,0,23,52,29,23,"LVR","DEN",0,0,0,1,0,0,320,4,9,5,57,29,1,300,128,2,"LVR","DEN",34,24,"False","outdoors","grass ",76,10,8,-4,"DEN",43,"2021-10-17",FALSE,10,FALSE,10,FALSE,10,FALSE,10,FALSE,10,FALSE,10
"1243","CIN",20,30,278,4,1,2,22,60,251,36,142,0,35,29,20,278,4,162,0,5,31,68,37,31,"CIN","DET",0,0,0,0,0,0,225,4,9,0,46,96,2,224,141,1,"CIN","DET",34,11,"False","dome","fieldturf ",72,45,0,-3,"CIN",47,"2021-10-17",FALSE,23,FALSE,23,FALSE,23,FALSE,23,FALSE,23,FALSE,23
"1244","DET",28,42,202,0,1,1,10,33,67,18,36,1,16,39,28,202,0,87,0,1,17,61,44,17,"DET","CIN",2,0,0,0,0,0,270,6,5,4,19,17,0,251,89,3,"CIN","DET",34,11,"False","dome","fieldturf ",72,45,0,-3,"CIN",47,"2021-10-17",TRUE,-23,TRUE,-23,TRUE,-23,TRUE,-23,TRUE,-23,TRUE,-23
"1245","MIA",34,48,354,2,1,0,0,57,213,20,77,0,33,47,34,354,2,138,0,3,17,68,51,17,"MIA","JAX",0,0,0,1,0,1,405,8,12,1,44,33,0,405,110,2,"MIA","JAX",20,23,"False","outdoors","grass",63,72,11,-3,"MIA",47,"2021-10-17",FALSE,-3,FALSE,-3,FALSE,-3,FALSE,-3,FALSE,-3,FALSE,-3
"1246","JAX",25,41,319,1,0,2,7,29,93,19,84,1,36,40,25,319,1,131,1,1,18,62,44,18,"JAX","MIA",0,0,0,1,0,1,306,10,15,1,35,49,1,296,131,2,"MIA","JAX",20,23,"False","outdoors","grass",63,72,11,-3,"MIA",47,"2021-10-17",FALSE,3,FALSE,3,FALSE,3,FALSE,3,FALSE,3,FALSE,3
"1247","DAL",36,51,445,3,1,0,0,35,108,31,122,0,42,49,36,445,3,147,1,1,30,82,52,30,"DAL","NWE",0,0,0,1,0,1,462,7,20,4,88,34,0,438,197,1,"DAL","NWE",35,29,"True","outdoors","fieldturf ",62,46,11,-3,"DAL",50,"2021-10-17",FALSE,6,FALSE,6,FALSE,6,FALSE,6,FALSE,6,FALSE,6
"1248","NWE",15,21,229,2,1,2,14,75,118,27,120,2,30,21,15,229,2,177,1,0,27,50,23,27,"NWE","DAL",2,0,0,0,1,0,172,5,11,0,58,62,0,172,98,1,"DAL","NWE",35,29,"True","outdoors","fieldturf ",62,46,11,-3,"DAL",50,"2021-10-17",FALSE,-6,FALSE,-6,FALSE,-6,FALSE,-6,FALSE,-6,FALSE,-6
"1249","LAR",22,30,251,4,2,2,17,30,128,34,131,1,34,30,22,251,4,105,0,2,32,66,34,32,"LAR","NYG",0,0,0,0,0,1,236,3,7,1,71,60,1,236,113,3,"LAR","NYG",38,11,"False","outdoors","fieldturf ",61,56,13,-9,"LAR",48,"2021-10-17",FALSE,27,FALSE,27,FALSE,27,FALSE,27,FALSE,27,FALSE,27
"1250","NYG",29,51,242,0,3,4,41,17,44,18,60,1,22,48,29,242,0,88,1,1,17,73,56,17,"NYG","LAR",2,0,0,0,0,0,350,12,17,3,33,27,0,303,114,4,"LAR","NYG",38,11,"False","outdoors","fieldturf ",61,56,13,-9,"LAR",48,"2021-10-17",TRUE,-27,TRUE,-27,TRUE,-27,TRUE,-27,TRUE,-27,TRUE,-27
"1251","SEA",23,32,209,1,0,5,44,41,99,27,144,1,56,31,23,209,1,132,1,0,27,64,37,27,"SEA","PIT",0,0,0,0,1,0,104,4,12,3,69,75,1,104,133,0,"SEA","PIT",20,23,"True","outdoors","grass ",49,77,6,-5,"PIT",43,"2021-10-17",FALSE,-3,FALSE,-3,FALSE,-3,FALSE,-3,FALSE,-3,FALSE,-3
"1252","PIT",29,40,229,1,0,1,3,23,94,30,119,1,47,39,29,229,1,89,1,0,30,71,41,30,"PIT","SEA",0,0,0,0,0,0,273,5,11,6,51,68,0,272,106,2,"SEA","PIT",20,23,"True","outdoors","grass ",49,77,6,-5,"PIT",43,"2021-10-17",FALSE,3,FALSE,3,FALSE,3,FALSE,3,FALSE,3,FALSE,3
"1253","LAC",22,39,195,1,1,2,13,26,67,12,26,0,19,39,22,195,1,116,0,1,11,53,42,11,"LAC","BAL",0,0,0,0,0,0,254,8,11,2,4,22,0,254,110,2,"LAC","BAL",6,34,"False","outdoors","grass",63,46,15,-2,"BAL",51,"2021-10-17",TRUE,-28,TRUE,-28,TRUE,-28,TRUE,-28,TRUE,-28,TRUE,-28
"1254","BAL",19,27,167,1,2,3,27,21,68,38,187,3,82,27,19,167,1,76,0,3,35,68,33,35,"BAL","LAC",0,0,0,0,0,0,179,6,17,2,112,75,4,179,71,2,"LAC","BAL",6,34,"False","outdoors","grass",63,46,15,-2,"BAL",51,"2021-10-17",FALSE,28,FALSE,28,FALSE,28,FALSE,28,FALSE,28,FALSE,28
"1255","WAS",24,39,182,1,1,0,0,39,70,19,94,0,31,39,24,182,1,85,1,0,19,58,39,19,"WAS","KAN",0,0,0,0,0,0,275,8,13,2,60,34,1,275,133,2,"KAN","WAS",31,13,"False","outdoors","grass ",62,39,13,-7,"KAN",54,"2021-10-17",TRUE,-18,TRUE,-18,TRUE,-18,TRUE,-18,TRUE,-18,TRUE,-18
"1256","KAN",32,47,397,2,2,3,7,49,90,28,109,2,39,46,32,397,2,184,1,3,25,78,53,25,"KAN","WAS",0,0,0,1,0,0,350,9,9,1,81,28,0,341,167,3,"KAN","WAS",31,13,"False","outdoors","grass ",62,39,13,-7,"KAN",54,"2021-10-17",FALSE,18,FALSE,18,FALSE,18,FALSE,18,FALSE,18,FALSE,18
"1257","BUF",35,47,353,3,1,3,18,31,107,23,82,0,33,45,35,353,3,130,0,4,19,73,54,19,"BUF","TEN",2,0,0,1,0,0,385,3,6,6,33,49,3,385,124,2,"BUF","TEN",31,34,"False","outdoors","grass ",66,40,6,-6,"BUF",53,"2021-10-18",FALSE,-3,FALSE,-3,FALSE,-3,FALSE,-3,FALSE,-3,FALSE,-3
"1258","TEN",18,29,216,0,1,0,0,48,70,22,146,4,80,25,18,216,0,119,0,0,22,51,29,22,"TEN","BUF",0,0,0,0,1,0,254,5,9,6,48,98,2,191,84,0,"BUF","TEN",31,34,"False","outdoors","grass ",66,40,6,-6,"BUF",53,"2021-10-18",FALSE,3,FALSE,3,FALSE,3,FALSE,3,FALSE,3,FALSE,3
"1259","DEN",23,33,187,2,1,2,5,31,91,14,41,0,14,32,23,187,2,81,0,0,14,49,35,14,"DEN","CLE",0,0,0,0,0,0,174,4,3,3,14,27,0,173,102,1,"DEN","CLE",14,17,"False","outdoors","grass ",59,69,27,-1,"CLE",41,"2021-10-21",FALSE,-3,FALSE,-3,FALSE,-3,FALSE,-3,FALSE,-3,FALSE,-3
"1260","CLE",21,33,199,1,0,1,5,34,90,33,182,1,49,32,21,199,1,134,0,2,31,67,36,31,"CLE","DEN",0,0,0,0,1,0,222,6,11,2,77,105,1,222,127,2,"DEN","CLE",14,17,"False","outdoors","grass ",59,69,27,-1,"CLE",41,"2021-10-21",FALSE,3,FALSE,3,FALSE,3,FALSE,3,FALSE,3,FALSE,3
"1261","HOU",23,32,135,0,0,2,17,22,79,15,42,0,21,31,23,135,0,83,1,0,15,49,34,15,"HOU","ARI",0,0,0,0,0,0,164,4,13,1,37,5,1,164,58,2,"HOU","ARI",5,31,"False","retractable roof (closed)","grass ",72,45,0,-18,"ARI",47,"2021-10-24",TRUE,-26,TRUE,-26,TRUE,-26,TRUE,-26,TRUE,-26,TRUE,-26
"1262","ARI",20,28,261,3,1,4,36,47,121,37,172,1,60,28,20,261,3,147,0,2,35,69,34,35,"ARI","HOU",0,0,0,0,0,0,260,3,1,2,117,55,4,260,82,1,"HOU","ARI",5,31,"False","retractable roof (closed)","grass ",72,45,0,-18,"ARI",47,"2021-10-24",FALSE,26,FALSE,26,FALSE,26,FALSE,26,FALSE,26,FALSE,26
"1263","WAS",25,37,268,1,1,4,33,40,86,29,195,0,79,36,25,268,1,108,1,6,23,70,47,23,"WAS","GNB",0,0,0,0,0,1,247,6,3,3,161,34,0,246,142,0,"WAS","GNB",10,24,"False","outdoors","grass ",49,56,11,-8,"GNB",48,"2021-10-24",TRUE,-14,TRUE,-14,TRUE,-14,TRUE,-14,TRUE,-14,TRUE,-14
"1264","GNB",27,35,274,3,0,3,27,26,127,15,57,0,43,34,27,274,3,114,1,2,13,53,40,13,"GNB","WAS",0,0,0,0,0,0,210,5,11,2,20,37,0,204,123,1,"WAS","GNB",10,24,"False","outdoors","grass ",49,56,11,-8,"GNB",48,"2021-10-24",FALSE,14,FALSE,14,FALSE,14,FALSE,14,FALSE,14,FALSE,14
"1265","ATL",25,40,336,2,1,1,11,49,95,22,72,1,20,39,25,336,2,156,1,1,21,63,42,21,"ATL","MIA",0,0,0,1,0,1,368,5,12,5,22,50,2,356,80,3,"ATL","MIA",30,28,"False","outdoors","grass ",85,70,9,-2,"ATL",47,"2021-10-24",FALSE,2,FALSE,2,FALSE,2,FALSE,2,FALSE,2,FALSE,2
"1266","MIA",32,40,291,4,2,1,10,27,109,29,132,0,36,40,32,291,4,118,0,3,26,70,44,26,"MIA","ATL",0,0,0,0,0,0,245,1,6,2,83,49,4,245,118,2,"ATL","MIA",30,28,"False","outdoors","grass ",85,70,9,-2,"ATL",47,"2021-10-24",FALSE,-2,FALSE,-2,FALSE,-2,FALSE,-2,FALSE,-2,FALSE,-2
"1267","NYJ",26,42,253,1,2,2,16,37,138,17,62,1,30,41,26,253,1,120,1,0,17,61,44,17,"NYJ","NWE",0,0,0,0,0,0,260,9,10,4,33,29,1,262,148,1,"NYJ","NWE",13,54,"False","outdoors","fieldturf ",52,44,0,-7,"NWE",42,"2021-10-24",TRUE,-41,TRUE,-41,TRUE,-41,TRUE,-41,TRUE,-41,TRUE,-41
"1268","NWE",28,41,411,3,0,1,8,100,386,32,148,4,64,40,28,411,3,257,0,2,30,74,44,30,"NWE","NYJ",0,0,0,1,1,0,340,6,11,2,112,36,0,346,244,0,"NYJ","NWE",13,54,"False","outdoors","fieldturf ",52,44,0,-7,"NWE",42,"2021-10-24",FALSE,41,FALSE,41,FALSE,41,FALSE,41,FALSE,41,FALSE,41
"1269","CAR",19,39,145,0,1,6,28,40,97,17,56,0,30,38,19,145,0,55,0,1,16,62,46,16,"CAR","NYG",0,0,0,0,0,0,292,12,6,3,39,17,0,292,92,4,"CAR","NYG",3,25,"False","outdoors","fieldturf ",57,51,0,-3,"CAR",42,"2021-10-24",TRUE,-22,TRUE,-22,TRUE,-22,TRUE,-22,TRUE,-22,TRUE,-22
"1270","NYG",24,34,219,1,0,2,20,43,214,31,103,1,42,33,24,219,1,120,0,0,31,67,36,31,"NYG","CAR",0,0,0,0,0,0,226,6,13,1,66,37,1,212,114,2,"CAR","NYG",3,25,"False","outdoors","fieldturf ",57,51,0,-3,"CAR",42,"2021-10-24",FALSE,22,FALSE,22,FALSE,22,FALSE,22,FALSE,22,FALSE,22
"1271","KAN",31,51,288,0,1,4,31,42,143,13,77,0,46,48,31,288,0,121,2,6,7,68,61,7,"KAN","TEN",0,0,0,0,0,0,374,12,8,8,65,12,0,351,121,3,"KAN","TEN",3,27,"False","outdoors","grass ",74,48,14,-4,"KAN",57,"2021-10-24",TRUE,-24,TRUE,-24,TRUE,-24,TRUE,-24,TRUE,-24,TRUE,-24
"1272","TEN",22,28,275,2,1,1,9,51,232,35,103,1,24,27,22,275,2,145,0,2,33,64,31,33,"TEN","KAN",0,0,0,0,0,1,206,2,11,5,33,70,1,205,131,0,"KAN","TEN",3,27,"False","outdoors","grass ",74,48,14,-4,"KAN",57,"2021-10-24",FALSE,24,FALSE,24,FALSE,24,FALSE,24,FALSE,24,FALSE,24
"1273","PHI",18,34,236,2,0,2,13,27,94,32,135,1,37,31,18,236,2,106,2,4,28,68,40,28,"PHI","LVR",2,0,0,0,0,0,405,4,3,6,92,43,0,335,70,2,"PHI","LVR",22,33,"False","dome","grass",72,45,0,-3,"LVR",48,"2021-10-24",TRUE,-11,TRUE,-11,TRUE,-11,TRUE,-11,TRUE,-11,TRUE,-11
"1274","LVR",31,34,323,2,1,0,0,43,113,29,119,2,40,34,31,323,2,179,0,1,28,63,35,28,"LVR","PHI",0,0,0,1,0,0,193,2,6,2,71,48,0,194,146,0,"PHI","LVR",22,33,"False","dome","grass",72,45,0,-3,"LVR",48,"2021-10-24",FALSE,11,FALSE,11,FALSE,11,FALSE,11,FALSE,11,FALSE,11
"1275","DET",23,37,285,1,2,2,7,80,188,28,137,0,60,32,23,285,1,147,0,1,27,67,40,27,"DET","LAR",0,0,0,0,0,1,143,6,12,2,80,57,2,142,195,2,"DET","LAR",19,28,"False","dome","matrixturf",72,45,0,-16,"LAR",50,"2021-10-24",FALSE,-9,FALSE,-9,FALSE,-9,FALSE,-9,FALSE,-9,FALSE,-9
"1276","LAR",28,41,334,3,0,1,7,59,117,19,47,0,13,41,28,334,3,132,0,0,19,61,42,19,"LAR","DET",2,0,0,1,0,1,383,8,11,0,17,30,0,383,139,1,"DET","LAR",19,28,"False","dome","matrixturf",72,45,0,-16,"LAR",50,"2021-10-24",FALSE,9,FALSE,9,FALSE,9,FALSE,9,FALSE,9,FALSE,9
"1277","CIN",23,38,416,3,1,1,7,82,113,24,111,2,67,36,23,416,3,196,0,0,24,63,39,24,"CIN","BAL",0,0,0,1,0,1,394,7,14,5,50,61,1,393,199,0,"CIN","BAL",41,17,"False","outdoors","grass",61,60,6,-6,"BAL",45,"2021-10-24",FALSE,24,FALSE,24,FALSE,24,FALSE,24,FALSE,24,FALSE,24
"1278","BAL",20,42,296,1,0,5,18,51,142,24,115,1,37,41,20,296,1,152,0,6,18,71,53,18,"BAL","CIN",0,0,0,0,0,0,589,16,10,11,72,43,0,581,97,1,"CIN","BAL",41,17,"False","outdoors","grass",61,60,6,-6,"BAL",45,"2021-10-24",TRUE,-24,TRUE,-24,TRUE,-24,TRUE,-24,TRUE,-24,TRUE,-24
"1279","SFO",16,27,181,1,2,2,12,29,60,24,111,1,25,27,16,181,1,101,2,0,24,53,29,24,"SFO","IND",0,0,0,0,1,1,237,5,2,0,59,52,2,237,49,2,"IND","SFO",30,18,"False","outdoors","grass",64,84,16,-4,"SFO",42,"2021-10-24",TRUE,-12,TRUE,-12,TRUE,-12,TRUE,-12,TRUE,-12,TRUE,-12
"1280","IND",17,26,150,2,0,1,3,57,106,33,148,2,61,26,17,150,2,91,2,2,31,60,29,31,"IND","SFO",0,0,0,0,1,1,191,3,10,3,63,85,3,191,70,1,"IND","SFO",30,18,"False","outdoors","grass",64,84,16,-4,"SFO",42,"2021-10-24",FALSE,12,FALSE,12,FALSE,12,FALSE,12,FALSE,12,FALSE,12
"1281","CHI",22,32,184,0,3,4,16,22,44,29,143,0,49,31,22,184,0,113,2,7,22,65,43,22,"CHI","TAM",0,0,0,0,1,0,206,3,16,3,78,65,2,195,110,5,"CHI","TAM",3,38,"False","outdoors","grass ",83,65,7,-11,"TAM",47,"2021-10-24",TRUE,-35,TRUE,-35,TRUE,-35,TRUE,-35,TRUE,-35,TRUE,-35
"1282","TAM",22,39,226,4,0,0,0,61,188,31,182,1,60,39,22,226,4,119,1,0,31,70,39,31,"TAM","CHI",0,0,0,0,0,1,288,11,7,1,109,73,6,288,96,0,"CHI","TAM",3,38,"False","outdoors","grass ",83,65,7,-11,"TAM",47,"2021-10-24",FALSE,35,FALSE,35,FALSE,35,FALSE,35,FALSE,35,FALSE,35
"1283","NOR",19,35,222,1,0,2,12,31,83,31,94,0,33,32,19,222,1,86,1,4,27,68,41,27,"NOR","SEA",0,0,0,0,0,1,300,6,10,5,54,40,0,300,151,3,"NOR","SEA",13,10,"False","outdoors","fieldturf ",54,77,16,-4,"NOR",42,"2021-10-25",FALSE,3,FALSE,3,FALSE,3,FALSE,3,FALSE,3,FALSE,3
"1284","SEA",12,22,167,1,0,5,38,84,94,28,90,0,57,19,12,167,1,138,0,1,27,55,28,27,"SEA","NOR",0,0,0,0,0,0,219,3,10,3,51,39,1,188,108,0,"NOR","SEA",13,10,"False","outdoors","fieldturf ",54,77,16,-4,"NOR",42,"2021-10-25",FALSE,-3,FALSE,-3,FALSE,-3,FALSE,-3,FALSE,-3,FALSE,-3
"1285","GNB",22,37,184,2,0,1,0,33,90,34,151,1,43,35,22,184,2,97,0,1,33,72,39,33,"GNB","ARI",0,0,0,0,0,0,165,7,9,5,78,73,2,115,138,2,"GNB","ARI",24,21,"False","retractable roof (open)","grass ",72,45,0,-6,"ARI",50,"2021-10-28",FALSE,3,FALSE,3,FALSE,3,FALSE,3,FALSE,3,FALSE,3
"1286","ARI",22,33,274,0,2,2,14,55,67,20,74,3,31,31,22,274,0,165,1,2,18,55,37,18,"ARI","GNB",0,0,0,0,0,0,304,7,4,6,60,14,0,283,139,0,"GNB","ARI",24,21,"False","retractable roof (open)","grass ",72,45,0,-6,"ARI",50,"2021-10-28",FALSE,-3,FALSE,-3,FALSE,-3,FALSE,-3,FALSE,-3,FALSE,-3
"1287","CAR",13,25,129,0,0,0,0,23,109,47,203,1,43,24,13,129,0,70,1,4,43,72,29,43,"CAR","ATL",0,0,0,0,0,0,118,5,7,3,113,90,0,123,72,2,"CAR","ATL",19,13,"False","retractable roof (open)","fieldturf",72,45,0,-3,"ATL",47,"2021-10-31",FALSE,6,FALSE,6,FALSE,6,FALSE,6,FALSE,6,FALSE,6
"1288","ATL",20,27,146,1,2,3,15,18,67,20,82,0,35,27,20,146,1,73,0,1,19,50,31,19,"ATL","CAR",0,0,0,0,0,0,194,2,7,2,40,42,1,193,70,0,"CAR","ATL",19,13,"False","retractable roof (open)","fieldturf",72,45,0,-3,"ATL",47,"2021-10-31",FALSE,-6,FALSE,-6,FALSE,-6,FALSE,-6,FALSE,-6,FALSE,-6
"1289","MIA",21,39,205,0,1,2,11,40,58,23,68,1,25,36,21,205,0,121,0,2,21,64,43,21,"MIA","BUF",2,0,0,0,0,0,273,9,14,13,32,36,1,263,93,3,"MIA","BUF",11,26,"False","outdoors","a_turf",54,82,9,-14,"BUF",49,"2021-10-31",TRUE,-15,TRUE,-15,TRUE,-15,TRUE,-15,TRUE,-15,TRUE,-15
"1290","BUF",29,43,249,2,0,0,0,20,139,23,102,1,54,41,29,249,2,79,0,4,19,66,47,19,"BUF","MIA",0,0,0,0,0,1,256,6,20,6,54,48,2,263,156,1,"MIA","BUF",11,26,"False","outdoors","a_turf",54,82,9,-14,"BUF",49,"2021-10-31",FALSE,15,FALSE,15,FALSE,15,FALSE,15,FALSE,15,FALSE,15
"1291","SFO",17,28,322,0,0,0,0,83,100,26,145,3,46,27,17,322,0,168,0,0,26,54,28,26,"SFO","CHI",2,0,0,1,1,1,248,4,7,4,45,100,0,248,163,2,"SFO","CHI",33,22,"False","outdoors","grass ",53,63,12,-4,"SFO",39,"2021-10-31",FALSE,11,FALSE,11,FALSE,11,FALSE,11,FALSE,11,FALSE,11
"1292","CHI",19,27,175,1,1,4,27,22,84,36,176,1,47,27,19,175,1,89,0,8,28,67,39,28,"CHI","SFO",0,0,0,0,1,0,281,7,13,3,86,90,6,281,58,0,"SFO","CHI",33,22,"False","outdoors","grass ",53,63,12,-4,"SFO",39,"2021-10-31",TRUE,-11,TRUE,-11,TRUE,-11,TRUE,-11,TRUE,-11,TRUE,-11
"1293","PIT",22,35,266,1,0,2,11,50,138,32,115,1,35,35,22,266,1,143,0,0,32,69,37,32,"PIT","CLE",0,0,0,0,0,0,208,8,11,1,72,43,1,208,181,0,"PIT","CLE",15,10,"False","outdoors","grass ",57,67,13,-4,"CLE",43,"2021-10-31",FALSE,5,FALSE,5,FALSE,5,FALSE,5,FALSE,5,FALSE,5
"1294","CLE",20,31,225,0,0,4,15,24,86,23,96,1,45,31,20,225,0,123,1,1,22,58,36,22,"CLE","PIT",0,0,0,0,0,0,233,5,7,4,52,44,1,233,112,4,"PIT","CLE",15,10,"False","outdoors","grass ",57,67,13,-4,"CLE",43,"2021-10-31",FALSE,-5,FALSE,-5,FALSE,-5,FALSE,-5,FALSE,-5,FALSE,-5
"1295","TEN",23,34,265,3,2,3,18,57,138,31,93,0,21,32,23,265,3,118,0,0,31,68,37,31,"TEN","IND",0,0,0,0,0,1,236,6,7,1,35,58,0,224,129,0,"TEN","IND",34,31,"True","retractable roof (open)","fieldturf ",72,45,0,-3,"IND",51,"2021-10-31",FALSE,3,FALSE,3,FALSE,3,FALSE,3,FALSE,3,FALSE,3
"1296","IND",27,51,231,3,2,1,7,38,68,20,83,1,20,48,27,231,3,112,0,1,19,72,53,19,"IND","TEN",0,0,0,0,0,0,483,13,10,3,45,38,0,480,120,2,"TEN","IND",34,31,"True","retractable roof (open)","fieldturf ",72,45,0,-3,"IND",51,"2021-10-31",FALSE,-3,FALSE,-3,FALSE,-3,FALSE,-3,FALSE,-3,FALSE,-3
"1297","DEN",19,26,213,1,0,4,23,31,109,21,83,1,26,25,19,213,1,132,1,0,21,51,30,21,"DEN","WAS",0,0,0,0,0,0,185,3,11,0,40,43,2,176,84,1,"WAS","DEN",10,17,"False","outdoors","grass ",41,70,4,-3,"DEN",45,"2021-10-31",FALSE,7,FALSE,7,FALSE,7,FALSE,7,FALSE,7,FALSE,7
"1298","WAS",24,39,270,1,2,5,40,27,69,24,112,0,51,37,24,270,1,160,0,1,23,68,45,23,"WAS","DEN",0,0,0,0,0,0,285,8,16,1,70,42,1,241,185,2,"WAS","DEN",10,17,"False","outdoors","grass ",41,70,4,-3,"DEN",45,"2021-10-31",FALSE,-7,FALSE,-7,FALSE,-7,FALSE,-7,FALSE,-7,FALSE,-7
"1299","PHI",11,16,114,0,0,0,0,28,175,46,236,4,69,16,11,114,0,59,0,3,43,62,19,43,"PHI","DET",0,0,0,0,0,0,138,3,3,4,145,91,6,137,59,1,"PHI","DET",44,6,"False","dome","fieldturf ",72,45,0,-3,"PHI",48,"2021-10-31",FALSE,38,FALSE,38,FALSE,38,FALSE,38,FALSE,38,FALSE,38
"1300","DET",25,34,222,0,0,6,51,34,90,18,57,1,30,32,25,222,0,89,1,0,18,58,40,18,"DET","PHI",0,0,0,0,0,0,199,2,10,10,38,19,2,189,117,2,"PHI","DET",44,6,"False","dome","fieldturf ",72,45,0,-3,"PHI",48,"2021-10-31",TRUE,-38,TRUE,-38,TRUE,-38,TRUE,-38,TRUE,-38,TRUE,-38
"1301","HOU",29,39,310,2,1,5,31,45,145,14,44,1,27,36,29,310,2,177,0,0,14,58,44,14,"HOU","LAR",1,0,0,1,0,0,263,5,17,3,20,24,0,241,118,0,"LAR","HOU",38,22,"False","retractable roof (closed)","astroturf",72,45,0,-16,"LAR",46,"2021-10-31",TRUE,-16,TRUE,-16,TRUE,-16,TRUE,-16,TRUE,-16,TRUE,-16
"1302","LAR",22,34,310,3,0,1,8,73,183,31,165,2,53,34,22,310,3,193,0,0,31,66,35,31,"LAR","HOU",0,0,0,1,0,1,217,6,9,3,120,45,0,217,142,2,"LAR","HOU",38,22,"False","retractable roof (closed)","astroturf",72,45,0,-16,"LAR",46,"2021-10-31",FALSE,16,FALSE,16,FALSE,16,FALSE,16,FALSE,16,FALSE,16
"1303","MIN",23,36,184,1,0,1,7,32,127,24,101,0,36,33,23,184,1,114,0,2,22,61,39,22,"MIN","DAL",0,0,0,0,0,0,219,6,6,2,54,47,4,170,94,4,"DAL","MIN",20,16,"False","dome","sportturf",72,45,0,-3,"MIN",51,"2021-10-31",FALSE,-4,FALSE,-4,FALSE,-4,FALSE,-4,FALSE,-4,FALSE,-4
"1304","DAL",25,41,360,2,1,3,19,108,210,24,78,0,17,41,25,360,2,171,1,1,23,68,45,23,"DAL","MIN",0,0,0,1,0,2,428,9,15,0,39,39,2,428,143,2,"DAL","MIN",20,16,"False","dome","sportturf",72,45,0,-3,"MIN",51,"2021-10-31",FALSE,4,FALSE,4,FALSE,4,FALSE,4,FALSE,4,FALSE,4
"1305","TAM",28,41,375,4,2,3,25,50,151,14,71,0,48,41,28,375,4,216,1,0,14,58,44,14,"TAM","NOR",0,0,0,1,0,1,340,7,10,0,48,23,0,340,205,2,"TAM","NOR",27,36,"False","dome","sportturf",72,45,0,-4,"TAM",49,"2021-10-31",FALSE,-9,FALSE,-9,FALSE,-9,FALSE,-9,FALSE,-9,FALSE,-9
"1306","NOR",22,39,215,2,0,1,6,56,191,32,152,1,71,35,22,215,2,132,0,5,27,72,45,27,"NOR","TAM",0,0,0,0,0,0,189,8,20,3,108,44,5,189,104,0,"TAM","NOR",27,36,"False","dome","sportturf",72,45,0,-4,"TAM",49,"2021-10-31",FALSE,9,FALSE,9,FALSE,9,FALSE,9,FALSE,9,FALSE,9
"1307","CIN",22,35,305,3,1,3,28,100,221,16,41,1,16,34,22,305,3,166,0,0,16,54,38,16,"CIN","NYJ",0,0,0,0,0,0,206,4,9,6,27,14,1,212,171,1,"CIN","NYJ",31,34,"False","outdoors","fieldturf ",63,67,11,-11,"CIN",43,"2021-10-31",FALSE,-3,FALSE,-3,FALSE,-3,FALSE,-3,FALSE,-3,FALSE,-3
"1308","NYJ",39,49,422,3,2,2,8,35,169,27,97,1,34,49,39,422,3,158,1,0,27,78,51,27,"NYJ","CIN",2,0,0,1,0,0,171,5,10,5,61,36,0,171,292,2,"CIN","NYJ",31,34,"False","outdoors","fieldturf ",63,67,11,-11,"CIN",43,"2021-10-31",FALSE,3,FALSE,3,FALSE,3,FALSE,3,FALSE,3,FALSE,3
"1309","NWE",18,35,217,0,0,1,7,44,70,39,142,1,38,34,18,217,0,140,1,2,37,75,38,37,"NWE","LAC",2,0,0,0,0,0,334,13,12,1,83,59,2,327,75,1,"NWE","LAC",27,24,"False","dome","matrixturf",72,45,0,-4,"LAC",49,"2021-10-31",FALSE,3,FALSE,3,FALSE,3,FALSE,3,FALSE,3,FALSE,3
"1310","LAC",18,35,223,2,2,3,17,41,66,20,163,1,117,34,18,223,2,124,0,1,19,58,39,19,"LAC","NWE",0,0,0,0,0,0,323,8,7,5,114,49,1,307,93,2,"NWE","LAC",27,24,"False","dome","matrixturf",72,45,0,-4,"LAC",49,"2021-10-31",FALSE,-3,FALSE,-3,FALSE,-3,FALSE,-3,FALSE,-3,FALSE,-3
"1311","JAX",32,54,238,1,1,1,11,17,68,19,82,0,42,52,32,238,1,93,0,2,17,74,57,17,"JAX","SEA",0,0,0,0,0,0,274,10,19,8,38,44,2,263,154,2,"JAX","SEA",7,31,"False","outdoors","fieldturf ",54,45,8,-3,"SEA",44,"2021-10-31",TRUE,-24,TRUE,-24,TRUE,-24,TRUE,-24,TRUE,-24,TRUE,-24
"1312","SEA",20,24,195,2,0,3,35,28,128,25,69,1,32,22,20,195,2,54,0,1,24,52,28,24,"SEA","JAX",0,1,0,0,0,1,196,1,13,3,27,42,2,181,38,0,"JAX","SEA",7,31,"False","outdoors","fieldturf ",54,45,8,-3,"SEA",44,"2021-10-31",FALSE,24,FALSE,24,FALSE,24,FALSE,24,FALSE,24,FALSE,24
"1313","NYG",23,33,241,2,1,3,13,69,214,20,72,0,20,33,23,241,2,161,0,2,18,56,38,18,"NYG","KAN",0,0,0,0,0,0,130,7,13,4,47,25,0,130,146,2,"NYG","KAN",17,20,"False","outdoors","grass ",39,89,4,-10,"KAN",52,"2021-11-01",FALSE,-3,FALSE,-3,FALSE,-3,FALSE,-3,FALSE,-3,FALSE,-3
"1314","KAN",29,48,275,1,1,2,14,24,74,27,107,1,28,43,29,275,1,100,1,2,25,77,52,25,"KAN","NYG",0,0,0,0,0,0,332,10,6,5,73,34,0,310,213,2,"NYG","KAN",17,20,"False","outdoors","grass ",39,89,4,-10,"KAN",52,"2021-11-01",FALSE,3,FALSE,3,FALSE,3,FALSE,3,FALSE,3,FALSE,3
"1315","IND",22,30,272,3,0,1,0,31,134,30,260,3,122,29,22,272,3,165,0,2,28,61,33,28,"IND","NYJ",0,0,0,0,1,0,269,6,8,0,97,163,2,236,159,0,"NYJ","IND",30,45,"False","retractable roof (closed)","fieldturf ",72,45,0,-10,"IND",46,"2021-11-04",FALSE,15,FALSE,15,FALSE,15,FALSE,15,FALSE,15,FALSE,15
"1316","NYJ",34,52,412,4,1,2,14,52,224,21,88,0,36,52,34,412,4,185,1,3,18,75,57,18,"NYJ","IND",0,0,0,1,0,0,434,9,2,3,68,20,1,434,173,3,"NYJ","IND",30,45,"False","retractable roof (closed)","fieldturf ",72,45,0,-10,"IND",46,"2021-11-04",TRUE,-15,TRUE,-15,TRUE,-15,TRUE,-15,TRUE,-15,TRUE,-15
"1317","NWE",12,18,139,1,1,2,17,41,85,39,151,1,42,18,12,139,1,114,1,0,39,59,20,39,"NWE","CAR",0,0,0,0,0,0,116,4,6,1,83,68,5,116,91,1,"NWE","CAR",24,6,"False","outdoors","grass ",61,35,16,-3,"NWE",41,"2021-11-07",FALSE,18,FALSE,18,FALSE,18,FALSE,18,FALSE,18,FALSE,18
"1318","CAR",16,33,172,0,3,1,10,33,26,23,78,0,27,29,16,172,0,102,0,3,20,57,37,20,"CAR","NWE",0,0,0,0,0,0,183,7,8,11,44,34,1,159,109,0,"NWE","CAR",24,6,"False","outdoors","grass ",61,35,16,-3,"NWE",41,"2021-11-07",TRUE,-18,TRUE,-18,TRUE,-18,TRUE,-18,TRUE,-18,TRUE,-18
"1319","CLE",14,21,218,2,0,2,10,60,132,23,153,2,77,19,14,218,2,177,0,0,23,46,23,23,"CLE","CIN",0,0,0,0,1,0,215,4,11,3,25,128,5,212,62,0,"CLE","CIN",41,16,"False","outdoors","fieldturf ",56,47,0,-2,"CIN",47,"2021-11-07",FALSE,25,FALSE,25,FALSE,25,FALSE,25,FALSE,25,FALSE,25
"1320","CIN",29,42,288,0,2,5,25,26,125,23,85,2,31,41,29,288,0,125,1,0,23,70,47,23,"CIN","CLE",0,0,0,0,0,0,380,2,7,4,32,53,0,368,164,4,"CLE","CIN",41,16,"False","outdoors","fieldturf ",56,47,0,-2,"CIN",47,"2021-11-07",TRUE,-25,TRUE,-25,TRUE,-25,TRUE,-25,TRUE,-25,TRUE,-25
"1321","DAL",19,39,232,2,1,2,20,32,73,16,78,0,28,39,19,232,2,158,0,2,14,57,43,14,"DAL","DEN",2,0,0,0,0,0,451,9,8,8,59,19,1,451,106,4,"DEN","DAL",30,16,"False","retractable roof (closed)","matrixturf",72,45,0,-10,"DAL",48,"2021-11-07",TRUE,-14,TRUE,-14,TRUE,-14,TRUE,-14,TRUE,-14,TRUE,-14
"1322","DEN",19,28,249,1,0,4,32,44,107,41,190,2,45,24,19,249,1,149,0,0,41,73,32,41,"DEN","DAL",2,0,0,0,1,0,225,4,10,5,103,87,7,189,145,0,"DEN","DAL",30,16,"False","retractable roof (closed)","matrixturf",72,45,0,-10,"DAL",48,"2021-11-07",FALSE,14,FALSE,14,FALSE,14,FALSE,14,FALSE,14,FALSE,14
"1323","BUF",31,47,264,0,2,4,35,28,62,14,72,0,34,45,31,264,0,102,1,4,10,65,55,10,"BUF","JAX",0,0,0,0,0,0,287,8,13,13,50,22,1,288,102,2,"BUF","JAX",6,9,"False","outdoors","grass ",59,75,16,-14,"BUF",48,"2021-11-07",FALSE,-3,FALSE,-3,FALSE,-3,FALSE,-3,FALSE,-3,FALSE,-3
"1324","JAX",17,28,151,0,0,2,12,51,187,27,79,0,26,27,17,151,0,91,1,0,27,57,30,27,"JAX","BUF",0,0,0,0,0,0,209,6,9,7,53,26,0,197,68,1,"BUF","JAX",6,9,"False","outdoors","grass ",59,75,16,-14,"BUF",48,"2021-11-07",FALSE,3,FALSE,3,FALSE,3,FALSE,3,FALSE,3,FALSE,3
"1325","GNB",19,34,190,1,1,1,11,35,69,25,122,0,32,32,19,190,1,116,0,4,21,60,39,21,"GNB","KAN",0,0,0,0,0,0,265,9,18,6,67,55,0,273,87,1,"GNB","KAN",7,13,"False","outdoors","grass ",51,74,12,-7,"KAN",48,"2021-11-07",FALSE,-6,FALSE,-6,FALSE,-6,FALSE,-6,FALSE,-6,FALSE,-6
"1326","KAN",20,37,166,1,0,1,6,25,74,25,77,0,13,36,20,166,1,76,0,0,25,63,38,25,"KAN","GNB",0,0,0,0,0,0,331,10,9,2,43,34,2,331,103,3,"GNB","KAN",7,13,"False","outdoors","grass ",51,74,12,-7,"KAN",48,"2021-11-07",FALSE,6,FALSE,6,FALSE,6,FALSE,6,FALSE,6,FALSE,6
"1327","MIA",26,43,244,1,2,4,29,21,64,25,47,1,15,40,26,244,1,107,2,1,24,72,48,24,"MIA","HOU",0,0,0,0,0,0,390,6,16,4,28,19,0,379,78,4,"HOU","MIA",9,17,"False","outdoors","grass ",72,57,19,-5,"MIA",46,"2021-11-07",FALSE,8,FALSE,8,FALSE,8,FALSE,8,FALSE,8,FALSE,8
"1328","HOU",24,44,240,0,3,5,41,39,82,18,73,0,33,40,24,240,0,126,1,3,15,67,52,15,"HOU","MIA",0,0,0,0,0,0,363,9,26,10,48,25,1,301,134,2,"HOU","MIA",9,17,"False","outdoors","grass ",72,57,19,-5,"MIA",46,"2021-11-07",FALSE,-8,FALSE,-8,FALSE,-8,FALSE,-8,FALSE,-8,FALSE,-8
"1329","ATL",23,30,343,2,0,2,11,64,135,25,34,1,18,30,23,343,2,205,0,3,22,57,35,22,"ATL","NOR",0,0,0,1,0,1,262,4,10,1,16,18,0,262,150,1,"ATL","NOR",27,25,"False","dome","sportturf",72,45,0,-6,"NOR",41,"2021-11-07",FALSE,2,FALSE,2,FALSE,2,FALSE,2,FALSE,2,FALSE,2
"1330","NOR",27,43,282,2,0,1,15,44,213,25,109,1,38,42,27,282,2,134,1,0,25,69,44,25,"NOR","ATL",0,0,0,0,0,0,331,2,10,3,55,54,0,331,118,3,"ATL","NOR",27,25,"False","dome","sportturf",72,45,0,-6,"NOR",41,"2021-11-07",FALSE,-2,FALSE,-2,FALSE,-2,FALSE,-2,FALSE,-2,FALSE,-2
"1331","LVR",30,46,296,1,2,1,10,24,72,20,117,0,45,46,30,296,1,119,1,1,19,67,48,19,"LVR","NYG",0,0,0,0,0,0,266,10,15,3,72,45,3,266,187,0,"LVR","NYG",16,23,"False","outdoors","fieldturf ",54,38,4,-3,"LVR",46,"2021-11-07",FALSE,-7,FALSE,-7,FALSE,-7,FALSE,-7,FALSE,-7,FALSE,-7
"1332","NYG",15,20,110,1,0,3,12,30,104,31,149,0,38,18,15,110,1,73,1,3,28,54,26,28,"NYG","LVR",0,0,0,0,0,0,117,2,6,2,87,62,0,94,53,0,"LVR","NYG",16,23,"False","outdoors","fieldturf ",54,38,4,-3,"LVR",46,"2021-11-07",FALSE,7,FALSE,7,FALSE,7,FALSE,7,FALSE,7,FALSE,7
"1333","LAC",32,38,356,2,0,0,0,49,123,27,89,1,37,37,32,356,2,184,0,3,24,65,41,24,"LAC","PHI",2,0,0,1,0,1,215,4,9,1,50,39,2,215,175,1,"LAC","PHI",27,24,"False","outdoors","grass ",54,37,11,-1,"LAC",49,"2021-11-07",FALSE,3,FALSE,3,FALSE,3,FALSE,3,FALSE,3,FALSE,3
"1334","PHI",11,17,162,1,0,1,7,28,115,39,176,2,42,16,11,162,1,50,0,6,33,57,24,33,"PHI","LAC",0,0,0,0,0,1,206,4,8,3,120,56,4,206,52,0,"LAC","PHI",27,24,"False","outdoors","grass ",54,37,11,-1,"LAC",49,"2021-11-07",FALSE,-3,FALSE,-3,FALSE,-3,FALSE,-3,FALSE,-3,FALSE,-3
"1335","TEN",19,27,143,1,1,3,18,16,79,26,69,2,25,26,19,143,1,75,0,0,26,56,30,26,"TEN","LAR",0,0,0,0,0,0,109,2,13,0,25,44,1,96,103,2,"TEN","LAR",28,16,"False","dome","matrixturf",72,45,0,-7,"LAR",52,"2021-11-07",FALSE,12,FALSE,12,FALSE,12,FALSE,12,FALSE,12,FALSE,12
"1336","LAR",31,48,294,1,2,5,41,26,71,21,94,0,40,47,31,294,1,90,0,2,19,74,55,19,"LAR","TEN",0,0,0,0,0,0,244,10,6,2,48,46,0,246,178,1,"TEN","LAR",28,16,"False","dome","matrixturf",72,45,0,-7,"LAR",52,"2021-11-07",TRUE,-12,TRUE,-12,TRUE,-12,TRUE,-12,TRUE,-12,TRUE,-12
"1337","BAL",27,41,266,3,2,3,13,22,88,45,247,1,43,41,27,266,3,89,0,12,33,89,56,33,"BAL","MIN",0,0,0,0,1,1,323,10,13,3,139,108,2,323,141,0,"MIN","BAL",31,34,"True","outdoors","grass",56,37,8,-6,"BAL",50,"2021-11-07",FALSE,3,FALSE,3,FALSE,3,FALSE,3,FALSE,3,FALSE,3
"1338","MIN",17,28,187,2,0,0,0,50,104,24,131,1,89,28,17,187,2,134,0,0,24,52,28,24,"MIN","BAL",0,1,0,0,1,0,228,6,9,4,79,52,0,227,70,0,"MIN","BAL",31,34,"True","outdoors","grass",56,37,8,-6,"BAL",50,"2021-11-07",FALSE,-3,FALSE,-3,FALSE,-3,FALSE,-3,FALSE,-3,FALSE,-3
"1339","ARI",23,27,282,1,0,2,8,83,238,39,163,3,69,26,23,282,1,154,0,2,37,68,31,37,"ARI","SFO",0,0,0,0,0,0,120,0,5,3,56,107,2,119,193,1,"ARI","SFO",31,17,"False","outdoors","grass",57,74,8,-3,"SFO",45,"2021-11-07",FALSE,14,FALSE,14,FALSE,14,FALSE,14,FALSE,14,FALSE,14
"1340","SFO",28,40,326,2,1,5,28,32,100,11,39,0,17,39,28,326,2,115,2,1,10,56,46,10,"SFO","ARI",0,0,0,1,0,1,355,7,9,4,11,28,2,346,132,1,"ARI","SFO",31,17,"False","outdoors","grass",57,74,8,-3,"SFO",45,"2021-11-07",TRUE,-14,TRUE,-14,TRUE,-14,TRUE,-14,TRUE,-14,TRUE,-14
"1341","CHI",17,29,291,1,1,3,13,50,89,26,136,1,52,29,17,291,1,173,0,5,21,58,37,21,"CHI","PIT",0,0,0,0,0,0,442,7,10,1,101,35,0,441,47,1,"CHI","PIT",27,29,"False","outdoors","grass ",55,51,7,-6,"PIT",38,"2021-11-08",FALSE,-2,FALSE,-2,FALSE,-2,FALSE,-2,FALSE,-2,FALSE,-2
"1342","PIT",21,30,205,2,0,4,30,42,111,32,105,1,53,27,21,205,2,130,1,0,32,66,34,32,"PIT","CHI",0,0,0,0,0,0,151,4,3,3,74,31,4,146,103,0,"CHI","PIT",27,29,"False","outdoors","grass ",55,51,7,-6,"PIT",38,"2021-11-08",FALSE,2,FALSE,2,FALSE,2,FALSE,2,FALSE,2,FALSE,2
"1343","MIA",19,36,314,0,0,4,24,116,174,22,60,1,34,34,19,314,0,220,0,1,21,62,41,21,"MIA","BAL",0,0,0,0,0,0,308,10,14,1,24,36,1,308,166,1,"BAL","MIA",10,22,"False","outdoors","grass ",77,85,4,-7,"BAL",46,"2021-11-11",FALSE,12,FALSE,12,FALSE,12,FALSE,12,FALSE,12,FALSE,12
"1344","BAL",26,43,238,1,1,4,28,30,73,23,94,0,43,41,26,238,1,83,1,2,21,70,49,21,"BAL","MIA",0,0,0,0,0,0,307,7,26,4,59,35,2,307,109,2,"BAL","MIA",10,22,"False","outdoors","grass ",77,85,4,-7,"BAL",46,"2021-11-11",TRUE,-12,TRUE,-12,TRUE,-12,TRUE,-12,TRUE,-12,TRUE,-12
"1345","JAX",16,35,162,0,0,3,10,24,59,24,179,2,106,35,16,162,0,80,1,4,20,62,42,20,"JAX","IND",2,0,0,0,0,0,335,12,9,1,144,35,0,334,73,3,"JAX","IND",17,23,"False","retractable roof (closed)","fieldturf ",72,45,0,-10,"IND",47,"2021-11-14",FALSE,-6,FALSE,-6,FALSE,-6,FALSE,-6,FALSE,-6,FALSE,-6
"1346","IND",22,34,180,0,0,1,12,27,78,27,127,1,45,33,22,180,0,109,0,1,26,62,36,26,"IND","JAX",0,0,0,0,1,0,166,6,15,4,92,35,0,166,103,2,"JAX","IND",17,23,"False","retractable roof (closed)","fieldturf ",72,45,0,-10,"IND",47,"2021-11-14",FALSE,6,FALSE,6,FALSE,6,FALSE,6,FALSE,6,FALSE,6
"1347","ARI",17,29,143,0,1,4,39,38,123,20,65,1,24,29,17,143,0,71,1,1,19,53,34,19,"ARI","CAR",0,0,0,0,0,0,233,9,6,4,30,35,1,233,69,0,"CAR","ARI",34,10,"False","retractable roof (closed)","grass ",72,45,0,-10,"ARI",43,"2021-11-14",TRUE,-24,TRUE,-24,TRUE,-24,TRUE,-24,TRUE,-24,TRUE,-24
"1348","CAR",25,33,175,1,1,0,0,25,191,37,166,2,59,32,25,175,1,66,1,1,36,70,34,36,"CAR","ARI",1,0,0,0,0,0,124,5,13,3,87,79,3,123,107,0,"CAR","ARI",34,10,"False","retractable roof (closed)","grass ",72,45,0,-10,"ARI",43,"2021-11-14",FALSE,24,FALSE,24,FALSE,24,FALSE,24,FALSE,24,FALSE,24
"1349","DAL",28,35,317,2,0,0,0,50,301,37,114,3,44,33,28,317,2,163,1,1,36,72,36,36,"DAL","ATL",1,0,0,0,0,0,184,3,7,2,72,42,4,161,184,2,"ATL","DAL",3,43,"False","retractable roof (closed)","matrixturf",72,45,0,-8,"DAL",55,"2021-11-14",FALSE,40,FALSE,40,FALSE,40,FALSE,40,FALSE,40,FALSE,40
"1350","ATL",10,27,131,0,3,2,20,35,21,24,103,0,43,27,10,131,0,80,0,0,24,53,29,24,"ATL","DAL",0,0,0,0,0,0,252,6,7,2,76,27,1,252,47,4,"ATL","DAL",3,43,"False","retractable roof (closed)","matrixturf",72,45,0,-8,"DAL",55,"2021-11-14",TRUE,-40,TRUE,-40,TRUE,-40,TRUE,-40,TRUE,-40,TRUE,-40
"1351","DEN",22,36,226,0,0,1,14,64,79,18,96,1,38,34,22,226,0,135,1,0,18,55,37,18,"DEN","PHI",0,0,0,0,0,0,208,8,7,6,26,70,1,194,122,2,"PHI","DEN",30,13,"False","outdoors","grass ",57,27,19,-2,"DEN",46,"2021-11-14",TRUE,-17,TRUE,-17,TRUE,-17,TRUE,-17,TRUE,-17,TRUE,-17
"1352","PHI",16,23,178,2,1,2,8,36,103,39,216,0,76,22,16,178,2,119,0,1,38,64,26,38,"PHI","DEN",0,0,0,0,0,0,238,3,10,4,125,91,6,227,76,1,"PHI","DEN",30,13,"False","outdoors","grass ",57,27,19,-2,"DEN",46,"2021-11-14",FALSE,17,FALSE,17,FALSE,17,FALSE,17,FALSE,17,FALSE,17
"1353","SEA",20,40,161,0,2,3,28,28,39,16,75,0,24,38,20,161,0,87,0,5,11,59,48,11,"SEA","GNB",0,0,0,0,0,0,466,8,7,1,40,35,1,454,92,3,"SEA","GNB",0,17,"False","outdoors","grass ",35,78,11,-3,"GNB",49,"2021-11-14",TRUE,-17,TRUE,-17,TRUE,-17,TRUE,-17,TRUE,-17,TRUE,-17
"1354","GNB",23,37,292,0,1,1,5,50,75,32,106,2,30,35,23,292,0,179,0,1,31,70,39,31,"GNB","SEA",0,0,0,0,0,0,232,2,5,3,50,56,2,232,215,3,"SEA","GNB",0,17,"False","outdoors","grass ",35,78,11,-3,"GNB",49,"2021-11-14",FALSE,17,FALSE,17,FALSE,17,FALSE,17,FALSE,17,FALSE,17
"1355","CLE",19,33,154,1,1,5,36,31,142,20,99,0,24,31,19,154,1,80,0,0,20,58,38,20,"CLE","NWE",0,0,0,0,0,0,234,5,6,5,56,43,2,220,102,2,"CLE","NWE",7,45,"False","outdoors","fieldturf ",48,54,6,-2,"NWE",45,"2021-11-14",TRUE,-38,TRUE,-38,TRUE,-38,TRUE,-38,TRUE,-38,TRUE,-38
"1356","NWE",22,26,283,4,0,2,15,74,300,34,184,2,59,25,22,283,4,158,0,0,34,62,28,34,"NWE","CLE",0,0,0,0,1,0,179,1,8,1,110,74,3,182,146,1,"CLE","NWE",7,45,"False","outdoors","fieldturf ",48,54,6,-2,"NWE",45,"2021-11-14",FALSE,38,FALSE,38,FALSE,38,FALSE,38,FALSE,38,FALSE,38
"1357","BUF",21,28,366,2,1,2,16,57,125,24,139,4,77,28,21,366,2,180,1,1,23,54,31,23,"BUF","NYJ",0,0,0,1,0,2,362,4,7,2,88,51,3,362,108,1,"BUF","NYJ",45,17,"False","outdoors","fieldturf ",47,56,4,-13,"BUF",47,"2021-11-14",FALSE,28,FALSE,28,FALSE,28,FALSE,28,FALSE,28,FALSE,28
"1358","NYJ",27,47,298,1,4,1,2,53,191,22,70,1,25,46,27,298,1,152,1,0,22,70,48,22,"NYJ","BUF",0,0,0,0,0,0,323,9,13,2,39,31,1,322,158,2,"BUF","NYJ",45,17,"False","outdoors","fieldturf ",47,56,4,-13,"BUF",47,"2021-11-14",TRUE,-28,TRUE,-28,TRUE,-28,TRUE,-28,TRUE,-28,TRUE,-28
"1359","NOR",21,36,309,2,0,4,22,54,194,21,86,1,35,35,21,309,2,172,1,0,21,61,40,21,"NOR","TEN",0,0,0,0,0,0,297,5,9,2,53,33,2,279,120,2,"NOR","TEN",21,23,"False","outdoors","grass ",53,48,12,-3,"TEN",44,"2021-11-14",FALSE,-2,FALSE,-2,FALSE,-2,FALSE,-2,FALSE,-2,FALSE,-2
"1360","TEN",19,27,213,1,0,2,15,50,105,29,66,1,25,27,19,213,1,144,0,1,28,58,30,28,"TEN","NOR",0,0,0,0,0,1,142,3,5,0,34,32,0,142,125,2,"NOR","TEN",21,23,"False","outdoors","grass ",53,48,12,-3,"TEN",44,"2021-11-14",FALSE,2,FALSE,2,FALSE,2,FALSE,2,FALSE,2,FALSE,2
"1361","DET",14,25,114,0,0,4,37,30,67,39,229,2,93,24,14,114,0,54,0,0,39,68,29,39,"DET","PIT",0,0,0,0,1,0,134,3,7,0,92,137,5,124,74,3,"DET","PIT",16,16,"True","outdoors","grass ",37,72,12,-6,"PIT",41,"2021-11-14",FALSE,0,FALSE,0,FALSE,0,FALSE,0,FALSE,0,FALSE,0
"1362","PIT",30,50,242,1,1,0,0,36,70,31,145,0,42,49,30,242,1,100,2,2,29,81,52,29,"PIT","DET",0,0,0,0,1,0,330,9,12,0,46,99,0,325,103,2,"DET","PIT",16,16,"True","outdoors","grass ",37,72,12,-6,"PIT",41,"2021-11-14",FALSE,0,FALSE,0,FALSE,0,FALSE,0,FALSE,0,FALSE,0
"1363","KAN",36,51,422,5,0,0,0,54,246,25,94,0,51,48,36,422,5,185,0,0,25,76,51,25,"KAN","LVR",0,0,0,1,0,2,410,8,8,6,64,30,0,376,257,2,"KAN","LVR",41,14,"False","dome","grass",72,45,0,-2,"KAN",52,"2021-11-14",FALSE,27,FALSE,27,FALSE,27,FALSE,27,FALSE,27,FALSE,27
"1364","LVR",25,35,261,2,1,2,12,38,99,14,50,0,26,34,25,261,2,152,1,3,11,51,40,11,"LVR","KAN",0,0,0,0,0,0,256,3,7,4,33,17,0,254,129,0,"KAN","LVR",41,14,"False","dome","grass",72,45,0,-2,"KAN",52,"2021-11-14",TRUE,-27,TRUE,-27,TRUE,-27,TRUE,-27,TRUE,-27,TRUE,-27
"1365","MIN",25,37,294,2,0,2,16,27,109,33,103,1,19,35,25,294,2,111,1,1,32,72,40,32,"MIN","LAC",0,0,0,0,0,1,264,6,7,5,30,73,4,236,149,1,"MIN","LAC",27,20,"False","dome","matrixturf",72,45,0,-3,"LAC",53,"2021-11-14",FALSE,7,FALSE,7,FALSE,7,FALSE,7,FALSE,7,FALSE,7
"1366","LAC",20,34,195,1,1,2,24,26,72,19,82,1,37,33,20,195,1,84,0,1,18,55,37,18,"LAC","MIN",0,0,0,0,0,0,190,5,15,2,42,40,0,186,97,3,"MIN","LAC",27,20,"False","dome","matrixturf",72,45,0,-3,"LAC",53,"2021-11-14",FALSE,-7,FALSE,-7,FALSE,-7,FALSE,-7,FALSE,-7,FALSE,-7
"1367","WAS",26,32,256,1,0,5,30,22,110,34,94,2,36,32,26,256,1,122,1,3,31,71,40,31,"WAS","TAM",0,0,0,0,0,0,236,2,18,6,47,47,1,236,89,2,"TAM","WAS",19,29,"False","outdoors","grass ",47,40,8,-9,"TAM",51,"2021-11-14",FALSE,10,FALSE,10,FALSE,10,FALSE,10,FALSE,10,FALSE,10
"1368","TAM",23,34,220,2,2,0,0,40,80,13,53,0,14,33,23,220,2,117,0,0,13,47,34,13,"TAM","WAS",0,0,0,0,0,0,208,5,13,3,32,21,0,201,113,3,"TAM","WAS",19,29,"False","outdoors","grass ",47,40,8,-9,"TAM",51,"2021-11-14",TRUE,-10,TRUE,-10,TRUE,-10,TRUE,-10,TRUE,-10,TRUE,-10
"1369","SFO",15,19,182,2,0,1,3,40,141,44,156,1,34,19,15,182,2,88,0,0,44,64,20,44,"SFO","LAR",0,0,0,0,0,0,125,2,6,0,83,73,3,124,93,0,"LAR","SFO",10,31,"False","outdoors","grass",59,88,0,-4,"LAR",49,"2021-11-15",FALSE,21,FALSE,21,FALSE,21,FALSE,21,FALSE,21,FALSE,21
"1370","LAR",27,42,245,1,2,2,19,35,146,10,52,0,19,42,27,245,1,112,0,0,10,54,44,10,"LAR","SFO",0,0,0,0,0,1,336,9,5,0,35,17,0,335,120,4,"LAR","SFO",10,31,"False","outdoors","grass",59,88,0,-4,"LAR",49,"2021-11-15",TRUE,-21,TRUE,-21,TRUE,-21,TRUE,-21,TRUE,-21,TRUE,-21
"1371","NWE",22,26,207,1,1,3,33,19,96,30,134,0,48,26,22,207,1,121,0,1,29,59,30,29,"NWE","ATL",0,0,0,0,0,0,162,4,12,0,68,66,2,162,103,0,"NWE","ATL",25,0,"False","retractable roof (closed)","fieldturf",72,45,0,-7,"NWE",47,"2021-11-18",FALSE,25,FALSE,25,FALSE,25,FALSE,25,FALSE,25,FALSE,25
"1372","ATL",20,32,158,0,4,4,33,24,54,16,40,0,15,31,20,158,0,87,0,0,16,52,36,16,"ATL","NWE",0,0,0,0,0,0,199,8,7,1,23,17,0,189,62,0,"NWE","ATL",25,0,"False","retractable roof (closed)","fieldturf",72,45,0,-7,"NWE",47,"2021-11-18",TRUE,-25,TRUE,-25,TRUE,-25,TRUE,-25,TRUE,-25,TRUE,-25
"1373","BUF",24,40,228,2,3,1,8,39,100,13,91,0,50,39,24,228,2,114,0,1,12,54,42,12,"BUF","IND",1,0,0,0,0,0,279,5,6,1,74,17,0,280,105,5,"IND","BUF",41,15,"False","outdoors","a_turf",49,48,12,-7,"BUF",49,"2021-11-21",TRUE,-26,TRUE,-26,TRUE,-26,TRUE,-26,TRUE,-26,TRUE,-26
"1374","IND",11,20,106,1,0,0,0,23,86,46,264,4,99,20,11,106,1,85,0,1,45,66,21,45,"IND","BUF",0,0,0,0,1,0,123,5,8,3,93,171,4,122,58,2,"IND","BUF",41,15,"False","outdoors","a_turf",49,48,12,-7,"BUF",49,"2021-11-21",FALSE,26,FALSE,26,FALSE,26,FALSE,26,FALSE,26,FALSE,26
"1375","WAS",16,22,206,3,0,3,27,39,141,40,190,0,57,20,16,206,3,107,1,1,39,65,26,39,"WAS","CAR",0,0,0,0,0,1,241,3,10,4,77,113,7,240,53,0,"WAS","CAR",27,21,"False","outdoors","grass ",54,50,0,-3,"CAR",43,"2021-11-21",FALSE,6,FALSE,6,FALSE,6,FALSE,6,FALSE,6,FALSE,6
"1376","CAR",21,27,189,2,0,1,3,27,120,21,111,1,45,27,21,189,2,84,0,1,20,49,29,20,"CAR","WAS",0,0,0,0,0,0,150,3,9,1,59,52,1,150,70,0,"WAS","CAR",27,21,"False","outdoors","grass ",54,50,0,-3,"CAR",43,"2021-11-21",FALSE,-6,FALSE,-6,FALSE,-6,FALSE,-6,FALSE,-6,FALSE,-6
"1377","BAL",26,36,219,0,1,6,43,29,76,34,123,1,39,36,26,219,0,93,0,2,32,76,44,32,"BAL","CHI",0,0,0,0,0,0,191,5,26,3,87,36,0,190,99,1,"BAL","CHI",16,13,"False","outdoors","grass ",46,71,9,-5,"BAL",43,"2021-11-21",FALSE,3,FALSE,3,FALSE,3,FALSE,3,FALSE,3,FALSE,3
"1378","CHI",15,34,280,2,0,3,19,89,169,20,92,0,30,33,15,280,2,162,1,1,19,57,38,19,"CHI","BAL",0,0,0,0,0,2,417,13,16,2,59,33,0,406,123,1,"BAL","CHI",16,13,"False","outdoors","grass ",46,71,9,-5,"BAL",43,"2021-11-21",FALSE,-3,FALSE,-3,FALSE,-3,FALSE,-3,FALSE,-3,FALSE,-3
"1379","CLE",15,29,176,1,2,1,11,37,53,36,184,1,53,28,15,176,1,117,0,2,34,66,32,34,"CLE","DET",0,0,0,0,1,0,277,8,7,5,103,81,5,263,66,1,"DET","CLE",10,13,"False","outdoors","grass ",42,84,7,-12,"CLE",42,"2021-11-21",FALSE,3,FALSE,3,FALSE,3,FALSE,3,FALSE,3,FALSE,3
"1380","DET",15,23,77,0,2,0,0,24,34,23,168,1,83,23,15,77,0,44,0,0,23,46,23,23,"DET","CLE",0,0,0,0,1,0,106,5,4,2,117,51,1,106,60,1,"DET","CLE",10,13,"False","outdoors","grass ",42,84,7,-12,"CLE",42,"2021-11-21",FALSE,-3,FALSE,-3,FALSE,-3,FALSE,-3,FALSE,-3,FALSE,-3
"1381","SFO",16,22,176,2,0,2,14,34,126,42,171,1,58,20,16,176,2,104,0,1,41,66,25,41,"SFO","JAX",0,0,0,0,0,0,141,3,9,1,92,79,1,134,71,0,"SFO","JAX",30,10,"False","outdoors","grass ",68,84,17,-6,"SFO",45,"2021-11-21",FALSE,20,FALSE,20,FALSE,20,FALSE,20,FALSE,20,FALSE,20
"1382","JAX",16,25,158,0,0,3,12,22,81,16,54,1,19,24,16,158,0,81,2,2,14,44,30,14,"JAX","SFO",0,0,0,0,0,0,179,4,5,3,36,18,0,178,92,2,"SFO","JAX",30,10,"False","outdoors","grass ",68,84,17,-6,"SFO",45,"2021-11-21",TRUE,-20,TRUE,-20,TRUE,-20,TRUE,-20,TRUE,-20,TRUE,-20
"1383","KAN",23,37,260,0,1,3,16,37,71,26,126,2,72,33,23,260,0,143,1,3,23,66,43,23,"KAN","DAL",0,0,0,0,0,0,198,3,8,5,89,37,1,171,167,6,"DAL","KAN",9,19,"False","outdoors","grass ",57,31,17,-2,"KAN",56,"2021-11-21",FALSE,10,FALSE,10,FALSE,10,FALSE,10,FALSE,10,FALSE,10
"1384","DAL",28,43,216,0,2,5,22,19,57,16,82,0,39,42,28,216,0,107,1,0,16,64,48,16,"DAL","KAN",0,0,0,0,0,0,329,4,10,7,47,35,0,331,146,3,"DAL","KAN",9,19,"False","outdoors","grass ",57,31,17,-2,"KAN",56,"2021-11-21",TRUE,-10,TRUE,-10,TRUE,-10,TRUE,-10,TRUE,-10,TRUE,-10
"1385","GNB",23,33,385,4,0,2,13,75,148,19,95,0,44,31,23,385,4,199,0,2,17,54,37,17,"GNB","MIN",0,0,0,1,0,2,261,6,14,6,74,21,0,263,217,0,"GNB","MIN",31,34,"False","dome","sportturf",72,45,0,-1,"GNB",47,"2021-11-21",FALSE,-3,FALSE,-3,FALSE,-3,FALSE,-3,FALSE,-3,FALSE,-3
"1386","MIN",24,35,341,3,0,2,23,56,128,29,90,1,17,34,24,341,3,142,0,0,29,66,37,29,"MIN","GNB",1,0,0,1,0,1,406,6,14,5,50,40,0,388,142,2,"GNB","MIN",31,34,"False","dome","sportturf",72,45,0,-1,"GNB",47,"2021-11-21",FALSE,3,FALSE,3,FALSE,3,FALSE,3,FALSE,3,FALSE,3
"1387","MIA",27,34,273,2,1,0,0,65,148,33,115,1,35,34,27,273,2,162,0,1,32,67,35,32,"MIA","NYJ",0,0,0,0,0,0,180,4,8,2,70,45,1,180,132,2,"MIA","NYJ",24,17,"False","outdoors","fieldturf ",52,44,4,-3,"MIA",44,"2021-11-21",FALSE,7,FALSE,7,FALSE,7,FALSE,7,FALSE,7,FALSE,7
"1388","NYJ",24,39,291,2,0,2,13,62,101,18,102,0,66,35,24,291,2,152,1,1,17,59,42,17,"NYJ","MIA",0,0,0,0,0,1,299,6,22,4,29,73,2,262,159,1,"MIA","NYJ",24,17,"False","outdoors","fieldturf ",52,44,4,-3,"MIA",44,"2021-11-21",FALSE,-7,FALSE,-7,FALSE,-7,FALSE,-7,FALSE,-7,FALSE,-7
"1389","HOU",14,24,107,0,0,0,0,13,69,38,83,2,18,23,14,107,0,65,0,5,33,62,29,33,"HOU","TEN",0,0,0,0,0,0,97,4,9,0,29,54,0,92,54,1,"HOU","TEN",22,13,"False","outdoors","grass ",59,67,8,-10,"TEN",44,"2021-11-21",FALSE,9,FALSE,9,FALSE,9,FALSE,9,FALSE,9,FALSE,9
"1390","TEN",35,52,323,1,4,2,6,46,58,25,103,0,44,51,35,323,1,124,1,0,25,79,54,25,"TEN","HOU",0,0,1,1,0,1,432,12,12,1,35,68,1,418,122,1,"HOU","TEN",22,13,"False","outdoors","grass ",59,67,8,-10,"TEN",44,"2021-11-21",FALSE,-9,FALSE,-9,FALSE,-9,FALSE,-9,FALSE,-9,FALSE,-9
"1391","PHI",13,24,147,0,0,3,9,33,72,50,242,3,72,23,13,147,0,75,1,4,46,77,31,46,"PHI","NOR",0,0,0,0,0,0,202,4,4,2,170,72,0,196,93,2,"NOR","PHI",29,40,"False","outdoors","grass ",51,63,4,-2,"PHI",42,"2021-11-21",FALSE,11,FALSE,11,FALSE,11,FALSE,11,FALSE,11,FALSE,11
"1392","NOR",22,40,214,3,2,0,0,26,74,22,109,1,50,36,22,214,3,113,1,1,21,62,41,21,"NOR","PHI",0,0,0,0,0,0,273,5,7,7,27,82,1,262,70,1,"NOR","PHI",29,40,"False","outdoors","grass ",51,63,4,-2,"PHI",42,"2021-11-21",TRUE,-11,TRUE,-11,TRUE,-11,TRUE,-11,TRUE,-11,TRUE,-11
"1393","CIN",20,29,148,1,0,3,19,17,92,38,159,2,52,28,20,148,1,81,1,3,35,70,35,35,"CIN","LVR",0,0,0,0,1,0,220,2,2,4,102,57,6,209,85,0,"CIN","LVR",32,13,"False","dome","grass",72,45,0,-1,"CIN",50,"2021-11-21",FALSE,19,FALSE,19,FALSE,19,FALSE,19,FALSE,19,FALSE,19
"1394","LVR",19,27,215,1,1,2,9,31,90,18,72,0,37,25,19,215,1,93,1,0,18,47,29,18,"LVR","CIN",0,0,0,0,0,1,232,5,6,5,37,35,4,210,88,1,"CIN","LVR",32,13,"False","dome","grass",72,45,0,-1,"CIN",50,"2021-11-21",TRUE,-19,TRUE,-19,TRUE,-19,TRUE,-19,TRUE,-19,TRUE,-19
"1395","PIT",28,44,273,3,0,3,28,37,103,18,55,1,27,44,28,273,3,114,0,0,18,65,47,18,"PIT","LAC",0,0,0,0,0,1,325,10,10,1,40,15,1,323,119,0,"PIT","LAC",37,41,"False","dome","matrixturf",72,45,0,-5,"LAC",47,"2021-11-21",FALSE,-4,FALSE,-4,FALSE,-4,FALSE,-4,FALSE,-4,FALSE,-4
"1396","LAC",30,41,382,3,1,2,8,53,116,26,159,2,67,41,30,382,3,167,0,6,20,69,49,20,"LAC","PIT",0,0,0,1,0,1,219,4,13,0,145,14,1,218,237,4,"PIT","LAC",37,41,"False","dome","matrixturf",72,45,0,-5,"LAC",47,"2021-11-21",FALSE,4,FALSE,4,FALSE,4,FALSE,4,FALSE,4,FALSE,4
"1397","ARI",35,44,328,2,0,2,10,31,112,33,95,1,24,44,35,328,2,123,0,1,32,79,47,32,"ARI","SEA",0,0,0,1,0,0,201,3,16,4,47,48,1,202,165,4,"ARI","SEA",23,13,"False","outdoors","fieldturf ",46,76,0,-2,"SEA",47,"2021-11-21",FALSE,10,FALSE,10,FALSE,10,FALSE,10,FALSE,10,FALSE,10
"1398","SEA",14,26,207,0,0,4,27,48,80,19,86,1,50,25,14,207,0,102,0,0,19,49,30,19,"SEA","ARI",0,0,0,0,0,1,282,3,12,1,43,43,2,273,70,4,"ARI","SEA",23,13,"False","outdoors","fieldturf ",46,76,0,-2,"SEA",47,"2021-11-21",TRUE,-10,TRUE,-10,TRUE,-10,TRUE,-10,TRUE,-10,TRUE,-10
"1399","TAM",32,48,318,2,1,1,10,43,179,27,94,1,42,47,32,318,2,137,0,1,26,76,50,26,"TAM","NYG",0,0,0,1,0,0,332,9,10,3,53,41,0,327,133,2,"NYG","TAM",10,30,"False","outdoors","grass ",68,61,6,-11,"TAM",50,"2021-11-22",FALSE,20,FALSE,20,FALSE,20,FALSE,20,FALSE,20,FALSE,20
"1400","NYG",23,39,167,1,2,2,18,28,97,13,66,0,43,37,23,167,1,96,1,0,13,54,41,13,"NYG","TAM",0,0,0,0,0,0,236,10,14,8,36,30,0,227,78,0,"NYG","TAM",10,30,"False","outdoors","grass ",68,61,6,-11,"TAM",50,"2021-11-22",TRUE,-20,TRUE,-20,TRUE,-20,TRUE,-20,TRUE,-20,TRUE,-20
"1401","DAL",32,47,375,2,0,1,2,51,106,20,64,1,23,47,32,375,2,174,0,1,19,68,49,19,"DAL","LVR",2,1,0,1,0,2,351,11,3,3,24,40,0,350,158,2,"LVR","DAL",36,33,"True","retractable roof (closed)","matrixturf",72,45,0,-7,"DAL",51,"2021-11-25",FALSE,-3,FALSE,-3,FALSE,-3,FALSE,-3,FALSE,-3,FALSE,-3
"1402","LVR",24,39,373,1,0,3,7,56,101,35,143,2,56,38,24,373,1,208,0,1,34,77,43,34,"LVR","DAL",0,0,0,1,0,2,376,10,9,3,76,67,1,371,224,2,"LVR","DAL",36,33,"True","retractable roof (closed)","matrixturf",72,45,0,-7,"DAL",51,"2021-11-25",FALSE,3,FALSE,3,FALSE,3,FALSE,3,FALSE,3,FALSE,3
"1403","DET",21,25,171,2,0,1,8,39,121,19,76,0,34,25,21,171,2,99,1,0,19,45,26,19,"DET","CHI",0,0,0,0,0,0,162,2,2,1,68,8,2,162,80,1,"CHI","DET",16,14,"False","dome","fieldturf ",72,45,0,-3,"CHI",41,"2021-11-25",FALSE,-2,FALSE,-2,FALSE,-2,FALSE,-2,FALSE,-2,FALSE,-2
"1404","CHI",24,39,317,1,1,1,7,52,85,29,68,0,28,37,24,317,1,129,0,3,26,69,43,26,"CHI","DET",0,0,0,1,0,1,346,5,10,4,40,28,4,337,129,1,"CHI","DET",16,14,"False","dome","fieldturf ",72,45,0,-3,"CHI",41,"2021-11-25",FALSE,2,FALSE,2,FALSE,2,FALSE,2,FALSE,2,FALSE,2
"1405","BUF",23,28,260,4,2,2,12,28,115,32,113,0,34,26,23,260,4,136,0,4,28,62,34,28,"BUF","NOR",0,0,0,0,0,0,167,0,5,4,39,74,4,175,113,0,"BUF","NOR",31,6,"False","dome","sportturf",72,45,0,-6,"BUF",45,"2021-11-25",FALSE,25,FALSE,25,FALSE,25,FALSE,25,FALSE,25,FALSE,25
"1406","NOR",17,30,163,1,1,2,17,24,111,25,44,0,21,28,17,163,1,98,0,1,24,57,33,24,"NOR","BUF",0,0,0,0,0,0,178,7,6,3,3,41,2,178,92,1,"BUF","NOR",31,6,"False","dome","sportturf",72,45,0,-6,"BUF",45,"2021-11-25",TRUE,-25,TRUE,-25,TRUE,-25,TRUE,-25,TRUE,-25,TRUE,-25
"1407","PIT",24,41,263,1,2,3,13,41,65,15,51,0,25,39,24,263,1,116,1,0,15,59,44,15,"PIT","CIN",0,0,0,0,0,0,296,8,5,0,42,9,0,298,96,3,"PIT","CIN",10,41,"False","outdoors","fieldturf ",43,65,12,-3,"CIN",44,"2021-11-28",TRUE,-31,TRUE,-31,TRUE,-31,TRUE,-31,TRUE,-31,TRUE,-31
"1408","CIN",20,25,190,1,1,2,18,32,135,38,198,3,56,24,20,190,1,86,0,1,37,65,28,37,"CIN","PIT",0,0,0,0,1,1,182,2,10,1,122,76,1,181,92,0,"PIT","CIN",10,41,"False","outdoors","fieldturf ",43,65,12,-3,"CIN",44,"2021-11-28",FALSE,31,FALSE,31,FALSE,31,FALSE,31,FALSE,31,FALSE,31
"1409","TAM",25,34,226,1,1,2,9,32,88,27,142,4,45,34,25,226,1,82,1,0,27,63,36,27,"TAM","IND",0,0,0,0,1,1,199,3,9,1,71,71,2,199,129,1,"TAM","IND",38,31,"False","retractable roof (closed)","fieldturf ",72,45,0,-3,"TAM",53,"2021-11-28",FALSE,7,FALSE,7,FALSE,7,FALSE,7,FALSE,7,FALSE,7
"1410","IND",27,44,306,3,2,3,21,62,86,20,107,1,34,43,27,306,3,167,3,2,18,67,49,18,"IND","TAM",0,0,0,1,0,0,408,6,15,4,64,43,3,412,92,2,"TAM","IND",38,31,"False","retractable roof (closed)","fieldturf ",72,45,0,-3,"TAM",53,"2021-11-28",FALSE,-7,FALSE,-7,FALSE,-7,FALSE,-7,FALSE,-7,FALSE,-7
"1411","DEN",15,25,155,1,1,1,0,54,127,33,147,2,39,23,15,155,1,111,0,1,32,59,27,32,"DEN","LAC",0,0,0,0,0,0,146,4,10,6,86,61,3,117,100,0,"LAC","DEN",13,28,"False","outdoors","grass ",62,22,0,-3,"LAC",47,"2021-11-28",FALSE,15,FALSE,15,FALSE,15,FALSE,15,FALSE,15,FALSE,15
"1412","LAC",28,44,303,2,2,3,18,34,80,17,72,0,24,44,28,303,2,155,0,4,13,64,51,13,"LAC","DEN",0,0,0,1,0,0,287,4,6,5,52,20,2,287,153,4,"LAC","DEN",13,28,"False","outdoors","grass ",62,22,0,-3,"LAC",47,"2021-11-28",TRUE,-15,TRUE,-15,TRUE,-15,TRUE,-15,TRUE,-15,TRUE,-15
"1413","GNB",28,45,307,2,0,1,0,54,97,32,92,1,17,44,28,307,2,161,1,0,32,78,46,32,"GNB","LAR",0,0,0,1,0,1,426,12,13,4,28,64,5,422,165,0,"LAR","GNB",28,36,"False","outdoors","grass ",37,46,14,-2,"LAR",46,"2021-11-28",FALSE,8,FALSE,8,FALSE,8,FALSE,8,FALSE,8,FALSE,8
"1414","LAR",21,39,302,3,1,2,17,79,136,20,68,0,13,39,21,302,3,176,1,0,20,61,41,20,"LAR","GNB",2,0,0,1,0,0,433,7,3,5,31,37,0,432,133,3,"LAR","GNB",28,36,"False","outdoors","grass ",37,46,14,-2,"LAR",46,"2021-11-28",FALSE,-8,FALSE,-8,FALSE,-8,FALSE,-8,FALSE,-8,FALSE,-8
"1415","NYJ",14,24,145,0,1,4,36,46,58,34,157,2,67,23,14,145,0,102,0,0,34,62,28,34,"NYJ","HOU",0,0,0,0,0,0,103,4,10,6,117,40,2,97,96,2,"NYJ","HOU",21,14,"False","retractable roof (closed)","astroturf",72,45,0,-2,"HOU",44,"2021-11-28",FALSE,7,FALSE,7,FALSE,7,FALSE,7,FALSE,7,FALSE,7
"1416","HOU",17,26,158,2,1,5,52,40,91,24,96,0,47,26,17,158,2,110,0,1,23,55,32,23,"HOU","NYJ",0,0,0,0,0,0,219,5,6,1,51,45,2,218,79,0,"NYJ","HOU",21,14,"False","retractable roof (closed)","astroturf",72,45,0,-2,"HOU",44,"2021-11-28",FALSE,-7,FALSE,-7,FALSE,-7,FALSE,-7,FALSE,-7,FALSE,-7
"1417","ATL",19,29,190,1,1,1,7,20,81,29,149,2,55,28,19,190,1,107,0,1,28,59,31,28,"ATL","JAX",0,0,0,0,1,0,120,4,15,0,102,47,0,113,124,1,"ATL","JAX",21,14,"False","outdoors","grass ",61,41,4,-2,"ATL",45,"2021-11-28",FALSE,7,FALSE,7,FALSE,7,FALSE,7,FALSE,7,FALSE,7
"1418","JAX",23,42,228,1,1,1,12,26,68,28,141,0,30,41,23,228,1,146,1,1,27,71,44,27,"JAX","ATL",2,0,0,0,0,0,426,12,12,5,109,32,1,406,107,2,"ATL","JAX",21,14,"False","outdoors","grass ",61,41,4,-2,"ATL",45,"2021-11-28",FALSE,-7,FALSE,-7,FALSE,-7,FALSE,-7,FALSE,-7,FALSE,-7
"1419","CAR",10,31,179,0,3,5,45,88,46,18,64,1,41,31,10,179,0,133,0,0,18,54,36,18,"CAR","MIA",0,0,0,0,0,1,320,11,8,8,47,17,2,320,51,4,"CAR","MIA",10,33,"False","outdoors","grass ",74,56,4,-2,"CAR",42,"2021-11-28",TRUE,-23,TRUE,-23,TRUE,-23,TRUE,-23,TRUE,-23,TRUE,-23
"1420","MIA",27,31,230,1,0,2,26,57,108,39,111,2,37,31,27,230,1,110,0,0,39,72,33,39,"MIA","CAR",0,0,0,0,0,1,116,1,14,7,89,22,2,116,146,0,"CAR","MIA",10,33,"False","outdoors","grass ",74,56,4,-2,"CAR",42,"2021-11-28",FALSE,23,FALSE,23,FALSE,23,FALSE,23,FALSE,23,FALSE,23
"1421","TEN",11,21,93,1,1,2,8,24,60,39,270,1,112,21,11,93,1,84,3,3,36,62,26,36,"TEN","NWE",0,0,0,0,2,0,128,2,8,0,132,138,5,128,34,0,"TEN","NWE",13,36,"False","outdoors","fieldturf ",33,61,6,-7,"NWE",43,"2021-11-28",TRUE,-23,TRUE,-23,TRUE,-23,TRUE,-23,TRUE,-23,TRUE,-23
"1422","NWE",23,32,310,2,0,2,21,41,123,24,105,1,48,32,23,310,2,151,0,1,23,58,35,23,"NWE","TEN",0,0,0,1,0,0,238,6,8,2,43,62,3,237,175,0,"TEN","NWE",13,36,"False","outdoors","fieldturf ",33,61,6,-7,"NWE",43,"2021-11-28",FALSE,23,FALSE,23,FALSE,23,FALSE,23,FALSE,23,FALSE,23
"1423","NYG",19,30,202,1,0,1,8,20,94,27,70,0,42,29,19,202,1,116,0,2,25,58,33,25,"NYG","PHI",0,0,0,0,0,0,157,5,6,2,48,22,0,137,120,1,"PHI","NYG",7,13,"False","outdoors","fieldturf ",39,72,4,-3,"PHI",45,"2021-11-28",FALSE,6,FALSE,6,FALSE,6,FALSE,6,FALSE,6,FALSE,6
"1424","PHI",14,31,129,0,3,1,5,21,17,33,208,1,60,29,14,129,0,87,1,2,31,65,34,31,"PHI","NYG",0,0,0,0,0,0,299,3,6,4,152,56,0,292,51,2,"PHI","NYG",7,13,"False","outdoors","fieldturf ",39,72,4,-3,"PHI",45,"2021-11-28",FALSE,-6,FALSE,-6,FALSE,-6,FALSE,-6,FALSE,-6,FALSE,-6
"1425","CLE",18,37,247,1,0,3,25,41,79,17,40,0,17,34,18,247,1,131,2,1,16,57,41,16,"CLE","BAL",0,0,0,0,0,1,353,9,16,2,5,35,1,328,104,0,"CLE","BAL",10,16,"False","outdoors","grass",43,70,0,-3,"BAL",47,"2021-11-28",FALSE,-6,FALSE,-6,FALSE,-6,FALSE,-6,FALSE,-6,FALSE,-6
"1426","BAL",20,32,165,1,4,2,10,39,46,43,148,0,39,32,20,165,1,81,0,3,40,77,37,40,"BAL","CLE",0,0,0,0,0,0,278,10,11,0,89,59,0,278,54,0,"CLE","BAL",10,16,"False","outdoors","grass",43,70,0,-3,"BAL",47,"2021-11-28",FALSE,6,FALSE,6,FALSE,6,FALSE,6,FALSE,6,FALSE,6
"1427","MIN",21,33,262,2,1,1,6,54,211,18,67,1,44,32,21,262,2,126,1,0,18,52,34,18,"MIN","SFO",0,1,0,0,0,0,230,8,7,2,20,47,2,214,145,1,"MIN","SFO",26,34,"False","outdoors","grass",68,43,7,-3,"SFO",49,"2021-11-28",FALSE,-8,FALSE,-8,FALSE,-8,FALSE,-8,FALSE,-8,FALSE,-8
"1428","SFO",17,26,230,1,1,2,15,37,90,39,208,3,74,26,17,230,1,140,0,0,39,67,28,39,"SFO","MIN",0,0,0,0,1,0,227,6,4,2,88,120,4,227,124,1,"MIN","SFO",26,34,"False","outdoors","grass",68,43,7,-3,"SFO",49,"2021-11-28",FALSE,8,FALSE,8,FALSE,8,FALSE,8,FALSE,8,FALSE,8
"1429","WAS",27,35,223,1,1,1,4,20,90,43,152,1,38,34,27,223,1,103,0,2,41,79,38,41,"WAS","SEA",0,0,0,0,1,0,189,3,13,6,68,84,4,178,161,1,"SEA","WAS",15,17,"False","outdoors","grass ",41,51,9,0,"",47,"2021-11-29",FALSE,2,FALSE,2,FALSE,2,FALSE,2,FALSE,2,FALSE,2
"1430","SEA",20,31,247,2,0,2,14,55,110,12,34,0,22,31,20,247,2,160,1,1,11,45,34,11,"SEA","WAS",0,0,0,0,0,0,279,8,10,3,16,18,0,279,96,0,"SEA","WAS",15,17,"False","outdoors","grass ",41,51,9,0,"",47,"2021-11-29",FALSE,-2,FALSE,-2,FALSE,-2,FALSE,-2,FALSE,-2,FALSE,-2
"1431","DAL",26,40,238,1,1,1,7,41,79,24,146,1,100,40,26,238,1,117,0,0,24,65,41,24,"DAL","NOR",0,0,0,0,0,0,337,7,9,3,56,90,2,336,93,0,"DAL","NOR",27,17,"False","dome","sportturf",72,45,0,-5,"DAL",47,"2021-12-02",FALSE,10,FALSE,10,FALSE,10,FALSE,10,FALSE,10,FALSE,10
"1432","NOR",19,41,264,2,4,2,12,70,44,26,153,0,45,41,19,264,2,194,0,4,22,69,47,22,"NOR","DAL",0,0,0,0,1,0,283,11,10,9,109,44,1,283,173,3,"DAL","NOR",27,17,"False","dome","sportturf",72,45,0,-5,"DAL",47,"2021-12-02",TRUE,-10,TRUE,-10,TRUE,-10,TRUE,-10,TRUE,-10,TRUE,-10
"1433","ATL",30,41,297,0,0,5,38,30,93,23,121,1,64,40,30,297,0,118,1,1,22,69,47,22,"ATL","TAM",0,0,0,0,0,1,250,4,18,2,61,60,1,250,146,2,"TAM","ATL",30,17,"False","retractable roof (closed)","fieldturf",72,45,0,-10,"TAM",50,"2021-12-05",TRUE,-13,TRUE,-13,TRUE,-13,TRUE,-13,TRUE,-13,TRUE,-13
"1434","TAM",38,51,368,4,1,0,0,36,112,17,57,0,22,51,38,368,4,134,0,0,17,68,51,17,"TAM","ATL",0,0,0,1,0,1,324,8,16,1,24,33,0,324,167,2,"TAM","ATL",30,17,"False","retractable roof (closed)","fieldturf",72,45,0,-10,"TAM",50,"2021-12-05",FALSE,13,FALSE,13,FALSE,13,FALSE,13,FALSE,13,FALSE,13
"1435","ARI",11,15,123,2,0,1,3,23,136,35,137,2,43,15,11,123,2,98,0,4,31,51,20,31,"ARI","CHI",0,0,0,0,0,0,58,2,4,2,90,47,2,58,82,1,"ARI","CHI",33,22,"False","outdoors","grass ",34,80,8,-7,"ARI",42,"2021-12-05",FALSE,11,FALSE,11,FALSE,11,FALSE,11,FALSE,11,FALSE,11
"1436","CHI",26,41,229,2,4,3,12,34,54,27,112,1,37,40,26,229,2,113,0,1,26,71,45,26,"CHI","ARI",2,0,0,0,0,0,230,7,25,7,65,47,3,221,130,4,"ARI","CHI",33,22,"False","outdoors","grass ",34,80,8,-7,"ARI",42,"2021-12-05",TRUE,-11,TRUE,-11,TRUE,-11,TRUE,-11,TRUE,-11,TRUE,-11
"1437","LAC",26,35,317,3,1,4,33,47,118,22,79,1,27,35,26,317,3,149,2,1,21,61,40,21,"LAC","CIN",2,0,0,1,0,1,376,5,8,5,37,42,0,376,113,0,"LAC","CIN",41,22,"False","outdoors","fieldturf ",48,51,11,-3,"CIN",49,"2021-12-05",FALSE,19,FALSE,19,FALSE,19,FALSE,19,FALSE,19,FALSE,19
"1438","CIN",24,40,300,1,2,6,40,32,70,25,96,2,33,38,24,300,1,90,2,1,24,71,47,24,"CIN","LAC",0,0,0,1,0,1,378,6,10,6,49,47,0,378,98,4,"LAC","CIN",41,22,"False","outdoors","fieldturf ",48,51,11,-3,"CIN",49,"2021-12-05",TRUE,-19,TRUE,-19,TRUE,-19,TRUE,-19,TRUE,-19,TRUE,-19
"1439","MIN",30,41,340,2,0,3,14,48,156,27,100,1,23,41,30,340,2,127,1,1,26,71,45,26,"MIN","DET",0,0,0,1,0,1,337,7,14,3,53,47,4,336,135,0,"MIN","DET",27,29,"False","dome","fieldturf ",72,45,0,-7,"MIN",46,"2021-12-05",FALSE,-2,FALSE,-2,FALSE,-2,FALSE,-2,FALSE,-2,FALSE,-2
"1440","DET",25,41,296,3,1,3,24,28,97,27,100,0,28,38,25,296,3,145,1,1,26,71,45,26,"DET","MIN",0,0,0,0,0,0,330,6,7,3,53,47,0,324,90,4,"MIN","DET",27,29,"False","dome","fieldturf ",72,45,0,-7,"MIN",46,"2021-12-05",FALSE,2,FALSE,2,FALSE,2,FALSE,2,FALSE,2,FALSE,2
"1441","HOU",11,27,94,0,1,4,37,29,68,19,84,0,45,26,11,94,0,57,1,4,15,50,35,15,"HOU","IND",0,0,0,0,0,0,131,9,14,3,61,23,1,116,82,1,"IND","HOU",31,0,"False","retractable roof (closed)","astroturf",72,45,0,-10,"IND",44,"2021-12-05",TRUE,-31,TRUE,-31,TRUE,-31,TRUE,-31,TRUE,-31,TRUE,-31
"1442","IND",16,22,158,1,0,1,7,24,107,48,238,3,79,22,16,158,1,82,1,1,47,71,24,47,"IND","HOU",0,0,0,0,1,0,154,4,9,2,156,82,5,154,76,1,"IND","HOU",31,0,"False","retractable roof (closed)","astroturf",72,45,0,-10,"IND",44,"2021-12-05",FALSE,31,FALSE,31,FALSE,31,FALSE,31,FALSE,31,FALSE,31
"1443","KAN",15,29,184,0,1,1,6,38,57,24,89,1,35,27,15,184,0,132,0,2,22,54,32,22,"KAN","DEN",0,0,0,0,0,0,151,7,5,9,55,34,0,149,139,4,"DEN","KAN",9,22,"False","outdoors","grass ",58,55,22,-9,"KAN",47,"2021-12-05",FALSE,13,FALSE,13,FALSE,13,FALSE,13,FALSE,13,FALSE,13
"1444","DEN",22,40,257,1,2,1,7,36,62,31,154,0,39,36,22,257,1,137,0,3,28,72,44,28,"DEN","KAN",0,0,0,0,1,0,269,6,9,10,82,72,7,252,172,1,"DEN","KAN",9,22,"False","outdoors","grass ",58,55,22,-9,"KAN",47,"2021-12-05",TRUE,-13,TRUE,-13,TRUE,-13,TRUE,-13,TRUE,-13,TRUE,-13
"1445","NYG",23,44,187,0,1,3,28,20,53,17,91,0,40,38,23,187,0,92,0,0,17,64,47,17,"NYG","MIA",0,0,0,0,0,0,333,6,16,2,59,32,0,289,96,4,"NYG","MIA",9,20,"False","outdoors","grass ",80,62,11,-6,"MIA",39,"2021-12-05",TRUE,-11,TRUE,-11,TRUE,-11,TRUE,-11,TRUE,-11,TRUE,-11
"1446","MIA",30,41,244,2,0,2,15,25,104,25,68,0,19,41,30,244,2,90,0,1,24,68,44,24,"MIA","NYG",0,0,0,0,0,0,280,5,11,2,45,23,0,279,73,2,"NYG","MIA",9,20,"False","outdoors","grass ",80,62,11,-6,"MIA",39,"2021-12-05",FALSE,11,FALSE,11,FALSE,11,FALSE,11,FALSE,11,FALSE,11
"1447","PHI",20,25,242,2,0,2,9,36,133,41,185,1,61,22,20,242,2,112,0,1,40,68,28,40,"PHI","NYJ",0,0,0,0,1,1,134,0,5,2,68,117,2,134,149,0,"PHI","NYJ",33,18,"False","outdoors","fieldturf ",45,33,0,-5,"PHI",43,"2021-12-05",FALSE,15,FALSE,15,FALSE,15,FALSE,15,FALSE,15,FALSE,15
"1448","NYJ",23,38,226,2,1,2,15,29,83,17,70,1,30,36,23,226,2,113,0,0,17,57,40,17,"NYJ","PHI",0,0,0,0,0,0,314,8,3,6,20,50,0,321,112,4,"PHI","NYJ",33,18,"False","outdoors","fieldturf ",45,33,0,-5,"PHI",43,"2021-12-05",TRUE,-15,TRUE,-15,TRUE,-15,TRUE,-15,TRUE,-15,TRUE,-15
"1449","BAL",23,37,253,1,1,7,34,29,80,25,107,1,33,37,23,253,1,126,0,3,22,69,47,22,"BAL","PIT",0,0,0,0,0,0,250,4,18,7,71,36,2,250,135,6,"BAL","PIT",19,20,"False","outdoors","grass ",50,44,7,-4,"BAL",44,"2021-12-05",FALSE,-1,FALSE,-1,FALSE,-1,FALSE,-1,FALSE,-1,FALSE,-1
"1450","PIT",21,31,236,2,0,1,0,40,111,25,85,0,22,30,21,236,2,116,0,0,25,57,32,25,"PIT","BAL",2,0,0,0,0,1,260,4,13,3,30,55,2,248,152,2,"BAL","PIT",19,20,"False","outdoors","grass ",50,44,7,-4,"BAL",44,"2021-12-05",FALSE,1,FALSE,1,FALSE,1,FALSE,1,FALSE,1,FALSE,1
"1451","WAS",23,30,196,2,1,1,10,35,101,30,112,0,47,30,23,196,2,111,0,2,28,61,33,28,"WAS","LVR",0,0,0,0,0,0,202,5,4,4,70,42,1,202,84,0,"WAS","LVR",17,15,"False","dome","grass",72,45,0,-1,"LVR",48,"2021-12-05",FALSE,2,FALSE,2,FALSE,2,FALSE,2,FALSE,2,FALSE,2
"1452","LVR",28,38,249,0,0,2,15,34,90,16,76,1,32,36,28,249,0,127,0,2,14,56,42,14,"LVR","WAS",0,0,0,0,0,1,361,3,11,3,48,28,2,302,129,1,"WAS","LVR",17,15,"False","dome","grass",72,45,0,-1,"LVR",48,"2021-12-05",FALSE,-2,FALSE,-2,FALSE,-2,FALSE,-2,FALSE,-2,FALSE,-2
"1453","JAX",16,28,145,0,0,2,9,28,71,25,61,1,37,28,16,145,0,89,2,3,22,55,33,22,"JAX","LAR",0,0,0,0,0,0,117,6,4,6,48,13,0,116,102,2,"JAX","LAR",7,37,"False","dome","matrixturf",72,45,0,-13,"LAR",48,"2021-12-05",TRUE,-30,TRUE,-30,TRUE,-30,TRUE,-30,TRUE,-30,TRUE,-30
"1454","LAR",26,38,295,3,0,1,5,43,117,27,128,1,30,37,26,295,3,157,0,0,27,66,39,27,"LAR","JAX",0,0,0,0,1,1,353,7,17,4,74,54,0,352,116,3,"JAX","LAR",7,37,"False","dome","matrixturf",72,45,0,-13,"LAR",48,"2021-12-05",FALSE,30,FALSE,30,FALSE,30,FALSE,30,FALSE,30,FALSE,30
"1455","SFO",20,30,299,2,2,1,5,48,93,25,71,1,15,30,20,299,2,110,0,0,25,56,31,25,"SFO","SEA",0,0,0,0,0,1,218,4,5,2,31,40,1,218,165,2,"SFO","SEA",23,30,"False","outdoors","fieldturf ",41,76,4,-3,"SFO",45,"2021-12-05",FALSE,-7,FALSE,-7,FALSE,-7,FALSE,-7,FALSE,-7,FALSE,-7
"1456","SEA",30,37,231,2,1,4,50,33,99,27,146,2,103,37,30,231,2,113,2,2,25,68,43,25,"SEA","SFO",0,0,0,0,0,0,259,5,11,3,120,26,1,259,91,1,"SFO","SEA",23,30,"False","outdoors","fieldturf ",41,76,4,-3,"SFO",45,"2021-12-05",FALSE,7,FALSE,7,FALSE,7,FALSE,7,FALSE,7,FALSE,7
"1457","NWE",2,3,19,0,0,0,0,12,84,46,222,1,103,3,2,19,0,19,0,0,46,49,3,46,"NWE","BUF",1,0,0,0,1,0,15,0,2,2,59,163,8,15,12,0,"NWE","BUF",14,10,"False","outdoors","a_turf",36,59,19,-4,"BUF",44,"2021-12-06",FALSE,4,FALSE,4,FALSE,4,FALSE,4,FALSE,4,FALSE,4
"1458","BUF",15,30,145,1,0,2,14,26,75,25,99,0,45,30,15,145,1,91,1,4,21,57,36,21,"BUF","NWE",0,0,0,0,0,0,311,7,12,5,37,62,0,310,53,3,"NWE","BUF",14,10,"False","outdoors","a_turf",36,59,19,-4,"BUF",44,"2021-12-06",FALSE,-4,FALSE,-4,FALSE,-4,FALSE,-4,FALSE,-4,FALSE,-4
"1459","PIT",28,40,308,3,1,5,39,38,107,24,106,1,35,39,28,308,3,138,0,1,23,69,46,23,"PIT","MIN",2,0,0,1,0,0,293,2,12,1,44,62,4,292,92,3,"PIT","MIN",28,36,"False","dome","sportturf",72,45,0,-3,"MIN",44,"2021-12-09",FALSE,-8,FALSE,-8,FALSE,-8,FALSE,-8,FALSE,-8,FALSE,-8
"1460","MIN",14,31,216,2,2,0,0,62,63,36,242,2,51,31,14,216,2,137,0,1,35,67,32,35,"MIN","PIT",0,0,0,0,1,0,347,8,12,1,159,83,3,346,69,2,"PIT","MIN",28,36,"False","dome","sportturf",72,45,0,-3,"MIN",44,"2021-12-09",FALSE,8,FALSE,8,FALSE,8,FALSE,8,FALSE,8,FALSE,8
"1461","ATL",19,28,190,1,0,0,0,36,98,36,128,1,36,27,19,190,1,104,1,0,36,64,28,36,"ATL","CAR",0,0,0,0,0,0,199,4,7,5,63,65,0,201,94,2,"ATL","CAR",29,21,"False","outdoors","grass ",48,37,9,-2,"CAR",41,"2021-12-12",FALSE,8,FALSE,8,FALSE,8,FALSE,8,FALSE,8,FALSE,8
"1462","CAR",21,35,253,1,2,1,10,42,133,26,91,2,33,35,21,253,1,89,1,3,23,62,39,23,"CAR","ATL",0,0,0,0,0,0,306,6,11,4,42,49,2,305,101,2,"ATL","CAR",29,21,"False","outdoors","grass ",48,37,9,-2,"CAR",41,"2021-12-12",FALSE,-8,FALSE,-8,FALSE,-8,FALSE,-8,FALSE,-8,FALSE,-8
"1463","SFO",27,41,296,2,0,5,41,25,103,23,100,1,46,37,27,296,2,98,0,0,23,69,46,23,"SFO","CIN",0,0,0,0,0,1,353,1,10,0,60,40,1,322,123,2,"SFO","CIN",26,23,"True","outdoors","fieldturf ",48,40,9,-1,"SFO",49,"2021-12-12",FALSE,3,FALSE,3,FALSE,3,FALSE,3,FALSE,3,FALSE,3
"1464","CIN",25,34,348,2,0,5,37,32,125,26,86,0,41,34,25,348,2,141,0,1,25,65,40,25,"CIN","SFO",0,0,0,1,0,1,291,2,4,1,29,57,2,291,158,3,"SFO","CIN",26,23,"True","outdoors","fieldturf ",48,40,9,-1,"SFO",49,"2021-12-12",FALSE,-3,FALSE,-3,FALSE,-3,FALSE,-3,FALSE,-3,FALSE,-3
"1465","BAL",31,42,287,1,0,4,16,47,184,23,118,1,47,40,31,287,1,101,2,5,18,69,51,18,"BAL","CLE",0,0,0,0,0,2,295,7,10,4,91,27,1,295,124,0,"BAL","CLE",22,24,"False","outdoors","grass ",46,42,14,-3,"CLE",42,"2021-12-12",FALSE,-2,FALSE,-2,FALSE,-2,FALSE,-2,FALSE,-2,FALSE,-2
"1466","CLE",22,32,190,2,1,0,0,34,91,29,100,0,37,31,22,190,2,82,0,3,26,61,35,26,"CLE","BAL",0,0,0,0,0,0,203,4,10,3,59,41,2,203,64,2,"BAL","CLE",22,24,"False","outdoors","grass ",46,42,14,-3,"CLE",42,"2021-12-12",FALSE,2,FALSE,2,FALSE,2,FALSE,2,FALSE,2,FALSE,2
"1467","DET",24,39,215,1,1,2,17,20,74,21,118,0,54,38,24,215,1,92,1,1,20,62,42,20,"DET","DEN",0,0,0,0,0,0,277,8,7,3,47,71,2,279,90,0,"DET","DEN",10,38,"False","outdoors","grass ",63,12,8,-11,"DEN",42,"2021-12-12",TRUE,-28,TRUE,-28,TRUE,-28,TRUE,-28,TRUE,-28,TRUE,-28
"1468","DEN",18,25,179,2,0,1,5,32,118,39,184,3,25,25,18,179,2,101,0,0,39,65,26,39,"DEN","DET",0,0,0,0,1,0,179,5,4,3,62,122,9,179,82,1,"DET","DEN",10,38,"False","outdoors","grass ",63,12,8,-11,"DEN",42,"2021-12-12",FALSE,28,FALSE,28,FALSE,28,FALSE,28,FALSE,28,FALSE,28
"1469","GNB",29,37,341,4,0,3,21,38,141,24,119,1,40,35,29,341,4,146,0,0,24,64,40,24,"GNB","CHI",0,0,0,1,0,1,253,4,18,4,63,56,2,248,169,0,"CHI","GNB",30,45,"False","outdoors","grass ",36,59,8,-11,"GNB",43,"2021-12-12",FALSE,15,FALSE,15,FALSE,15,FALSE,15,FALSE,15,FALSE,15
"1470","CHI",18,33,224,2,2,2,14,54,70,23,137,0,56,32,18,224,2,156,1,8,15,58,43,15,"CHI","GNB",0,1,0,0,0,0,257,5,10,5,94,43,2,246,153,3,"CHI","GNB",30,45,"False","outdoors","grass ",36,59,8,-11,"GNB",43,"2021-12-12",TRUE,-15,TRUE,-15,TRUE,-15,TRUE,-15,TRUE,-15,TRUE,-15
"1471","SEA",17,28,260,2,0,0,0,55,115,29,193,2,91,28,17,260,2,138,0,1,28,57,29,28,"SEA","HOU",2,0,0,0,1,1,359,7,5,8,106,87,2,358,69,1,"SEA","HOU",33,13,"False","retractable roof (open)","astroturf",72,45,0,-9,"SEA",40,"2021-12-12",FALSE,20,FALSE,20,FALSE,20,FALSE,20,FALSE,20,FALSE,20
"1472","HOU",33,49,331,1,0,2,14,30,93,25,63,0,23,48,33,331,1,134,0,2,23,76,53,23,"HOU","SEA",0,0,0,1,0,1,264,11,8,3,45,18,1,264,231,0,"SEA","HOU",33,13,"False","retractable roof (open)","astroturf",72,45,0,-9,"SEA",40,"2021-12-12",TRUE,-20,TRUE,-20,TRUE,-20,TRUE,-20,TRUE,-20,TRUE,-20
"1473","LVR",33,45,263,1,1,4,17,19,85,12,44,0,25,43,33,263,1,101,4,0,12,61,49,12,"LVR","KAN",0,0,0,0,0,1,193,4,11,3,37,7,0,188,189,5,"LVR","KAN",9,48,"False","outdoors","grass ",47,34,19,-10,"KAN",48,"2021-12-12",TRUE,-39,TRUE,-39,TRUE,-39,TRUE,-39,TRUE,-39,TRUE,-39
"1474","KAN",20,24,258,2,0,3,18,44,139,30,132,3,78,22,20,258,2,182,0,3,27,57,30,27,"KAN","LVR",0,0,0,0,0,0,142,1,2,1,62,70,4,130,143,0,"LVR","KAN",9,48,"False","outdoors","grass ",47,34,19,-10,"KAN",48,"2021-12-12",FALSE,39,FALSE,39,FALSE,39,FALSE,39,FALSE,39,FALSE,39
"1475","NOR",15,21,175,0,0,3,34,26,96,44,203,3,65,21,15,175,0,118,0,3,41,68,27,41,"NOR","NYJ",0,0,0,0,1,0,92,4,5,0,179,24,3,91,120,1,"NOR","NYJ",30,9,"False","outdoors","fieldturf ",46,30,13,-5,"NOR",43,"2021-12-12",FALSE,21,FALSE,21,FALSE,21,FALSE,21,FALSE,21,FALSE,21
"1476","NYJ",19,42,202,0,0,3,24,27,59,17,78,0,39,40,19,202,0,107,0,4,13,62,49,13,"NYJ","NOR",0,0,0,0,0,0,305,15,12,3,71,7,0,297,109,2,"NOR","NYJ",30,9,"False","outdoors","fieldturf ",46,30,13,-5,"NOR",43,"2021-12-12",TRUE,-21,TRUE,-21,TRUE,-21,TRUE,-21,TRUE,-21,TRUE,-21
"1477","JAX",24,40,221,0,4,3,37,41,35,8,8,0,9,37,24,221,0,109,0,1,7,51,44,7,"JAX","TEN",0,0,0,0,0,0,336,4,10,9,0,8,0,299,102,1,"JAX","TEN",0,20,"False","outdoors","grass ",45,58,0,-8,"TEN",43,"2021-12-12",TRUE,-20,TRUE,-20,TRUE,-20,TRUE,-20,TRUE,-20,TRUE,-20
"1478","TEN",20,31,191,0,0,4,30,24,81,34,102,2,40,30,20,191,0,110,0,3,31,69,38,31,"TEN","JAX",0,0,0,0,0,0,147,8,10,5,60,42,1,137,119,2,"JAX","TEN",0,20,"False","outdoors","grass ",45,58,0,-8,"TEN",43,"2021-12-12",FALSE,20,FALSE,20,FALSE,20,FALSE,20,FALSE,20,FALSE,20
"1479","LAC",23,31,275,3,0,2,4,59,133,37,152,1,47,30,23,275,3,175,0,2,35,70,35,35,"LAC","NYG",0,0,0,0,0,0,246,5,7,1,104,48,2,234,117,1,"NYG","LAC",21,37,"False","dome","matrixturf",72,45,0,-9,"LAC",43,"2021-12-12",FALSE,16,FALSE,16,FALSE,16,FALSE,16,FALSE,16,FALSE,16
"1480","NYG",17,37,191,2,1,2,10,60,110,26,135,1,37,34,17,191,2,153,1,1,25,65,40,25,"NYG","LAC",1,0,0,0,0,0,305,5,4,2,74,61,0,313,113,3,"NYG","LAC",21,37,"False","dome","matrixturf",72,45,0,-9,"LAC",43,"2021-12-12",TRUE,-16,TRUE,-16,TRUE,-16,TRUE,-16,TRUE,-16,TRUE,-16
"1481","TAM",31,46,363,2,0,2,12,58,105,29,137,2,68,46,31,363,2,153,0,2,27,77,50,27,"TAM","BUF",0,0,0,1,1,1,327,10,12,1,53,84,0,327,234,1,"BUF","TAM",27,33,"True","outdoors","grass ",82,66,4,-3,"TAM",54,"2021-12-12",FALSE,6,FALSE,6,FALSE,6,FALSE,6,FALSE,6,FALSE,6
"1482","BUF",36,54,308,2,1,3,15,25,86,19,173,1,63,51,36,308,2,125,0,6,13,76,63,13,"BUF","TAM",0,0,0,1,1,0,277,10,27,8,86,87,1,281,157,0,"BUF","TAM",27,33,"True","outdoors","grass ",82,66,4,-3,"TAM",54,"2021-12-12",FALSE,-6,FALSE,-6,FALSE,-6,FALSE,-6,FALSE,-6,FALSE,-6
"1483","DAL",22,39,211,1,2,4,10,24,58,35,122,0,41,39,22,211,1,96,0,3,32,78,46,32,"DAL","WAS",1,0,0,0,0,0,233,8,10,0,77,45,0,232,104,5,"DAL","WAS",27,20,"False","outdoors","grass ",48,32,17,-4,"DAL",48,"2021-12-12",FALSE,7,FALSE,7,FALSE,7,FALSE,7,FALSE,7,FALSE,7
"1484","WAS",15,34,175,1,1,5,51,62,119,23,100,1,49,33,15,175,1,128,3,1,22,62,40,22,"WAS","DAL",1,0,0,0,0,0,348,7,14,2,61,39,0,350,83,4,"DAL","WAS",27,20,"False","outdoors","grass ",48,32,17,-4,"DAL",48,"2021-12-12",FALSE,-7,FALSE,-7,FALSE,-7,FALSE,-7,FALSE,-7,FALSE,-7
"1485","ARI",32,49,383,0,2,4,39,47,72,22,103,2,36,49,32,383,0,137,0,6,16,75,59,16,"ARI","LAR",0,0,0,1,0,1,505,10,14,12,53,50,2,505,146,1,"LAR","ARI",30,23,"False","retractable roof (open)","grass ",72,45,0,-2,"ARI",51,"2021-12-13",FALSE,-7,FALSE,-7,FALSE,-7,FALSE,-7,FALSE,-7,FALSE,-7
"1486","LAR",23,30,287,3,0,3,20,52,139,21,89,0,29,30,23,287,3,159,0,0,21,54,33,21,"LAR","ARI",0,0,0,0,0,1,250,4,11,5,46,43,3,249,104,2,"LAR","ARI",30,23,"False","retractable roof (open)","grass ",72,45,0,-2,"ARI",51,"2021-12-13",FALSE,7,FALSE,7,FALSE,7,FALSE,7,FALSE,7,FALSE,7
"1487","KAN",31,47,410,3,1,1,0,69,105,20,86,1,62,45,31,410,3,157,1,2,18,68,50,18,"KAN","LAC",2,0,0,1,0,2,303,11,18,6,66,20,0,281,208,0,"KAN","LAC",34,28,"True","dome","matrixturf",72,45,0,-3,"KAN",52,"2021-12-16",FALSE,6,FALSE,6,FALSE,6,FALSE,6,FALSE,6,FALSE,6
"1488","LAC",22,39,236,2,1,0,0,29,122,39,192,2,62,37,22,236,2,130,1,3,36,78,42,36,"LAC","KAN",0,0,0,0,0,0,342,4,13,7,116,76,0,328,71,3,"KAN","LAC",34,28,"True","dome","matrixturf",72,45,0,-3,"KAN",52,"2021-12-16",FALSE,-6,FALSE,-6,FALSE,-6,FALSE,-6,FALSE,-6,FALSE,-6
"1489","NWE",26,45,299,2,2,1,15,43,74,19,81,0,57,44,26,299,2,131,0,1,18,65,47,18,"NWE","IND",0,0,0,0,0,0,478,13,14,0,42,39,0,465,88,1,"NWE","IND",17,27,"False","retractable roof (closed)","fieldturf ",72,45,0,-2,"IND",45,"2021-12-18",TRUE,-10,TRUE,-10,TRUE,-10,TRUE,-10,TRUE,-10,TRUE,-10
"1490","IND",5,12,57,1,1,1,8,23,49,39,226,1,115,12,5,57,1,57,0,1,38,52,14,38,"IND","NWE",0,0,0,0,1,0,112,3,4,0,150,76,0,112,30,1,"NWE","IND",17,27,"False","retractable roof (closed)","fieldturf ",72,45,0,-2,"IND",45,"2021-12-18",FALSE,10,FALSE,10,FALSE,10,FALSE,10,FALSE,10,FALSE,10
"1491","CAR",18,38,156,1,1,4,32,23,56,29,151,1,71,36,18,156,1,75,0,3,26,71,45,26,"CAR","BUF",2,0,0,0,0,0,294,10,22,5,58,93,1,286,75,1,"CAR","BUF",14,31,"False","outdoors","a_turf",30,69,8,-14,"BUF",43,"2021-12-19",TRUE,-17,TRUE,-17,TRUE,-17,TRUE,-17,TRUE,-17,TRUE,-17
"1492","BUF",19,34,210,3,1,4,17,28,91,27,119,1,51,31,19,210,3,83,0,1,26,65,39,26,"BUF","CAR",0,0,0,0,0,0,299,9,17,5,49,70,2,314,59,2,"CAR","BUF",14,31,"False","outdoors","a_turf",30,69,8,-14,"BUF",43,"2021-12-19",FALSE,17,FALSE,17,FALSE,17,FALSE,17,FALSE,17,FALSE,17
"1493","DEN",18,34,186,1,0,3,27,53,168,34,133,0,31,32,18,186,1,100,1,1,33,71,38,33,"DEN","CIN",0,0,0,0,0,0,338,8,12,2,102,31,1,329,103,3,"CIN","DEN",15,10,"False","outdoors","grass ",61,9,19,-3,"DEN",44,"2021-12-19",FALSE,-5,FALSE,-5,FALSE,-5,FALSE,-5,FALSE,-5,FALSE,-5
"1494","CIN",15,22,157,1,0,3,21,56,103,26,113,0,42,21,15,157,1,97,0,4,22,51,29,22,"CIN","DEN",0,0,0,0,0,0,161,4,3,3,96,17,1,150,90,0,"CIN","DEN",15,10,"False","outdoors","grass ",61,9,19,-3,"DEN",44,"2021-12-19",FALSE,5,FALSE,5,FALSE,5,FALSE,5,FALSE,5,FALSE,5
"1495","ARI",29,50,313,1,1,2,20,40,156,21,105,0,59,48,29,313,1,128,0,1,20,73,53,20,"ARI","DET",0,0,0,0,0,0,350,5,13,3,61,44,3,331,170,4,"ARI","DET",12,30,"False","dome","fieldturf ",72,45,0,-13,"ARI",48,"2021-12-19",TRUE,-18,TRUE,-18,TRUE,-18,TRUE,-18,TRUE,-18,TRUE,-18
"1496","DET",21,26,216,3,0,2,4,37,139,34,126,0,38,26,21,216,3,114,1,0,34,62,28,34,"DET","ARI",0,0,0,0,1,0,161,3,9,2,61,65,2,161,94,0,"ARI","DET",12,30,"False","dome","fieldturf ",72,45,0,-13,"ARI",48,"2021-12-19",FALSE,18,FALSE,18,FALSE,18,FALSE,18,FALSE,18,FALSE,18
"1497","HOU",19,30,209,2,1,1,3,43,92,26,75,0,20,30,19,209,2,124,0,0,26,57,31,26,"HOU","JAX",0,0,0,0,0,1,211,5,11,1,38,37,1,211,108,1,"HOU","JAX",30,16,"False","outdoors","grass ",80,71,12,-6,"JAX",40,"2021-12-19",FALSE,14,FALSE,14,FALSE,14,FALSE,14,FALSE,14,FALSE,14
"1498","JAX",22,38,210,0,0,3,21,30,73,25,107,1,37,36,22,210,0,103,0,1,24,66,42,24,"JAX","HOU",0,0,0,0,0,0,262,6,5,2,71,36,1,236,98,5,"HOU","JAX",30,16,"False","outdoors","grass ",80,71,12,-6,"JAX",40,"2021-12-19",TRUE,-14,TRUE,-14,TRUE,-14,TRUE,-14,TRUE,-14,TRUE,-14
"1499","NYJ",13,24,170,0,0,6,44,24,119,24,102,2,51,22,13,170,0,95,1,3,21,54,33,21,"NYJ","MIA",0,0,0,0,0,0,135,4,15,5,35,67,3,111,104,0,"NYJ","MIA",24,31,"False","outdoors","grass ",82,70,9,-10,"MIA",42,"2021-12-19",FALSE,-7,FALSE,-7,FALSE,-7,FALSE,-7,FALSE,-7,FALSE,-7
"1500","MIA",16,27,196,2,2,1,0,37,75,42,183,2,54,26,16,196,2,118,1,3,39,70,31,39,"MIA","NYJ",0,0,0,0,1,0,253,3,9,6,65,118,4,255,73,0,"NYJ","MIA",24,31,"False","outdoors","grass ",82,70,9,-10,"MIA",42,"2021-12-19",FALSE,7,FALSE,7,FALSE,7,FALSE,7,FALSE,7,FALSE,7
"1501","DAL",28,37,217,1,0,3,14,19,98,30,125,1,30,37,28,217,1,90,1,0,30,70,40,30,"DAL","NYG",0,0,0,0,0,0,227,2,15,3,79,46,0,227,96,3,"DAL","NYG",21,6,"False","outdoors","fieldturf ",37,54,8,-11,"DAL",43,"2021-12-19",FALSE,15,FALSE,15,FALSE,15,FALSE,15,FALSE,15,FALSE,15
"1502","NYG",19,36,181,0,3,1,3,52,97,24,124,0,37,36,19,181,0,117,1,0,24,61,37,24,"NYG","DAL",0,0,0,0,0,0,295,6,9,5,86,38,0,294,61,2,"DAL","NYG",21,6,"False","outdoors","fieldturf ",37,54,8,-11,"DAL",43,"2021-12-19",TRUE,-15,TRUE,-15,TRUE,-15,TRUE,-15,TRUE,-15,TRUE,-15
"1503","TEN",23,32,153,0,1,4,36,18,68,42,201,1,55,32,23,153,0,80,3,1,41,78,37,41,"TEN","PIT",0,0,0,0,1,0,217,4,10,3,104,97,3,217,81,3,"TEN","PIT",13,19,"False","outdoors","grass ",32,74,11,-1,"PIT",44,"2021-12-19",FALSE,-6,FALSE,-6,FALSE,-6,FALSE,-6,FALSE,-6,FALSE,-6
"1504","PIT",16,25,148,0,0,3,15,19,80,17,35,1,25,25,16,148,0,65,0,0,17,45,28,17,"PIT","TEN",0,0,0,0,0,0,118,6,6,3,9,26,0,118,81,1,"TEN","PIT",13,19,"False","outdoors","grass ",32,74,11,-1,"PIT",44,"2021-12-19",FALSE,6,FALSE,6,FALSE,6,FALSE,6,FALSE,6,FALSE,6
"1505","GNB",23,31,268,3,0,3,18,31,132,25,96,1,30,31,23,268,3,140,0,2,23,59,36,23,"GNB","BAL",0,0,0,0,0,0,286,7,2,4,54,42,1,286,133,1,"GNB","BAL",31,30,"False","outdoors","grass",43,52,11,-9,"GNB",45,"2021-12-19",FALSE,1,FALSE,1,FALSE,1,FALSE,1,FALSE,1,FALSE,1
"1506","BAL",28,40,215,2,0,1,4,43,99,26,143,2,38,39,28,215,2,80,0,8,18,67,49,18,"BAL","GNB",0,0,0,0,0,1,243,7,10,6,103,40,3,242,86,0,"GNB","BAL",31,30,"False","outdoors","grass",43,52,11,-9,"GNB",45,"2021-12-19",FALSE,-1,FALSE,-1,FALSE,-1,FALSE,-1,FALSE,-1,FALSE,-1
"1507","ATL",19,32,236,1,0,3,23,49,92,23,62,0,22,30,19,236,1,132,1,4,19,58,39,19,"ATL","SFO",0,0,0,0,0,0,254,3,5,3,47,15,3,258,57,3,"ATL","SFO",13,31,"False","outdoors","grass",46,81,0,-8,"SFO",48,"2021-12-19",TRUE,-18,TRUE,-18,TRUE,-18,TRUE,-18,TRUE,-18,TRUE,-18
"1508","SFO",18,24,235,1,0,0,0,36,163,32,162,3,48,24,18,235,1,124,1,0,32,56,24,32,"SFO","ATL",0,0,0,0,1,0,147,2,4,0,115,47,4,147,148,2,"ATL","SFO",13,31,"False","outdoors","grass",46,81,0,-8,"SFO",48,"2021-12-19",FALSE,18,FALSE,18,FALSE,18,FALSE,18,FALSE,18,FALSE,18
"1509","NOR",13,27,154,0,0,2,3,40,66,31,61,0,23,25,13,154,0,65,0,1,30,60,30,30,"NOR","TAM",0,0,0,0,0,1,242,5,11,8,18,43,2,224,49,4,"NOR","TAM",9,0,"False","outdoors","grass ",75,99,0,-11,"TAM",45,"2021-12-19",FALSE,9,FALSE,9,FALSE,9,FALSE,9,FALSE,9,FALSE,9
"1510","TAM",26,48,214,0,1,4,30,23,57,21,118,0,57,48,26,214,0,116,1,1,20,73,53,20,"TAM","NOR",0,0,0,0,0,0,399,11,6,3,57,61,4,398,91,6,"NOR","TAM",9,0,"False","outdoors","grass ",75,99,0,-11,"TAM",45,"2021-12-19",FALSE,-9,FALSE,-9,FALSE,-9,FALSE,-9,FALSE,-9,FALSE,-9
"1511","CHI",26,39,285,1,0,3,30,27,96,28,115,0,55,36,26,285,1,127,3,5,23,70,47,23,"CHI","MIN",0,0,0,0,0,0,294,4,9,8,75,40,3,275,95,5,"MIN","CHI",17,9,"False","outdoors","grass ",37,75,8,-6,"MIN",44,"2021-12-20",FALSE,-8,FALSE,-8,FALSE,-8,FALSE,-8,FALSE,-8,FALSE,-8
"1512","MIN",12,24,87,2,1,4,26,18,69,33,132,0,36,22,12,87,2,46,0,2,31,61,30,31,"MIN","CHI",0,0,0,0,0,0,283,6,4,5,98,34,3,249,30,0,"MIN","CHI",17,9,"False","outdoors","grass ",37,75,8,-6,"MIN",44,"2021-12-20",FALSE,8,FALSE,8,FALSE,8,FALSE,8,FALSE,8,FALSE,8
"1513","LVR",25,38,236,1,1,2,6,17,80,25,98,0,39,36,25,236,1,90,1,1,24,65,41,24,"LVR","CLE",0,0,0,0,0,0,331,4,10,7,46,52,2,325,108,3,"LVR","CLE",16,14,"False","outdoors","grass ",40,47,8,-3,"CLE",41,"2021-12-20",FALSE,2,FALSE,2,FALSE,2,FALSE,2,FALSE,2,FALSE,2
"1514","CLE",20,30,147,1,0,0,0,25,89,24,89,1,22,29,20,147,1,74,0,0,24,54,30,24,"CLE","LVR",0,0,0,0,0,0,204,2,6,5,41,48,1,204,71,2,"LVR","CLE",16,14,"False","outdoors","grass ",40,47,8,-3,"CLE",41,"2021-12-20",FALSE,-2,FALSE,-2,FALSE,-2,FALSE,-2,FALSE,-2,FALSE,-2
"1515","WAS",20,31,194,0,0,2,20,46,81,21,63,2,38,30,20,194,0,134,0,0,21,54,33,21,"WAS","PHI",0,0,0,0,0,0,197,6,10,2,36,27,0,185,97,1,"WAS","PHI",17,27,"False","outdoors","grass ",42,57,7,-6,"PHI",42,"2021-12-21",TRUE,-10,TRUE,-10,TRUE,-10,TRUE,-10,TRUE,-10,TRUE,-10
"1516","PHI",20,26,296,1,1,3,15,45,110,41,238,2,65,26,20,296,1,158,1,3,38,70,32,38,"PHI","WAS",0,0,0,0,1,1,235,3,8,8,141,97,3,235,116,3,"WAS","PHI",17,27,"False","outdoors","grass ",42,57,7,-6,"PHI",42,"2021-12-21",FALSE,10,FALSE,10,FALSE,10,FALSE,10,FALSE,10,FALSE,10
"1517","LAR",21,29,244,2,1,4,35,42,106,29,123,0,55,29,21,244,2,117,0,0,29,62,33,29,"LAR","SEA",0,0,0,0,0,1,230,5,4,1,47,76,6,230,106,1,"SEA","LAR",10,20,"False","dome","matrixturf",72,45,0,-7,"LAR",46,"2021-12-21",FALSE,10,FALSE,10,FALSE,10,FALSE,10,FALSE,10,FALSE,10
"1518","SEA",17,31,156,0,1,3,22,34,55,19,80,1,18,28,17,156,0,86,0,0,19,53,34,19,"SEA","LAR",0,0,0,0,0,0,409,5,8,0,41,39,1,374,81,1,"SEA","LAR",10,20,"False","dome","matrixturf",72,45,0,-7,"LAR",46,"2021-12-21",TRUE,-10,TRUE,-10,TRUE,-10,TRUE,-10,TRUE,-10,TRUE,-10
"1519","SFO",26,35,322,1,2,2,16,56,88,21,83,1,27,35,26,322,1,149,0,0,21,58,37,21,"SFO","TEN",0,0,0,1,0,1,226,5,3,2,65,18,2,226,237,1,"SFO","TEN",17,20,"False","outdoors","grass ",48,46,7,-3,"SFO",44,"2021-12-23",FALSE,-3,FALSE,-3,FALSE,-3,FALSE,-3,FALSE,-3,FALSE,-3
"1520","TEN",22,30,209,1,0,4,21,42,146,24,90,1,50,30,22,209,1,96,0,1,23,58,35,23,"TEN","SFO",0,0,0,0,0,1,244,3,8,2,52,38,1,244,76,1,"SFO","TEN",17,20,"False","outdoors","grass ",48,46,7,-3,"SFO",44,"2021-12-23",FALSE,3,FALSE,3,FALSE,3,FALSE,3,FALSE,3,FALSE,3
"1521","ARI",27,43,245,1,0,0,0,33,85,21,133,1,71,39,27,245,1,101,0,1,20,64,44,20,"ARI","IND",0,0,0,0,0,0,272,8,10,4,118,15,0,273,128,1,"IND","ARI",22,16,"False","retractable roof (closed)","grass ",72,45,0,-2,"ARI",49,"2021-12-25",FALSE,-6,FALSE,-6,FALSE,-6,FALSE,-6,FALSE,-6,FALSE,-6
"1522","IND",18,28,225,2,0,2,5,39,112,33,126,0,56,28,18,225,2,146,0,1,32,63,31,32,"IND","ARI",0,0,0,0,1,0,194,4,9,2,39,87,3,193,87,3,"IND","ARI",22,16,"False","retractable roof (closed)","grass ",72,45,0,-2,"ARI",49,"2021-12-25",FALSE,6,FALSE,6,FALSE,6,FALSE,6,FALSE,6,FALSE,6
"1523","CLE",21,36,222,2,4,5,33,40,55,25,219,1,82,36,21,222,2,113,0,1,24,66,42,24,"CLE","GNB",0,0,0,0,1,0,334,9,15,5,144,75,3,334,114,2,"CLE","GNB",22,24,"False","outdoors","grass ",35,49,11,-7,"GNB",46,"2021-12-25",FALSE,-2,FALSE,-2,FALSE,-2,FALSE,-2,FALSE,-2,FALSE,-2
"1524","GNB",24,34,202,3,0,0,0,34,115,24,109,0,37,34,24,202,3,89,0,0,24,58,34,24,"GNB","CLE",0,0,0,0,0,1,177,6,7,4,50,59,4,177,108,1,"CLE","GNB",22,24,"False","outdoors","grass ",35,49,11,-7,"GNB",46,"2021-12-25",FALSE,2,FALSE,2,FALSE,2,FALSE,2,FALSE,2,FALSE,2
"1525","DET",25,35,208,1,1,0,0,45,200,33,130,0,36,35,25,208,1,105,0,0,33,68,35,33,"DET","ATL",0,0,0,0,0,0,238,8,4,2,72,58,3,238,98,0,"DET","ATL",16,20,"False","retractable roof (open)","fieldturf",72,45,0,-6,"ATL",42,"2021-12-26",FALSE,-4,FALSE,-4,FALSE,-4,FALSE,-4,FALSE,-4,FALSE,-4
"1526","ATL",18,24,215,1,0,3,8,35,115,18,47,1,18,22,18,215,1,100,1,0,18,45,27,18,"ATL","DET",0,0,0,0,0,1,179,0,8,2,24,23,1,164,76,1,"DET","ATL",16,20,"False","retractable roof (open)","fieldturf",72,45,0,-6,"ATL",42,"2021-12-26",FALSE,4,FALSE,4,FALSE,4,FALSE,4,FALSE,4,FALSE,4
"1527","TAM",18,31,232,1,0,0,0,62,135,31,159,2,96,29,18,232,1,127,0,1,30,62,32,30,"TAM","CAR",0,0,0,0,0,1,273,4,17,0,72,87,2,265,83,3,"TAM","CAR",32,6,"False","outdoors","grass ",73,41,8,-9,"TAM",43,"2021-12-26",FALSE,26,FALSE,26,FALSE,26,FALSE,26,FALSE,26,FALSE,26
"1528","CAR",22,45,251,0,1,7,45,78,100,15,67,0,55,43,22,251,0,136,0,1,14,67,53,14,"CAR","TAM",0,0,0,0,0,0,388,14,29,1,61,6,0,362,135,2,"TAM","CAR",32,6,"False","outdoors","grass ",73,41,8,-9,"TAM",43,"2021-12-26",TRUE,-26,TRUE,-26,TRUE,-26,TRUE,-26,TRUE,-26,TRUE,-26
"1529","CIN",37,46,525,4,0,3,27,68,143,21,77,1,32,46,37,525,4,218,0,1,20,70,50,20,"CIN","BAL",0,0,0,1,0,2,373,2,11,3,48,29,0,373,256,2,"BAL","CIN",21,41,"False","outdoors","fieldturf ",52,63,0,-7,"CIN",41,"2021-12-26",FALSE,20,FALSE,20,FALSE,20,FALSE,20,FALSE,20,FALSE,20
"1530","BAL",28,40,304,2,1,1,9,28,98,16,39,1,21,37,28,304,2,105,0,2,14,57,43,14,"BAL","CIN",0,0,0,1,0,1,277,6,6,3,21,18,0,270,121,0,"BAL","CIN",21,41,"False","outdoors","fieldturf ",52,63,0,-7,"CIN",41,"2021-12-26",TRUE,-20,TRUE,-20,TRUE,-20,TRUE,-20,TRUE,-20,TRUE,-20
"1531","WAS",15,32,188,2,2,5,16,67,156,20,85,0,43,30,15,188,2,143,0,0,20,57,37,20,"WAS","DAL",0,0,1,0,0,0,243,9,16,6,71,14,2,247,91,2,"WAS","DAL",14,56,"False","retractable roof (closed)","matrixturf",72,45,0,-10,"DAL",46,"2021-12-26",TRUE,-42,TRUE,-42,TRUE,-42,TRUE,-42,TRUE,-42,TRUE,-42
"1532","DAL",30,42,400,5,0,3,11,101,280,28,108,1,41,41,30,400,5,185,0,2,26,73,47,26,"DAL","WAS",0,0,0,1,0,0,438,7,12,3,87,21,3,438,157,2,"WAS","DAL",14,56,"False","retractable roof (closed)","matrixturf",72,45,0,-10,"DAL",46,"2021-12-26",FALSE,42,FALSE,42,FALSE,42,FALSE,42,FALSE,42,FALSE,42
"1533","LAC",27,35,336,1,2,1,8,27,92,21,89,2,33,34,27,336,1,147,1,4,17,57,40,17,"LAC","HOU",2,0,0,1,0,0,256,4,3,1,77,12,0,253,200,0,"LAC","HOU",29,41,"False","retractable roof (closed)","astroturf",72,45,0,-11,"LAC",45,"2021-12-26",TRUE,-12,TRUE,-12,TRUE,-12,TRUE,-12,TRUE,-12,TRUE,-12
"1534","HOU",21,27,254,2,0,1,6,41,130,36,189,2,55,27,21,254,2,150,0,0,36,64,28,36,"HOU","LAC",0,0,0,0,1,0,209,2,8,1,89,100,0,209,117,1,"LAC","HOU",29,41,"False","retractable roof (closed)","astroturf",72,45,0,-11,"LAC",45,"2021-12-26",FALSE,12,FALSE,12,FALSE,12,FALSE,12,FALSE,12,FALSE,12
"1535","PIT",28,43,194,1,1,2,21,36,145,25,130,0,46,42,28,194,1,96,2,1,24,70,46,24,"PIT","KAN",0,0,0,0,0,0,220,7,10,3,63,67,4,220,101,4,"PIT","KAN",10,36,"False","outdoors","grass ",60,64,22,-12,"KAN",46,"2021-12-26",TRUE,-26,TRUE,-26,TRUE,-26,TRUE,-26,TRUE,-26,TRUE,-26
"1536","KAN",23,30,258,3,0,2,4,50,135,35,127,1,31,29,23,258,3,145,0,0,35,67,32,35,"KAN","PIT",0,0,0,0,0,0,254,3,6,3,60,67,2,234,141,1,"PIT","KAN",10,36,"False","outdoors","grass ",60,64,22,-12,"KAN",46,"2021-12-26",FALSE,26,FALSE,26,FALSE,26,FALSE,26,FALSE,26,FALSE,26
"1537","MIN",27,38,315,1,1,3,20,34,93,22,66,1,31,35,27,315,1,137,0,3,19,63,44,19,"MIN","LAR",0,0,0,1,0,1,356,5,7,3,31,35,2,294,155,0,"LAR","MIN",30,23,"False","dome","sportturf",72,45,0,-3,"LAR",49,"2021-12-26",FALSE,-7,FALSE,-7,FALSE,-7,FALSE,-7,FALSE,-7,FALSE,-7
"1538","LAR",21,37,197,1,3,0,0,37,46,33,159,1,43,37,21,197,1,75,0,1,32,70,38,32,"LAR","MIN",0,0,0,0,1,1,301,8,9,1,89,70,1,300,94,1,"LAR","MIN",30,23,"False","dome","sportturf",72,45,0,-3,"LAR",49,"2021-12-26",FALSE,7,FALSE,7,FALSE,7,FALSE,7,FALSE,7,FALSE,7
"1539","BUF",30,47,314,3,0,0,0,28,104,28,114,1,37,43,30,314,3,117,0,2,26,75,49,26,"BUF","NWE",0,0,0,1,0,1,311,5,14,11,57,57,2,284,147,4,"BUF","NWE",33,21,"False","outdoors","fieldturf ",38,79,13,-1,"NWE",43,"2021-12-26",FALSE,12,FALSE,12,FALSE,12,FALSE,12,FALSE,12,FALSE,12
"1540","NWE",14,32,145,0,2,1,6,21,31,27,149,3,54,31,14,145,0,83,0,3,24,60,36,24,"NWE","BUF",0,0,0,0,1,0,314,11,10,4,106,43,2,318,64,2,"BUF","NWE",33,21,"False","outdoors","fieldturf ",38,79,13,-1,"NWE",43,"2021-12-26",TRUE,-12,TRUE,-12,TRUE,-12,TRUE,-12,TRUE,-12,TRUE,-12
"1541","JAX",26,39,280,0,0,1,28,25,87,31,132,1,59,35,26,280,0,106,1,3,28,71,43,28,"JAX","NYJ",0,0,0,0,0,0,371,3,8,3,95,37,1,360,71,2,"JAX","NYJ",21,26,"False","outdoors","fieldturf ",47,49,0,-1,"NYJ",41,"2021-12-26",FALSE,-5,FALSE,-5,FALSE,-5,FALSE,-5,FALSE,-5,FALSE,-5
"1542","NYJ",14,22,102,1,0,1,2,22,89,36,273,1,109,21,14,102,1,62,0,3,33,59,26,33,"NYJ","JAX",0,1,0,0,1,0,101,2,8,3,149,124,7,98,51,2,"JAX","NYJ",21,26,"False","outdoors","fieldturf ",47,49,0,-1,"NYJ",41,"2021-12-26",FALSE,5,FALSE,5,FALSE,5,FALSE,5,FALSE,5,FALSE,5
"1543","PHI",17,29,199,2,0,1,5,46,102,30,130,1,36,28,17,199,2,138,0,0,30,60,30,30,"PHI","NYG",0,0,0,0,0,0,226,2,8,5,89,41,0,201,53,3,"NYG","PHI",10,34,"False","outdoors","grass ",53,46,9,-10,"PHI",40,"2021-12-26",FALSE,24,FALSE,24,FALSE,24,FALSE,24,FALSE,24,FALSE,24
"1544","NYG",23,44,118,1,2,2,10,19,85,27,84,0,32,41,23,118,1,59,0,5,22,73,51,22,"NYG","PHI",0,0,0,0,0,0,249,9,5,5,40,44,1,246,52,2,"NYG","PHI",10,34,"False","outdoors","grass ",53,46,9,-10,"PHI",40,"2021-12-26",TRUE,-24,TRUE,-24,TRUE,-24,TRUE,-24,TRUE,-24,TRUE,-24
"1545","DEN",15,22,153,0,0,2,13,40,87,16,18,1,12,22,15,153,0,100,0,1,15,40,25,15,"DEN","LVR",0,0,0,0,0,0,246,4,3,3,0,18,0,246,48,3,"DEN","LVR",13,17,"False","dome","grass",72,45,0,0,"",41,"2021-12-26",FALSE,-4,FALSE,-4,FALSE,-4,FALSE,-4,FALSE,-4,FALSE,-4
"1546","LVR",20,25,201,1,1,2,19,28,96,40,160,1,35,25,20,201,1,79,2,2,38,67,29,38,"LVR","DEN",0,0,0,0,1,0,141,3,8,1,73,87,1,141,73,0,"DEN","LVR",13,17,"False","dome","grass",72,45,0,0,"",41,"2021-12-26",FALSE,4,FALSE,4,FALSE,4,FALSE,4,FALSE,4,FALSE,4
"1547","CHI",24,35,250,1,0,4,21,30,98,30,88,2,53,35,24,250,1,122,0,1,29,69,40,29,"CHI","SEA",1,0,0,0,0,0,198,4,5,4,55,33,2,198,165,1,"CHI","SEA",25,24,"False","outdoors","fieldturf ",25,85,11,-6,"SEA",41,"2021-12-26",FALSE,1,FALSE,1,FALSE,1,FALSE,1,FALSE,1,FALSE,1
"1548","SEA",16,27,181,2,0,2,20,41,104,24,170,1,56,27,16,181,2,117,0,1,23,53,30,23,"SEA","CHI",0,0,0,0,1,0,228,6,3,4,99,71,6,227,108,0,"CHI","SEA",25,24,"False","outdoors","fieldturf ",25,85,11,-6,"SEA",41,"2021-12-26",FALSE,-1,FALSE,-1,FALSE,-1,FALSE,-1,FALSE,-1,FALSE,-1
"1549","NOR",12,20,135,0,2,8,54,56,40,23,83,0,35,18,12,135,0,93,0,2,21,51,30,21,"NOR","MIA",0,0,0,0,0,0,76,3,15,5,62,21,1,75,81,2,"MIA","NOR",20,3,"False","dome","sportturf",72,45,0,-2,"MIA",37,"2021-12-27",TRUE,-17,TRUE,-17,TRUE,-17,TRUE,-17,TRUE,-17,TRUE,-17
"1550","MIA",19,26,198,1,1,3,25,40,91,30,86,0,22,26,19,198,1,102,0,1,29,59,30,29,"MIA","NOR",0,0,0,0,0,0,197,6,6,2,47,39,1,197,110,0,"MIA","NOR",20,3,"False","dome","sportturf",72,45,0,-2,"MIA",37,"2021-12-27",FALSE,17,FALSE,17,FALSE,17,FALSE,17,FALSE,17,FALSE,17
"1551","ATL",13,23,197,0,0,5,28,61,84,22,96,1,43,20,13,197,0,140,1,1,21,50,29,21,"ATL","BUF",0,0,0,0,0,0,201,4,4,4,58,38,0,174,144,1,"ATL","BUF",15,29,"False","outdoors","a_turf",26,81,11,-14,"BUF",44,"2022-01-02",TRUE,-14,TRUE,-14,TRUE,-14,TRUE,-14,TRUE,-14,TRUE,-14
"1552","BUF",11,26,120,0,3,1,2,15,17,44,233,4,51,24,11,120,0,49,0,4,40,71,31,40,"BUF","ATL",2,0,0,0,1,0,235,8,7,5,92,141,9,230,32,3,"ATL","BUF",15,29,"False","outdoors","a_turf",26,81,11,-14,"BUF",44,"2022-01-02",FALSE,14,FALSE,14,FALSE,14,FALSE,14,FALSE,14,FALSE,14
"1553","CHI",18,36,173,1,2,2,11,23,63,27,87,2,26,33,18,173,1,80,0,3,24,65,41,24,"CHI","NYG",0,0,0,0,0,0,275,6,10,3,53,34,1,268,87,1,"NYG","CHI",3,29,"False","outdoors","grass ",25,74,13,-6,"CHI",36,"2022-01-02",FALSE,26,FALSE,26,FALSE,26,FALSE,26,FALSE,26,FALSE,26
"1554","NYG",4,11,24,0,2,4,30,12,5,40,161,0,28,11,4,24,0,28,2,1,39,55,16,39,"NYG","CHI",0,0,0,0,1,0,47,3,4,0,104,57,0,47,24,1,"NYG","CHI",3,29,"False","outdoors","grass ",25,74,13,-6,"CHI",36,"2022-01-02",TRUE,-26,TRUE,-26,TRUE,-26,TRUE,-26,TRUE,-26,TRUE,-26
"1555","CIN",30,40,446,4,0,4,31,72,187,19,60,0,21,38,30,446,4,164,0,2,17,63,46,17,"CIN","KAN",0,0,0,1,0,1,263,3,10,2,30,30,0,263,264,2,"KAN","CIN",31,34,"False","outdoors","fieldturf ",33,81,13,-4,"KAN",51,"2022-01-02",FALSE,3,FALSE,3,FALSE,3,FALSE,3,FALSE,3,FALSE,3
"1556","KAN",26,35,259,2,0,0,0,53,113,23,155,2,64,34,26,259,2,188,0,2,21,58,37,21,"KAN","CIN",0,0,0,0,0,0,297,3,6,5,101,54,1,297,107,0,"KAN","CIN",31,34,"False","outdoors","fieldturf ",33,81,13,-4,"KAN",51,"2022-01-02",FALSE,-3,FALSE,-3,FALSE,-3,FALSE,-3,FALSE,-3,FALSE,-3
"1557","LVR",24,32,255,1,2,2,14,42,124,27,85,1,24,32,24,255,1,117,0,0,27,61,34,27,"LVR","IND",0,0,0,0,0,1,309,3,6,1,44,41,2,308,98,0,"LVR","IND",23,20,"False","retractable roof (closed)","fieldturf ",72,45,0,-8,"IND",45,"2022-01-02",FALSE,3,FALSE,3,FALSE,3,FALSE,3,FALSE,3,FALSE,3
"1558","IND",16,27,148,1,0,1,8,45,86,26,122,1,34,24,16,148,1,94,0,1,25,54,29,25,"IND","LVR",0,0,0,0,1,0,158,5,4,2,68,54,2,166,51,1,"LVR","IND",23,20,"False","retractable roof (closed)","fieldturf ",72,45,0,-8,"IND",45,"2022-01-02",FALSE,-3,FALSE,-3,FALSE,-3,FALSE,-3,FALSE,-3,FALSE,-3
"1559","ARI",27,39,286,2,0,1,14,66,224,32,127,0,57,37,27,286,2,165,0,1,31,72,41,31,"ARI","DAL",0,0,0,0,0,0,358,6,16,3,99,28,0,316,114,0,"ARI","DAL",25,22,"False","retractable roof (closed)","matrixturf",72,45,0,-6,"DAL",52,"2022-01-02",FALSE,3,FALSE,3,FALSE,3,FALSE,3,FALSE,3,FALSE,3
"1560","DAL",25,39,257,3,0,1,1,57,224,17,45,0,23,38,25,257,3,126,1,3,14,57,43,14,"DAL","ARI",1,0,0,0,0,0,201,4,17,3,22,23,0,183,125,3,"ARI","DAL",25,22,"False","retractable roof (closed)","matrixturf",72,45,0,-6,"DAL",52,"2022-01-02",FALSE,-3,FALSE,-3,FALSE,-3,FALSE,-3,FALSE,-3,FALSE,-3
"1561","GNB",31,42,307,2,0,0,0,42,178,32,174,2,63,42,31,307,2,118,0,3,29,74,45,29,"GNB","MIN",0,0,0,0,0,1,258,7,14,6,121,53,3,257,143,2,"MIN","GNB",10,37,"False","outdoors","grass ",11,60,9,-13,"GNB",42,"2022-01-02",FALSE,27,FALSE,27,FALSE,27,FALSE,27,FALSE,27,FALSE,27
"1562","MIN",24,39,194,1,0,2,15,36,154,11,27,0,17,37,24,194,1,95,0,1,10,52,42,10,"MIN","GNB",0,0,0,0,0,0,226,8,8,5,24,3,0,214,103,1,"MIN","GNB",10,37,"False","outdoors","grass ",11,60,9,-13,"GNB",42,"2022-01-02",TRUE,-27,TRUE,-27,TRUE,-27,TRUE,-27,TRUE,-27,TRUE,-27
"1563","CAR",17,26,132,0,1,7,42,21,61,26,88,1,47,24,17,132,0,90,1,1,25,59,34,25,"CAR","NOR",0,0,0,0,0,0,100,2,7,3,63,25,3,90,90,2,"CAR","NOR",10,18,"False","dome","sportturf",72,45,0,-6,"NOR",37,"2022-01-02",FALSE,-8,FALSE,-8,FALSE,-8,FALSE,-8,FALSE,-8,FALSE,-8
"1564","NOR",17,28,222,1,0,2,15,30,97,28,73,0,40,23,17,222,1,99,0,4,24,58,34,24,"NOR","CAR",0,0,0,0,0,0,182,3,9,1,59,14,1,174,103,3,"CAR","NOR",10,18,"False","dome","sportturf",72,45,0,-6,"NOR",37,"2022-01-02",FALSE,8,FALSE,8,FALSE,8,FALSE,8,FALSE,8,FALSE,8
"1565","JAX",17,27,193,1,3,2,20,40,57,17,80,0,29,26,17,193,1,120,0,2,15,46,31,15,"JAX","NWE",0,0,0,0,0,0,194,4,4,1,52,28,0,169,80,0,"JAX","NWE",10,50,"False","outdoors","fieldturf ",46,100,4,-16,"NWE",41,"2022-01-02",TRUE,-40,TRUE,-40,TRUE,-40,TRUE,-40,TRUE,-40,TRUE,-40
"1566","NWE",25,34,290,3,0,0,0,66,244,36,181,4,52,33,25,290,3,154,0,1,35,70,35,35,"NWE","JAX",0,0,0,0,1,0,248,2,16,2,94,87,3,247,157,2,"JAX","NWE",10,50,"False","outdoors","fieldturf ",46,100,4,-16,"NWE",41,"2022-01-02",FALSE,40,FALSE,40,FALSE,40,FALSE,40,FALSE,40,FALSE,40
"1567","TAM",34,50,410,3,1,1,5,33,104,21,62,0,20,49,34,410,3,196,0,0,21,72,51,21,"TAM","NYJ",1,0,0,1,0,1,507,11,12,0,30,32,0,507,155,1,"TAM","NYJ",28,24,"False","outdoors","fieldturf ",57,82,9,-13,"TAM",45,"2022-01-02",FALSE,4,FALSE,4,FALSE,4,FALSE,4,FALSE,4,FALSE,4
"1568","NYJ",19,33,234,1,0,1,10,24,89,26,150,2,102,30,19,234,1,125,1,0,26,60,34,26,"NYJ","TAM",0,0,0,0,0,0,242,7,17,6,74,76,0,216,148,1,"TAM","NYJ",28,24,"False","outdoors","fieldturf ",57,82,9,-13,"TAM",45,"2022-01-02",FALSE,-4,FALSE,-4,FALSE,-4,FALSE,-4,FALSE,-4,FALSE,-4
"1569","MIA",18,39,205,0,1,4,23,45,92,16,74,0,26,38,18,205,0,119,1,1,15,59,44,15,"MIA","TEN",0,0,0,0,0,0,379,12,4,4,34,40,0,380,75,3,"MIA","TEN",3,34,"False","outdoors","grass ",43,93,13,-3,"TEN",40,"2022-01-02",TRUE,-31,TRUE,-31,TRUE,-31,TRUE,-31,TRUE,-31,TRUE,-31
"1570","TEN",13,18,120,2,0,1,10,28,127,40,198,2,91,18,13,120,2,80,0,0,40,59,19,40,"TEN","MIA",0,0,0,0,1,0,134,1,11,1,132,66,3,134,76,2,"MIA","TEN",3,34,"False","outdoors","grass ",43,93,13,-3,"TEN",40,"2022-01-02",FALSE,31,FALSE,31,FALSE,31,FALSE,31,FALSE,31,FALSE,31
"1571","BAL",20,32,197,0,1,5,35,33,66,32,165,0,59,29,20,197,0,78,1,2,30,69,39,30,"BAL","LAR",0,0,0,0,0,0,280,6,10,3,125,40,0,269,57,1,"LAR","BAL",20,19,"False","outdoors","grass",59,92,6,-6,"LAR",46,"2022-01-02",FALSE,-1,FALSE,-1,FALSE,-1,FALSE,-1,FALSE,-1,FALSE,-1
"1572","LAR",26,35,309,2,2,1,9,35,96,20,73,1,13,35,26,309,2,122,1,0,20,56,36,20,"LAR","BAL",0,0,0,1,0,0,243,3,6,0,39,34,0,242,132,3,"LAR","BAL",20,19,"False","outdoors","grass",59,92,6,-6,"LAR",46,"2022-01-02",FALSE,1,FALSE,1,FALSE,1,FALSE,1,FALSE,1,FALSE,1
"1573","DEN",19,28,246,1,0,1,10,45,235,27,83,0,25,27,19,246,1,161,0,2,25,56,31,25,"DEN","LAC",0,0,0,0,0,0,219,6,6,1,51,32,2,223,116,1,"DEN","LAC",13,34,"False","dome","matrixturf",72,45,0,-7,"LAC",45,"2022-01-02",TRUE,-21,TRUE,-21,TRUE,-21,TRUE,-21,TRUE,-21,TRUE,-21
"1574","LAC",22,31,237,2,0,0,0,45,114,35,100,1,26,30,22,237,2,139,0,1,34,66,32,34,"LAC","DEN",0,0,0,0,0,0,187,3,8,3,66,34,2,179,137,2,"DEN","LAC",13,34,"False","dome","matrixturf",72,45,0,-7,"LAC",45,"2022-01-02",FALSE,21,FALSE,21,FALSE,21,FALSE,21,FALSE,21,FALSE,21
"1575","DET",22,37,262,2,3,0,0,42,65,22,95,2,80,37,22,262,2,128,0,1,21,59,38,21,"DET","SEA",2,0,0,0,0,1,253,7,8,1,26,69,2,253,120,2,"DET","SEA",29,51,"False","outdoors","fieldturf ",37,92,0,-7,"SEA",41,"2022-01-02",TRUE,-22,TRUE,-22,TRUE,-22,TRUE,-22,TRUE,-22,TRUE,-22
"1576","SEA",20,29,236,4,0,1,4,58,133,41,265,2,111,28,20,236,4,162,0,2,39,71,32,39,"SEA","DET",0,0,0,0,1,0,217,4,15,4,141,124,3,202,121,3,"DET","SEA",29,51,"False","outdoors","fieldturf ",37,92,0,-7,"SEA",41,"2022-01-02",FALSE,22,FALSE,22,FALSE,22,FALSE,22,FALSE,22,FALSE,22
"1577","HOU",21,32,163,1,1,3,27,24,75,27,86,0,26,30,21,163,1,75,0,1,26,62,36,26,"HOU","SFO",0,0,0,0,0,0,194,6,5,1,27,59,0,172,68,1,"HOU","SFO",7,23,"False","outdoors","grass",50,58,6,-12,"SFO",43,"2022-01-02",TRUE,-16,TRUE,-16,TRUE,-16,TRUE,-16,TRUE,-16,TRUE,-16
"1578","SFO",16,23,249,2,1,1,8,45,116,37,175,0,62,23,16,249,2,162,0,2,35,61,26,35,"SFO","HOU",0,0,0,0,1,0,267,4,7,1,88,87,1,266,87,0,"HOU","SFO",7,23,"False","outdoors","grass",50,58,6,-12,"SFO",43,"2022-01-02",FALSE,16,FALSE,16,FALSE,16,FALSE,16,FALSE,16,FALSE,16
"1579","PHI",17,26,214,0,0,1,2,30,90,34,118,2,44,25,17,214,0,104,0,2,32,61,29,32,"PHI","WAS",0,0,0,0,0,0,264,5,10,8,54,64,0,259,68,0,"PHI","WAS",20,16,"False","outdoors","grass ",62,91,4,-4,"PHI",44,"2022-01-02",FALSE,4,FALSE,4,FALSE,4,FALSE,4,FALSE,4,FALSE,4
"1580","WAS",27,36,247,0,1,3,29,25,81,22,94,1,35,34,27,247,0,126,0,2,20,61,41,20,"WAS","PHI",0,0,0,0,0,0,176,1,6,4,53,41,0,158,138,0,"PHI","WAS",20,16,"False","outdoors","grass ",62,91,4,-4,"PHI",44,"2022-01-02",FALSE,-4,FALSE,-4,FALSE,-4,FALSE,-4,FALSE,-4,FALSE,-4
"1581","CLE",16,38,185,2,2,9,46,39,53,20,93,0,56,36,16,185,2,99,0,1,19,67,48,19,"CLE","PIT",0,0,0,0,0,0,263,7,9,5,61,32,1,260,71,5,"CLE","PIT",14,26,"False","outdoors","grass ",25,60,12,-2,"PIT",42,"2022-01-03",TRUE,-12,TRUE,-12,TRUE,-12,TRUE,-12,TRUE,-12,TRUE,-12
"1582","PIT",24,46,123,1,1,2,14,13,56,31,190,1,39,46,24,123,1,55,0,0,31,79,48,31,"PIT","CLE",0,0,0,0,1,0,283,12,14,7,61,129,8,283,83,2,"CLE","PIT",14,26,"False","outdoors","grass ",25,60,12,-2,"PIT",42,"2022-01-03",FALSE,12,FALSE,12,FALSE,12,FALSE,12,FALSE,12,FALSE,12
"1583","DEN",13,25,178,0,0,1,5,47,190,28,191,3,85,24,13,178,0,105,1,4,24,54,30,24,"DEN","KAN",0,0,0,0,1,0,273,6,6,4,79,112,0,267,80,1,"KAN","DEN",28,24,"False","outdoors","grass ",41,57,4,-11,"KAN",45,"2022-01-08",FALSE,-4,FALSE,-4,FALSE,-4,FALSE,-4,FALSE,-4,FALSE,-4
"1584","KAN",27,44,270,2,0,1,15,44,93,29,135,0,53,42,27,270,2,119,0,5,24,74,50,24,"KAN","DEN",1,0,0,0,0,1,278,10,2,5,110,25,0,244,205,0,"KAN","DEN",28,24,"False","outdoors","grass ",41,57,4,-11,"KAN",45,"2022-01-08",FALSE,4,FALSE,4,FALSE,4,FALSE,4,FALSE,4,FALSE,4
"1585","DAL",22,28,305,5,0,1,1,47,260,32,171,2,89,28,22,305,5,132,0,0,32,61,29,32,"DAL","PHI",0,0,0,0,0,1,234,4,6,2,117,54,1,234,91,0,"DAL","PHI",51,26,"False","outdoors","grass ",31,43,8,-4,"DAL",43,"2022-01-08",FALSE,25,FALSE,25,FALSE,25,FALSE,25,FALSE,25,FALSE,25
"1586","PHI",20,34,188,2,1,3,22,38,160,33,149,1,47,34,20,188,2,106,0,3,30,70,40,30,"PHI","DAL",0,0,0,0,0,0,208,7,13,6,125,24,0,207,108,5,"DAL","PHI",51,26,"False","outdoors","grass ",31,43,8,-4,"DAL",43,"2022-01-08",TRUE,-25,TRUE,-25,TRUE,-25,TRUE,-25,TRUE,-25,TRUE,-25
"1587","ATL",20,33,216,1,1,3,21,33,77,12,62,1,34,31,20,216,1,101,2,1,11,48,37,11,"ATL","NOR",0,0,0,0,0,1,341,6,8,5,38,24,2,325,63,1,"NOR","ATL",30,20,"False","retractable roof (closed)","fieldturf",72,45,0,-3,"NOR",40,"2022-01-09",TRUE,-10,TRUE,-10,TRUE,-10,TRUE,-10,TRUE,-10,TRUE,-10
"1588","NOR",16,24,178,3,0,1,4,47,264,46,195,0,48,23,16,178,3,119,0,2,44,71,27,44,"NOR","ATL",0,0,0,0,1,0,193,4,8,2,112,83,4,183,102,0,"NOR","ATL",30,20,"False","retractable roof (closed)","fieldturf",72,45,0,-3,"NOR",40,"2022-01-09",FALSE,10,FALSE,10,FALSE,10,FALSE,10,FALSE,10,FALSE,10
"1589","NYJ",7,20,87,1,0,9,82,40,66,17,48,0,34,19,7,87,1,73,0,2,15,46,31,15,"NYJ","BUF",0,0,0,0,0,0,136,5,11,6,33,15,1,124,33,4,"NYJ","BUF",10,27,"False","outdoors","a_turf",36,67,19,-16,"BUF",40,"2022-01-09",TRUE,-17,TRUE,-17,TRUE,-17,TRUE,-17,TRUE,-17,TRUE,-17
"1590","BUF",25,46,254,2,0,0,0,43,202,33,170,1,86,45,25,254,2,131,0,5,28,79,51,28,"BUF","NYJ",0,0,0,0,0,0,419,12,16,6,122,48,0,419,121,5,"NYJ","BUF",10,27,"False","outdoors","a_turf",36,67,19,-16,"BUF",40,"2022-01-09",FALSE,17,FALSE,17,FALSE,17,FALSE,17,FALSE,17,FALSE,17
"1591","CIN",15,29,136,1,0,4,33,26,76,18,79,0,28,29,15,136,1,99,0,0,18,51,33,18,"CIN","CLE",0,0,0,0,0,0,159,9,6,1,51,28,8,159,109,1,"CIN","CLE",16,21,"False","outdoors","grass ",38,89,22,-5,"CLE",37,"2022-01-09",FALSE,-5,FALSE,-5,FALSE,-5,FALSE,-5,FALSE,-5,FALSE,-5
"1592","CLE",17,24,176,2,1,1,5,26,102,41,205,1,67,24,17,176,2,98,1,2,39,66,27,39,"CLE","CIN",0,0,0,0,1,0,109,4,4,0,142,63,4,109,112,1,"CIN","CLE",16,21,"False","outdoors","grass ",38,89,22,-5,"CLE",37,"2022-01-09",FALSE,5,FALSE,5,FALSE,5,FALSE,5,FALSE,5,FALSE,5
"1593","SEA",15,26,238,3,1,1,9,43,110,30,202,2,73,26,15,238,3,154,1,1,29,57,28,29,"SEA","ARI",0,0,0,0,1,0,318,8,12,2,89,113,1,317,80,1,"SEA","ARI",38,30,"False","retractable roof (open)","grass ",72,45,0,-5,"ARI",48,"2022-01-09",FALSE,8,FALSE,8,FALSE,8,FALSE,8,FALSE,8,FALSE,8
"1594","ARI",28,39,240,1,0,5,53,35,96,28,118,1,40,39,28,240,1,108,1,4,24,72,48,24,"ARI","SEA",0,0,0,0,0,0,265,5,5,6,78,40,0,264,141,2,"SEA","ARI",38,30,"False","retractable roof (open)","grass ",72,45,0,-5,"ARI",48,"2022-01-09",FALSE,-8,FALSE,-8,FALSE,-8,FALSE,-8,FALSE,-8,FALSE,-8
"1595","GNB",24,35,272,3,2,4,16,91,199,27,122,1,27,35,24,272,3,175,1,1,26,66,40,26,"GNB","DET",1,0,0,0,0,0,216,5,14,4,73,49,2,216,173,2,"GNB","DET",30,37,"False","dome","fieldturf ",72,45,0,-3,"GNB",44,"2022-01-09",FALSE,-7,FALSE,-7,FALSE,-7,FALSE,-7,FALSE,-7,FALSE,-7
"1596","DET",22,32,313,3,0,1,8,111,313,26,99,1,53,29,22,313,3,176,0,0,26,59,33,26,"DET","GNB",0,0,0,0,0,2,248,7,6,4,66,33,0,221,174,0,"GNB","DET",30,37,"False","dome","fieldturf ",72,45,0,-3,"GNB",44,"2022-01-09",FALSE,7,FALSE,7,FALSE,7,FALSE,7,FALSE,7,FALSE,7
"1597","TEN",23,32,287,4,0,1,6,36,138,32,124,0,31,32,23,287,4,130,0,0,32,65,33,32,"TEN","HOU",0,0,0,0,0,0,327,5,10,4,68,56,2,326,106,0,"TEN","HOU",28,25,"False","retractable roof (closed)","astroturf",72,45,0,-10,"TEN",42,"2022-01-09",FALSE,3,FALSE,3,FALSE,3,FALSE,3,FALSE,3,FALSE,3
"1598","HOU",23,33,301,3,0,2,12,37,128,21,64,0,32,32,23,301,3,154,0,3,18,56,38,18,"HOU","TEN",2,0,0,1,0,1,373,7,9,4,31,33,1,369,104,1,"TEN","HOU",28,25,"False","retractable roof (closed)","astroturf",72,45,0,-10,"TEN",42,"2022-01-09",FALSE,-3,FALSE,-3,FALSE,-3,FALSE,-3,FALSE,-3,FALSE,-3
"1599","IND",17,29,185,1,1,6,46,33,74,18,94,0,33,29,17,185,1,111,1,3,15,53,38,15,"IND","JAX",1,0,0,0,0,0,308,6,5,1,42,52,1,308,71,1,"IND","JAX",11,26,"False","outdoors","grass ",76,60,19,-15,"IND",43,"2022-01-09",TRUE,-15,TRUE,-15,TRUE,-15,TRUE,-15,TRUE,-15,TRUE,-15
"1600","JAX",23,32,223,2,0,1,6,29,111,31,101,0,48,32,23,223,2,88,0,3,28,64,36,28,"JAX","IND",0,0,0,0,0,0,185,3,10,2,42,59,0,185,93,5,"IND","JAX",11,26,"False","outdoors","grass ",76,60,19,-15,"IND",43,"2022-01-09",FALSE,15,FALSE,15,FALSE,15,FALSE,15,FALSE,15,FALSE,15
"1601","MIA",15,22,109,1,0,1,6,17,94,43,195,1,57,21,15,109,1,60,0,3,40,66,26,40,"MIA","NWE",0,0,0,0,1,0,104,3,3,2,81,114,4,99,67,1,"NWE","MIA",24,33,"False","outdoors","grass ",75,79,8,-6,"NWE",40,"2022-01-09",FALSE,9,FALSE,9,FALSE,9,FALSE,9,FALSE,9,FALSE,9
"1602","NWE",20,30,261,1,1,2,16,39,91,27,134,2,53,30,20,261,1,147,2,1,26,59,33,26,"NWE","MIA",0,0,0,0,0,0,243,5,12,4,36,98,2,243,105,0,"NWE","MIA",24,33,"False","outdoors","grass ",75,79,8,-6,"NWE",40,"2022-01-09",FALSE,-9,FALSE,-9,FALSE,-9,FALSE,-9,FALSE,-9,FALSE,-9
"1603","CHI",33,48,325,1,2,7,59,23,77,25,90,0,22,46,33,325,1,127,0,1,24,80,56,24,"CHI","MIN",2,0,0,1,0,1,314,7,19,6,48,42,0,295,175,1,"CHI","MIN",17,31,"False","dome","sportturf",72,45,0,-4,"MIN",44,"2022-01-09",TRUE,-14,TRUE,-14,TRUE,-14,TRUE,-14,TRUE,-14,TRUE,-14
"1604","MIN",14,22,250,3,0,3,23,45,142,22,104,0,45,21,14,250,3,132,0,0,22,47,25,22,"MIN","CHI",0,0,0,0,0,2,295,2,9,0,76,28,0,279,43,2,"CHI","MIN",17,31,"False","dome","sportturf",72,45,0,-4,"MIN",44,"2022-01-09",FALSE,14,FALSE,14,FALSE,14,FALSE,14,FALSE,14,FALSE,14
"1605","NYG",15,31,103,1,2,3,20,22,40,25,94,0,36,30,15,103,1,61,1,3,22,59,37,22,"NYG","WAS",0,0,0,0,0,0,215,9,15,0,36,58,0,202,63,1,"WAS","NYG",22,7,"False","outdoors","fieldturf ",38,64,0,-7,"WAS",37,"2022-01-09",TRUE,-15,TRUE,-15,TRUE,-15,TRUE,-15,TRUE,-15,TRUE,-15
"1606","WAS",9,18,120,0,0,3,21,40,71,37,226,1,71,17,9,120,0,61,0,1,36,58,22,36,"WAS","NYG",0,0,0,0,1,0,144,6,4,2,100,126,1,143,59,0,"WAS","NYG",22,7,"False","outdoors","fieldturf ",38,64,0,-7,"WAS",37,"2022-01-09",FALSE,15,FALSE,15,FALSE,15,FALSE,15,FALSE,15,FALSE,15
"1607","LAC",34,64,383,3,1,3,28,47,80,21,85,1,27,64,34,383,3,157,0,1,20,88,68,20,"LAC","LVR",2,0,0,1,0,1,629,13,5,1,29,56,1,628,125,4,"LAC","LVR",32,35,"True","dome","grass",72,45,0,-3,"LAC",49,"2022-01-09",FALSE,-3,FALSE,-3,FALSE,-3,FALSE,-3,FALSE,-3,FALSE,-3
"1608","LVR",21,37,190,2,0,3,18,48,171,34,174,1,61,33,21,190,2,131,0,0,34,74,40,34,"LVR","LAC",0,0,0,0,1,0,276,8,10,0,71,103,3,239,106,1,"LAC","LVR",32,35,"True","dome","grass",72,45,0,-3,"LAC",49,"2022-01-09",FALSE,3,FALSE,3,FALSE,3,FALSE,3,FALSE,3,FALSE,3
"1609","LAR",21,32,238,3,2,5,37,46,93,27,64,0,34,32,21,238,3,110,0,0,27,64,37,27,"LAR","SFO",0,0,0,0,0,1,278,9,6,3,27,37,0,277,68,0,"SFO","LAR",27,24,"True","dome","matrixturf",72,45,0,-3,"LAR",44,"2022-01-09",FALSE,-3,FALSE,-3,FALSE,-3,FALSE,-3,FALSE,-3,FALSE,-3
"1610","SFO",24,33,340,2,2,3,26,67,245,31,135,1,34,32,24,340,2,140,0,0,31,67,36,31,"SFO","LAR",0,0,0,1,0,1,306,4,11,1,50,85,3,305,162,1,"SFO","LAR",27,24,"True","dome","matrixturf",72,45,0,-3,"LAR",44,"2022-01-09",FALSE,3,FALSE,3,FALSE,3,FALSE,3,FALSE,3,FALSE,3
"1611","PIT",30,44,244,1,1,1,9,25,80,30,79,0,40,44,30,244,1,96,0,0,30,75,45,30,"PIT","BAL",0,0,0,0,0,0,283,9,15,1,44,35,1,283,125,2,"PIT","BAL",16,13,"True","outdoors","grass",36,100,0,-3,"BAL",41,"2022-01-09",FALSE,3,FALSE,3,FALSE,3,FALSE,3,FALSE,3,FALSE,3
"1612","BAL",16,32,141,0,2,3,9,28,76,36,249,1,95,32,16,141,0,64,1,8,28,71,43,28,"BAL","PIT",0,0,0,0,1,0,279,7,8,3,170,79,5,279,68,1,"PIT","BAL",16,13,"True","outdoors","grass",36,100,0,-3,"BAL",41,"2022-01-09",FALSE,-3,FALSE,-3,FALSE,-3,FALSE,-3,FALSE,-3,FALSE,-3
"1613","TAM",29,39,326,3,0,1,2,42,170,20,85,2,49,38,29,326,3,134,0,0,20,60,40,20,"TAM","CAR",0,0,0,1,0,1,310,8,11,3,68,17,0,284,147,1,"CAR","TAM",17,41,"False","outdoors","grass ",80,99,4,-9,"TAM",41,"2022-01-09",FALSE,24,FALSE,24,FALSE,24,FALSE,24,FALSE,24,FALSE,24
"1614","CAR",29,43,219,2,1,2,12,20,126,26,110,0,52,42,29,219,2,77,1,5,21,71,50,21,"CAR","TAM",0,0,0,0,0,0,283,5,17,7,57,53,2,283,151,2,"CAR","TAM",17,41,"False","outdoors","grass ",80,99,4,-9,"TAM",41,"2022-01-09",TRUE,-24,TRUE,-24,TRUE,-24,TRUE,-24,TRUE,-24,TRUE,-24
"1615","NWE",24,38,232,2,2,3,16,43,75,20,89,0,52,35,24,232,2,144,0,2,18,61,43,18,"NWE","BUF",0,0,0,0,0,0,243,3,7,4,71,18,0,239,101,5,"NWE","BUF",17,47,"False","outdoors","a_turf",7,66,8,-4,"BUF",44,"2022-01-15",TRUE,-30,TRUE,-30,TRUE,-30,TRUE,-30,TRUE,-30,TRUE,-30
"1616","BUF",21,25,308,5,0,0,0,45,157,29,174,2,57,25,21,308,5,191,0,3,26,54,28,26,"BUF","NWE",0,0,0,1,0,0,230,2,7,1,134,40,2,230,90,1,"NWE","BUF",17,47,"False","outdoors","a_turf",7,66,8,-4,"BUF",44,"2022-01-15",FALSE,30,FALSE,30,FALSE,30,FALSE,30,FALSE,30,FALSE,30
"1617","CIN",24,34,244,2,0,2,19,29,110,25,83,0,38,32,24,244,2,98,0,0,25,61,36,25,"CIN","LVR",0,0,0,0,0,1,291,4,1,5,58,25,0,278,90,2,"LVR","CIN",19,26,"False","outdoors","fieldturf ",31,63,12,-5,"CIN",49,"2022-01-15",FALSE,7,FALSE,7,FALSE,7,FALSE,7,FALSE,7,FALSE,7
"1618","LVR",29,54,310,1,1,3,28,26,69,14,103,0,55,49,29,310,1,120,1,1,13,71,58,13,"LVR","CIN",0,0,0,1,0,0,411,9,9,7,56,47,0,392,123,2,"LVR","CIN",19,26,"False","outdoors","fieldturf ",31,63,12,-5,"CIN",49,"2022-01-15",FALSE,-7,FALSE,-7,FALSE,-7,FALSE,-7,FALSE,-7,FALSE,-7
"1619","SFO",16,25,172,0,1,0,0,37,67,38,169,2,43,25,16,172,0,103,0,1,37,63,26,37,"SFO","DAL",0,0,0,0,0,0,154,5,13,2,76,93,2,154,89,1,"SFO","DAL",23,17,"False","retractable roof (closed)","matrixturf",72,45,0,-3,"DAL",51,"2022-01-16",FALSE,6,FALSE,6,FALSE,6,FALSE,6,FALSE,6,FALSE,6
"1620","DAL",24,44,270,1,1,5,40,54,188,21,77,1,39,42,24,270,1,124,0,4,17,70,53,17,"DAL","SFO",0,0,0,0,0,0,380,14,10,3,50,27,1,370,95,2,"SFO","DAL",23,17,"False","retractable roof (closed)","matrixturf",72,45,0,-3,"DAL",51,"2022-01-16",FALSE,-6,FALSE,-6,FALSE,-6,FALSE,-6,FALSE,-6,FALSE,-6
"1621","PIT",29,44,215,2,0,2,14,22,92,20,56,0,21,44,29,215,2,101,1,0,20,66,46,20,"PIT","KAN",0,0,0,0,0,0,320,10,15,0,14,42,0,320,108,3,"PIT","KAN",21,42,"False","outdoors","grass ",30,78,8,-12,"KAN",46,"2022-01-16",TRUE,-21,TRUE,-21,TRUE,-21,TRUE,-21,TRUE,-21,TRUE,-21
"1622","KAN",31,40,406,6,1,3,34,50,256,22,106,0,56,38,31,406,6,191,1,3,19,65,46,19,"KAN","PIT",0,0,0,1,0,1,196,4,14,1,64,42,0,192,277,0,"PIT","KAN",21,42,"False","outdoors","grass ",30,78,8,-12,"KAN",46,"2022-01-16",FALSE,21,FALSE,21,FALSE,21,FALSE,21,FALSE,21,FALSE,21
"1623","PHI",23,43,258,1,2,2,14,35,60,17,95,1,65,43,23,258,1,130,1,1,16,62,46,16,"PHI","TAM",2,0,0,0,0,0,469,13,21,4,74,21,1,465,172,1,"PHI","TAM",15,31,"False","outdoors","grass ",66,52,21,-8,"TAM",45,"2022-01-16",TRUE,-16,TRUE,-16,TRUE,-16,TRUE,-16,TRUE,-16,TRUE,-16
"1624","TAM",29,37,271,2,0,4,28,36,115,31,106,2,34,36,29,271,2,125,0,0,31,72,41,31,"TAM","PHI",0,0,0,0,0,1,167,2,6,1,46,60,1,172,147,3,"PHI","TAM",15,31,"False","outdoors","grass ",66,52,21,-8,"TAM",45,"2022-01-16",FALSE,16,FALSE,16,FALSE,16,FALSE,16,FALSE,16,FALSE,16
"1625","ARI",19,34,137,0,2,2,15,23,40,18,61,1,33,34,19,137,0,66,0,1,17,54,37,17,"ARI","LAR",2,0,0,0,0,0,279,10,11,7,22,39,0,279,94,1,"ARI","LAR",11,34,"False","dome","matrixturf",72,45,0,-3,"LAR",49,"2022-01-17",TRUE,-23,TRUE,-23,TRUE,-23,TRUE,-23,TRUE,-23,TRUE,-23
"1626","LAR",14,18,242,2,0,1,7,81,273,38,140,1,68,18,14,242,2,163,0,3,35,57,22,35,"LAR","ARI",0,0,0,0,0,0,204,1,10,0,85,55,1,204,106,3,"ARI","LAR",11,34,"False","dome","matrixturf",72,45,0,-3,"LAR",49,"2022-01-17",FALSE,23,FALSE,23,FALSE,23,FALSE,23,FALSE,23,FALSE,23
"1627","GNB",20,29,225,0,0,5,29,75,91,20,67,1,21,27,20,225,0,106,1,0,20,54,34,20,"GNB","SFO",0,0,0,0,0,1,220,3,3,3,35,32,0,211,128,2,"SFO","GNB",13,10,"False","outdoors","grass ",15,53,12,-5,"GNB",47,"2022-01-22",FALSE,-3,FALSE,-3,FALSE,-3,FALSE,-3,FALSE,-3,FALSE,-3
"1628","SFO",11,19,131,0,1,4,25,24,57,29,106,0,30,18,11,131,0,64,0,0,29,52,23,29,"SFO","GNB",0,0,0,0,0,0,109,1,6,2,73,33,1,115,86,2,"SFO","GNB",13,10,"False","outdoors","grass ",15,53,12,-5,"GNB",47,"2022-01-22",FALSE,3,FALSE,3,FALSE,3,FALSE,3,FALSE,3,FALSE,3
"1629","CIN",28,37,348,0,1,9,68,57,93,18,65,1,29,35,28,348,0,146,0,1,17,64,47,17,"CIN","TEN",0,0,0,1,0,1,161,3,10,2,49,16,2,145,234,1,"CIN","TEN",19,16,"False","outdoors","grass ",35,43,0,-4,"TEN",47,"2022-01-22",FALSE,3,FALSE,3,FALSE,3,FALSE,3,FALSE,3,FALSE,3
"1630","TEN",15,24,220,1,3,1,7,41,66,27,140,1,62,24,15,220,1,65,0,2,25,52,27,25,"TEN","CIN",0,0,0,0,0,1,261,4,8,1,53,87,3,261,47,2,"CIN","TEN",19,16,"False","outdoors","grass ",35,43,0,-4,"TEN",47,"2022-01-22",FALSE,-3,FALSE,-3,FALSE,-3,FALSE,-3,FALSE,-3,FALSE,-3
"1631","BUF",27,37,329,4,0,2,16,75,136,24,109,1,32,37,27,329,4,153,0,2,22,63,41,22,"BUF","KAN",2,0,0,1,0,1,298,6,9,2,43,66,0,298,135,1,"BUF","KAN",36,42,"True","outdoors","grass ",35,54,6,-2,"KAN",54,"2022-01-23",FALSE,-6,FALSE,-6,FALSE,-6,FALSE,-6,FALSE,-6,FALSE,-6
"1632","KAN",33,44,378,3,0,2,8,64,123,27,182,2,84,42,33,378,3,164,0,7,20,73,53,20,"KAN","BUF",0,0,0,1,0,1,226,6,5,0,123,59,1,216,227,3,"BUF","KAN",36,42,"True","outdoors","grass ",35,54,6,-2,"KAN",54,"2022-01-23",FALSE,6,FALSE,6,FALSE,6,FALSE,6,FALSE,6,FALSE,6
"1633","TAM",30,54,329,1,1,3,21,55,72,14,51,2,11,53,30,329,1,160,1,0,14,71,57,14,"TAM","LAR",0,0,0,1,0,1,429,11,16,2,33,18,1,419,170,4,"LAR","TAM",30,27,"False","outdoors","grass ",50,69,11,-3,"TAM",48,"2022-01-23",FALSE,-3,FALSE,-3,FALSE,-3,FALSE,-3,FALSE,-3,FALSE,-3
"1634","LAR",28,38,366,2,0,2,11,70,121,30,73,1,31,36,28,366,2,157,3,1,29,70,41,29,"LAR","TAM",0,0,0,1,0,1,297,5,14,2,42,31,1,283,149,1,"LAR","TAM",30,27,"False","outdoors","grass ",50,69,11,-3,"TAM",48,"2022-01-23",FALSE,3,FALSE,3,FALSE,3,FALSE,3,FALSE,3,FALSE,3
"1635","CIN",23,38,250,2,1,1,7,44,86,27,116,0,37,36,23,250,2,138,0,3,24,66,42,24,"CIN","KAN",1,0,0,0,0,1,213,6,11,6,64,52,4,224,158,1,"CIN","KAN",27,24,"True","outdoors","grass ",41,41,4,-7,"KAN",55,"2022-01-30",FALSE,3,FALSE,3,FALSE,3,FALSE,3,FALSE,3,FALSE,3
"1636","KAN",26,39,275,3,2,4,39,44,91,24,139,0,49,37,26,275,3,124,0,3,21,67,46,21,"KAN","CIN",0,0,0,0,0,0,274,5,4,6,92,47,1,252,121,3,"CIN","KAN",27,24,"True","outdoors","grass ",41,41,4,-7,"KAN",55,"2022-01-30",FALSE,-3,FALSE,-3,FALSE,-3,FALSE,-3,FALSE,-3,FALSE,-3
"1637","SFO",16,30,232,2,1,0,0,44,87,20,50,0,22,29,16,232,2,129,0,1,19,50,31,19,"SFO","LAR",0,0,0,0,0,0,163,3,13,4,19,31,1,162,143,2,"SFO","LAR",17,20,"False","dome","matrixturf",72,45,0,-3,"LAR",46,"2022-01-30",FALSE,-3,FALSE,-3,FALSE,-3,FALSE,-3,FALSE,-3,FALSE,-3
"1638","LAR",31,45,337,2,1,2,11,29,96,29,70,0,34,42,31,337,2,91,0,1,28,76,48,28,"LAR","SFO",0,0,0,1,0,2,396,7,6,2,29,41,0,400,152,2,"SFO","LAR",17,20,"False","dome","matrixturf",72,45,0,-3,"LAR",46,"2022-01-30",FALSE,3,FALSE,3,FALSE,3,FALSE,3,FALSE,3,FALSE,3
"1639","CIN",23,34,269,2,0,7,43,81,232,20,79,0,22,33,23,269,2,167,0,1,19,61,42,19,"CIN","LAR",0,0,0,0,0,1,220,4,10,6,34,45,2,210,144,2,"LAR","CIN",23,20,"False","dome","matrixturf",72,45,0,-4,"LAR",48,"2022-02-13",FALSE,-3,FALSE,-3,FALSE,-3,FALSE,-3,FALSE,-3,FALSE,-3
"1640","LAR",26,41,283,3,2,2,13,35,129,23,43,0,30,40,26,283,3,125,0,1,22,66,44,22,"LAR","CIN",0,0,0,0,0,0,336,9,9,2,16,27,1,335,150,2,"LAR","CIN",23,20,"False","dome","matrixturf",72,45,0,-4,"LAR",48,"2022-02-13",FALSE,3,FALSE,3,FALSE,3,FALSE,3,FALSE,3,FALSE,3
